zone_id,crop_age_days,growth_stage,soil_moisture,soil_temp,air_temp,humidity,rainfall_mm,nutrient_index,stress_type,stress_label,yield_kg_per_ha
4,86,Pod Development,75.97,18.0,22.76,81.75,48.35,0.542,NORMAL,Normal,2210.1
1,56,Flowering & Pegging,17.59,34.4,33.28,41.69,0.0,0.829,MOISTURE_STRESS,High Stress,700.0
1,23,Vegetative,87.06,18.0,25.0,87.03,31.79,0.637,WATERLOGGING_STRESS,Moderate Stress,1693.0
4,77,Pod Development,45.97,22.9,27.38,68.43,0.0,0.876,NORMAL,Normal,3217.5
5,96,Maturation,30.86,29.57,32.79,56.29,0.0,0.69,MOISTURE_STRESS,Moderate Stress,1360.1
3,22,Vegetative,51.63,25.84,30.5,74.48,0.0,0.713,NORMAL,Normal,2902.6
6,58,Flowering & Pegging,53.83,25.8,30.38,72.86,0.0,0.809,NORMAL,Normal,3153.4
1,104,Maturation,22.15,36.73,38.44,36.46,0.0,0.411,COMBINED_STRESS,High Stress,700.0
2,76,Pod Development,24.1,35.24,37.17,41.51,0.0,0.586,COMBINED_STRESS,High Stress,700.0
1,91,Maturation,20.76,31.2,33.09,37.16,0.0,0.615,MOISTURE_STRESS,High Stress,906.5
1,26,Vegetative,52.07,28.91,33.48,67.5,0.0,0.646,HEAT_STRESS,Moderate Stress,2099.3
6,82,Pod Development,54.44,22.51,26.2,66.62,0.0,0.725,NORMAL,Normal,2957.9
1,84,Pod Development,52.86,25.51,28.6,71.67,0.0,0.815,NORMAL,Normal,3106.1
1,71,Pod Development,25.13,33.35,34.65,38.29,0.0,0.775,MOISTURE_STRESS,High Stress,700.0
4,46,Flowering & Pegging,28.46,31.4,31.59,50.79,0.0,0.593,MOISTURE_STRESS,Moderate Stress,700.0
6,75,Pod Development,19.88,32.38,31.68,49.68,0.0,0.605,MOISTURE_STRESS,High Stress,700.0
1,73,Pod Development,30.84,30.03,31.19,42.07,0.0,0.656,MOISTURE_STRESS,Moderate Stress,702.4
5,18,Vegetative,25.2,33.28,33.07,43.85,0.0,0.668,MOISTURE_STRESS,High Stress,853.9
3,39,Flowering & Pegging,58.47,25.67,30.06,63.93,12.0,0.688,NORMAL,Normal,2847.4
1,62,Flowering & Pegging,14.14,35.39,34.91,36.23,0.0,0.589,MOISTURE_STRESS,High Stress,700.0
6,72,Pod Development,54.03,27.7,33.87,57.4,0.0,0.809,HEAT_STRESS,Moderate Stress,1980.1
5,20,Vegetative,22.5,32.29,33.24,42.69,0.0,0.894,MOISTURE_STRESS,High Stress,877.9
4,104,Maturation,14.04,38.74,38.39,42.86,0.0,0.61,COMBINED_STRESS,High Stress,700.0
5,77,Pod Development,19.21,37.94,39.11,42.75,0.0,0.66,COMBINED_STRESS,High Stress,700.0
6,90,Pod Development,32.7,34.86,37.43,46.86,0.0,0.59,HEAT_STRESS,High Stress,700.0
2,46,Flowering & Pegging,51.26,28.89,33.55,70.05,0.0,0.833,HEAT_STRESS,Moderate Stress,1960.1
2,43,Flowering & Pegging,51.29,23.98,28.41,65.8,0.0,0.797,NORMAL,Normal,3099.2
4,50,Flowering & Pegging,17.41,35.32,33.58,48.19,0.0,0.501,MOISTURE_STRESS,High Stress,700.0
1,44,Flowering & Pegging,53.23,24.3,28.29,73.33,4.0,0.835,NORMAL,Normal,3148.5
5,26,Vegetative,54.35,26.34,31.0,59.03,4.0,0.83,NORMAL,Normal,2610.1
5,107,Maturation,22.87,35.21,36.71,33.88,0.0,0.582,COMBINED_STRESS,High Stress,842.1
5,22,Vegetative,52.8,26.82,29.67,55.24,4.0,0.667,NORMAL,Normal,2819.5
4,34,Vegetative,25.5,31.38,32.33,49.21,0.0,0.729,MOISTURE_STRESS,High Stress,975.9
6,59,Flowering & Pegging,58.19,23.72,27.54,69.82,6.0,0.804,NORMAL,Normal,3173.8
6,101,Maturation,21.29,29.94,30.27,56.28,0.0,0.596,MOISTURE_STRESS,High Stress,1139.4
1,41,Flowering & Pegging,53.16,25.8,29.45,82.21,0.0,0.826,NORMAL,Normal,3097.1
2,19,Vegetative,26.89,32.51,33.28,40.58,0.0,0.57,MOISTURE_STRESS,Moderate Stress,763.4
1,69,Pod Development,60.81,21.58,25.78,68.66,22.0,0.804,NORMAL,Normal,3013.7
3,18,Vegetative,51.01,25.66,27.4,72.75,0.0,0.69,NORMAL,Normal,2878.8
4,19,Vegetative,58.79,26.45,30.27,59.28,0.0,0.886,NORMAL,Normal,3269.3
3,66,Pod Development,54.54,21.35,23.7,81.06,12.0,0.798,NORMAL,Normal,3048.7
1,102,Maturation,50.35,27.1,28.71,60.99,0.0,0.81,NORMAL,Normal,3022.0
3,22,Vegetative,53.29,25.72,29.46,63.23,0.0,0.783,NORMAL,Normal,3005.5
2,75,Pod Development,51.66,23.51,27.83,63.43,0.0,0.843,NORMAL,Normal,3119.2
1,70,Pod Development,24.13,33.93,37.34,33.35,0.0,0.741,COMBINED_STRESS,High Stress,700.0
2,28,Vegetative,25.2,37.13,39.76,38.88,0.0,0.607,COMBINED_STRESS,High Stress,700.0
1,100,Maturation,61.74,20.81,26.64,60.4,2.0,0.903,NORMAL,Normal,3311.1
1,56,Flowering & Pegging,20.38,32.79,33.46,37.0,0.0,0.773,MOISTURE_STRESS,High Stress,700.0
3,108,Maturation,51.9,23.78,28.31,63.56,0.0,0.811,NORMAL,Normal,3052.4
3,80,Pod Development,51.43,25.64,29.64,66.84,0.0,0.884,NORMAL,Normal,3216.2
6,25,Vegetative,30.24,30.55,33.35,36.72,0.0,0.507,MOISTURE_STRESS,Moderate Stress,1002.2
2,77,Pod Development,51.04,27.28,31.23,72.22,0.0,0.582,NORMAL,Normal,2103.3
1,49,Flowering & Pegging,52.6,24.55,29.07,71.39,0.0,0.826,NORMAL,Normal,3127.7
3,40,Flowering & Pegging,31.82,35.45,37.19,38.54,0.0,0.749,HEAT_STRESS,High Stress,700.0
1,80,Pod Development,50.23,27.9,32.69,74.03,0.0,0.788,HEAT_STRESS,Moderate Stress,2210.7
3,52,Flowering & Pegging,58.53,25.68,31.5,69.82,2.0,0.829,NORMAL,Normal,2329.3
5,102,Maturation,51.54,25.86,29.2,87.03,0.0,0.574,NORMAL,Normal,2754.5
4,88,Pod Development,43.96,23.35,24.84,63.04,0.0,0.845,NORMAL,Normal,3214.9
4,82,Pod Development,18.83,34.93,35.53,45.9,0.0,0.662,COMBINED_STRESS,High Stress,700.0
6,54,Flowering & Pegging,34.47,32.98,35.78,33.55,0.0,0.6,HEAT_STRESS,High Stress,700.0
2,16,Vegetative,53.0,21.09,24.14,45.69,6.0,0.855,NORMAL,Normal,3117.5
2,99,Maturation,53.33,26.07,30.41,67.99,0.0,0.781,NORMAL,Normal,2974.9
6,70,Pod Development,22.5,34.17,37.1,29.11,0.0,0.958,COMBINED_STRESS,High Stress,700.0
6,18,Vegetative,50.51,26.33,28.98,62.6,6.0,0.803,NORMAL,Normal,3101.7
5,81,Pod Development,30.64,28.51,31.25,43.13,0.0,0.766,MOISTURE_STRESS,Moderate Stress,759.2
2,21,Vegetative,53.04,24.41,30.14,71.32,0.0,0.806,NORMAL,Normal,3127.9
2,26,Vegetative,21.42,31.91,32.93,49.44,0.0,0.805,MOISTURE_STRESS,High Stress,751.6
1,95,Maturation,17.34,34.54,34.3,43.79,0.0,0.545,MOISTURE_STRESS,High Stress,776.0
5,51,Flowering & Pegging,25.07,37.88,38.73,30.62,0.0,0.446,COMBINED_STRESS,High Stress,700.0
2,40,Flowering & Pegging,52.88,24.93,28.85,71.43,0.0,0.872,NORMAL,Normal,3204.5
3,69,Pod Development,57.42,23.79,27.46,59.55,2.0,0.759,NORMAL,Normal,2972.4
1,15,Vegetative,24.28,32.57,34.38,56.89,0.0,0.524,MOISTURE_STRESS,High Stress,750.5
2,58,Flowering & Pegging,53.54,25.85,30.3,75.92,0.0,0.835,NORMAL,Normal,3120.6
2,29,Vegetative,21.95,34.1,35.02,41.39,0.0,0.692,MOISTURE_STRESS,High Stress,700.0
2,107,Maturation,25.66,31.77,33.61,50.91,0.0,0.633,MOISTURE_STRESS,High Stress,1203.1
4,18,Vegetative,24.2,32.2,32.67,50.73,0.0,0.708,MOISTURE_STRESS,High Stress,921.9
5,71,Pod Development,51.68,22.52,25.76,61.84,0.0,0.825,NORMAL,Normal,3102.8
6,32,Vegetative,52.42,22.01,26.69,53.68,0.0,0.909,NORMAL,Normal,3264.5
4,86,Pod Development,45.85,25.58,28.0,69.76,0.0,0.654,NORMAL,Normal,2781.3
6,68,Pod Development,53.59,21.54,26.76,56.54,2.0,0.878,NORMAL,Normal,3270.5
2,70,Pod Development,23.46,36.17,37.62,41.73,0.0,0.709,COMBINED_STRESS,High Stress,700.0
6,19,Vegetative,65.08,22.88,28.24,65.94,22.0,0.783,NORMAL,Normal,3132.7
5,20,Vegetative,51.68,24.86,29.82,66.9,0.0,0.759,NORMAL,Normal,3019.5
5,72,Pod Development,54.71,24.31,29.35,59.96,0.0,0.888,NORMAL,Normal,3197.8
1,109,Maturation,22.57,35.81,35.98,33.1,0.0,0.792,COMBINED_STRESS,High Stress,1046.5
4,82,Pod Development,21.32,37.89,38.71,28.75,0.0,0.566,COMBINED_STRESS,High Stress,700.0
2,60,Flowering & Pegging,52.11,25.56,28.77,70.98,0.0,0.776,NORMAL,Normal,3042.7
4,41,Flowering & Pegging,16.0,38.46,38.42,27.05,0.0,0.79,COMBINED_STRESS,High Stress,700.0
2,94,Maturation,62.12,21.01,24.36,66.05,0.0,0.701,NORMAL,Normal,2910.2
1,100,Maturation,53.06,18.0,22.54,57.55,4.0,0.825,NORMAL,Normal,2938.5
5,55,Flowering & Pegging,51.33,25.48,29.72,63.63,0.0,0.85,NORMAL,Normal,3146.0
4,47,Flowering & Pegging,46.42,24.29,26.9,73.9,0.0,0.854,NORMAL,Normal,3195.0
1,46,Flowering & Pegging,57.47,24.47,28.66,71.8,12.0,0.881,NORMAL,Normal,3296.9
6,40,Flowering & Pegging,66.91,20.48,26.7,66.62,0.0,0.822,NORMAL,Normal,3080.4
5,67,Pod Development,50.88,21.18,23.54,65.6,0.0,0.951,NORMAL,Normal,3292.2
1,63,Flowering & Pegging,56.51,21.89,26.17,68.0,2.0,0.738,NORMAL,Normal,3043.9
2,50,Flowering & Pegging,29.64,29.22,29.23,40.74,0.0,0.698,MOISTURE_STRESS,Moderate Stress,733.6
6,58,Flowering & Pegging,54.47,21.14,25.7,68.98,0.0,0.594,NORMAL,Normal,2787.0
4,84,Pod Development,26.37,34.03,37.12,32.54,0.0,0.785,HEAT_STRESS,High Stress,700.0
3,28,Vegetative,55.05,20.81,25.91,50.76,0.0,0.781,NORMAL,Normal,3098.4
5,63,Flowering & Pegging,27.44,29.49,30.08,44.28,0.0,0.783,MOISTURE_STRESS,Moderate Stress,700.0
5,43,Flowering & Pegging,61.29,18.76,22.56,62.06,0.0,0.896,NORMAL,Normal,2969.1
6,59,Flowering & Pegging,53.74,23.72,29.12,65.21,0.0,0.82,NORMAL,Normal,3092.2
6,31,Vegetative,27.46,33.53,34.39,43.57,0.0,0.64,MOISTURE_STRESS,Moderate Stress,946.1
1,106,Maturation,52.25,25.53,28.37,60.68,0.0,0.753,NORMAL,Normal,3015.2
4,84,Pod Development,11.93,40.0,40.35,35.72,0.0,0.542,COMBINED_STRESS,High Stress,700.0
5,63,Flowering & Pegging,33.56,33.49,36.0,24.84,0.0,0.684,HEAT_STRESS,High Stress,700.0
5,62,Flowering & Pegging,47.28,26.05,27.44,56.45,0.0,0.818,NORMAL,Normal,3077.1
5,39,Flowering & Pegging,61.01,26.16,29.84,53.85,0.0,0.766,NORMAL,Normal,3016.4
5,49,Flowering & Pegging,56.37,22.65,26.39,61.74,2.0,0.846,NORMAL,Normal,3185.7
5,50,Flowering & Pegging,54.17,23.01,24.52,63.56,4.0,0.768,NORMAL,Normal,3071.8
2,56,Flowering & Pegging,51.14,26.86,29.77,65.76,0.0,0.84,NORMAL,Normal,3094.5
4,69,Pod Development,46.74,27.28,29.06,63.32,4.0,0.805,NORMAL,Normal,2991.3
6,71,Pod Development,22.16,37.17,37.33,32.75,0.0,0.7,COMBINED_STRESS,High Stress,700.0
4,82,Pod Development,43.82,25.4,27.98,68.62,0.0,0.807,NORMAL,Normal,3041.4
5,86,Pod Development,53.47,24.96,28.79,74.12,0.0,0.949,NORMAL,Normal,3278.8
4,83,Pod Development,44.66,24.92,27.93,74.4,0.0,0.706,NORMAL,Normal,2966.5
4,44,Flowering & Pegging,16.74,31.34,31.13,40.72,0.0,0.687,MOISTURE_STRESS,High Stress,700.0
1,90,Pod Development,16.26,37.16,39.68,37.58,0.0,0.49,COMBINED_STRESS,High Stress,700.0
3,29,Vegetative,55.32,25.53,31.58,61.94,0.0,0.884,NORMAL,Normal,2630.5
2,92,Maturation,54.58,24.8,29.24,70.14,4.0,0.778,NORMAL,Normal,2957.0
1,27,Vegetative,54.87,21.75,25.26,55.29,0.0,0.853,NORMAL,Normal,3164.7
5,16,Vegetative,51.74,23.25,27.21,62.5,0.0,0.813,NORMAL,Normal,3052.1
4,18,Vegetative,25.72,35.06,36.62,26.91,0.0,0.71,COMBINED_STRESS,High Stress,749.4
5,41,Flowering & Pegging,29.36,33.92,35.78,39.0,0.0,0.756,HEAT_STRESS,High Stress,700.0
2,19,Vegetative,53.44,21.37,25.88,61.98,0.0,0.778,NORMAL,Normal,2999.6
4,107,Maturation,10.59,36.58,37.32,28.38,0.0,0.684,COMBINED_STRESS,High Stress,700.0
2,74,Pod Development,51.64,24.07,27.97,66.57,0.0,0.72,NORMAL,Normal,2894.3
1,15,Vegetative,26.25,36.15,38.41,33.3,0.0,0.532,HEAT_STRESS,High Stress,700.0
5,110,Maturation,25.36,31.83,33.44,35.25,0.0,0.595,MOISTURE_STRESS,High Stress,1155.2
2,26,Vegetative,55.73,21.24,26.04,57.68,0.0,0.852,NORMAL,Normal,3159.3
3,103,Maturation,25.67,31.46,32.48,38.17,0.0,0.731,MOISTURE_STRESS,High Stress,1269.3
5,35,Vegetative,54.98,19.88,23.92,52.1,0.0,0.917,NORMAL,Normal,3275.4
5,41,Flowering & Pegging,21.86,37.83,37.58,39.0,0.0,0.537,COMBINED_STRESS,High Stress,700.0
1,22,Vegetative,53.9,22.77,24.82,61.92,0.0,0.837,NORMAL,Normal,3143.4
3,55,Flowering & Pegging,52.28,27.08,30.38,56.32,0.0,0.798,NORMAL,Normal,3096.6
6,72,Pod Development,56.99,21.23,23.96,48.48,2.0,0.906,NORMAL,Normal,3212.5
6,94,Maturation,17.61,40.0,43.89,41.8,0.0,0.648,COMBINED_STRESS,High Stress,700.0
5,72,Pod Development,10.0,39.36,39.0,36.72,0.0,0.746,COMBINED_STRESS,High Stress,700.0
3,71,Pod Development,58.01,19.72,24.09,61.03,0.0,0.923,NORMAL,Normal,3324.0
1,83,Pod Development,75.75,18.11,24.41,73.21,46.69,0.632,NORMAL,Normal,2315.4
2,84,Pod Development,54.84,21.73,25.75,64.17,6.0,0.859,NORMAL,Normal,3143.9
4,100,Maturation,48.98,25.38,27.22,62.12,12.0,0.714,NORMAL,Normal,2887.2
4,71,Pod Development,15.16,37.43,38.6,26.65,0.0,0.63,COMBINED_STRESS,High Stress,700.0
5,28,Vegetative,54.9,24.68,30.05,61.17,0.0,0.673,NORMAL,Normal,2828.9
2,85,Pod Development,26.84,38.26,39.99,41.9,0.0,0.376,HEAT_STRESS,High Stress,700.0
5,71,Pod Development,65.51,23.05,29.32,58.3,0.0,0.887,NORMAL,Normal,3276.9
3,78,Pod Development,57.01,24.61,29.05,63.35,0.0,0.899,NORMAL,Normal,3318.9
6,58,Flowering & Pegging,55.85,27.54,33.45,69.54,0.0,0.98,HEAT_STRESS,Moderate Stress,2022.0
4,99,Maturation,44.69,26.43,29.02,63.59,0.0,0.853,NORMAL,Normal,3094.0
5,54,Flowering & Pegging,59.76,27.99,32.84,61.2,0.0,0.802,HEAT_STRESS,Moderate Stress,2035.3
5,27,Vegetative,19.19,36.79,38.78,36.8,0.0,0.59,COMBINED_STRESS,High Stress,700.0
6,97,Maturation,20.59,34.06,34.14,43.88,0.0,0.596,MOISTURE_STRESS,High Stress,876.3
2,61,Flowering & Pegging,53.9,27.92,32.51,71.54,0.0,0.683,HEAT_STRESS,Moderate Stress,1933.0
3,42,Flowering & Pegging,23.81,37.95,38.06,27.96,0.0,0.754,COMBINED_STRESS,High Stress,700.0
4,53,Flowering & Pegging,42.22,23.49,26.51,65.26,2.0,0.764,NORMAL,Normal,2994.5
1,102,Maturation,61.45,28.07,32.24,72.34,22.0,0.724,NORMAL,Normal,2462.7
3,28,Vegetative,54.51,26.53,32.07,58.33,0.0,0.748,NORMAL,Normal,2406.7
4,100,Maturation,47.81,24.87,26.82,61.85,2.0,0.822,NORMAL,Normal,3110.6
1,110,Maturation,51.22,25.63,28.14,72.94,0.0,0.98,NORMAL,Normal,3359.1
5,34,Vegetative,27.86,37.68,40.3,36.55,0.0,0.553,HEAT_STRESS,High Stress,700.0
1,101,Maturation,28.81,30.26,34.04,37.66,0.0,0.701,MOISTURE_STRESS,Moderate Stress,1264.4
5,63,Flowering & Pegging,24.34,37.21,38.44,46.03,0.0,0.788,COMBINED_STRESS,High Stress,700.0
1,63,Flowering & Pegging,61.59,19.05,25.18,61.93,0.0,0.851,NORMAL,Normal,3057.0
5,26,Vegetative,27.14,34.47,34.85,30.16,0.0,0.733,MOISTURE_STRESS,Moderate Stress,937.8
4,33,Vegetative,22.46,33.47,35.11,60.96,0.0,0.766,MOISTURE_STRESS,High Stress,737.3
5,96,Maturation,52.25,26.68,30.11,67.31,0.0,0.755,NORMAL,Normal,2860.2
5,99,Maturation,27.92,34.46,36.48,36.71,0.0,0.814,HEAT_STRESS,High Stress,1232.9
5,67,Pod Development,49.41,26.0,29.85,75.22,0.0,0.706,NORMAL,Normal,2882.4
2,51,Flowering & Pegging,54.12,21.87,25.11,69.45,4.0,0.768,NORMAL,Normal,3071.3
1,83,Pod Development,28.85,36.6,40.53,32.02,0.0,0.894,HEAT_STRESS,High Stress,700.0
5,51,Flowering & Pegging,58.21,22.96,27.19,67.22,12.0,0.798,NORMAL,Normal,2978.6
4,63,Flowering & Pegging,76.63,18.0,22.81,73.94,46.48,0.551,NORMAL,Normal,2217.2
5,82,Pod Development,82.07,20.53,28.08,87.39,23.1,0.489,WATERLOGGING_STRESS,Moderate Stress,1996.7
5,22,Vegetative,19.73,38.71,40.24,38.39,0.0,0.467,COMBINED_STRESS,High Stress,700.0
1,55,Flowering & Pegging,22.25,36.57,38.61,26.24,0.0,0.697,COMBINED_STRESS,High Stress,700.0
3,95,Maturation,25.11,32.16,32.98,49.95,0.0,0.721,MOISTURE_STRESS,High Stress,1252.8
5,75,Pod Development,86.51,21.3,31.81,79.73,56.42,0.559,WATERLOGGING_STRESS,Moderate Stress,1008.1
1,49,Flowering & Pegging,57.13,22.65,26.27,67.88,0.0,0.881,NORMAL,Normal,3257.1
4,77,Pod Development,14.97,37.8,38.73,34.58,0.0,0.63,COMBINED_STRESS,High Stress,700.0
4,110,Maturation,22.8,29.87,30.46,40.28,0.0,0.598,MOISTURE_STRESS,High Stress,1171.7
6,69,Pod Development,55.36,21.17,24.66,66.45,0.0,0.831,NORMAL,Normal,3180.2
6,69,Pod Development,53.82,22.03,24.88,47.67,0.0,0.795,NORMAL,Normal,3093.2
6,18,Vegetative,21.46,33.24,34.06,43.93,0.0,0.677,MOISTURE_STRESS,High Stress,700.0
4,71,Pod Development,21.55,32.4,32.81,40.62,0.0,0.696,MOISTURE_STRESS,High Stress,700.0
3,82,Pod Development,56.68,22.66,25.31,67.28,0.0,0.836,NORMAL,Normal,3055.5
2,99,Maturation,62.07,24.37,30.58,74.85,22.0,0.696,NORMAL,Normal,2889.5
5,42,Flowering & Pegging,26.1,33.86,33.62,45.45,0.0,0.597,MOISTURE_STRESS,Moderate Stress,700.0
6,70,Pod Development,29.06,34.37,36.63,48.87,0.0,0.747,HEAT_STRESS,High Stress,700.0
1,27,Vegetative,51.01,21.21,23.36,67.42,2.0,0.79,NORMAL,Normal,3042.6
4,104,Maturation,47.31,25.51,28.58,60.44,4.0,0.869,NORMAL,Normal,3226.6
2,71,Pod Development,61.01,22.79,26.34,73.49,22.0,0.672,NORMAL,Normal,2762.2
3,43,Flowering & Pegging,16.6,35.33,36.53,34.95,0.0,0.629,COMBINED_STRESS,High Stress,700.0
4,71,Pod Development,15.56,39.55,41.22,40.95,0.0,0.68,COMBINED_STRESS,High Stress,700.0
4,68,Pod Development,45.86,22.93,24.73,74.0,4.0,0.774,NORMAL,Normal,3015.9
5,20,Vegetative,91.07,18.0,21.87,85.81,37.59,0.411,WATERLOGGING_STRESS,Moderate Stress,1109.6
4,55,Flowering & Pegging,18.73,37.57,38.09,35.55,0.0,0.599,COMBINED_STRESS,High Stress,700.0
4,43,Flowering & Pegging,48.31,22.65,26.9,66.3,6.0,0.879,NORMAL,Normal,3146.9
2,100,Maturation,53.86,24.76,27.55,68.63,2.0,0.904,NORMAL,Normal,3239.6
6,107,Maturation,25.26,37.19,37.55,38.97,0.0,0.615,COMBINED_STRESS,High Stress,974.2
3,105,Maturation,62.29,19.88,24.97,74.95,22.0,0.665,NORMAL,Normal,2854.5
5,31,Vegetative,54.02,26.38,29.22,66.78,0.0,0.711,NORMAL,Normal,2954.7
5,61,Flowering & Pegging,22.58,31.35,31.86,49.88,0.0,0.538,MOISTURE_STRESS,High Stress,700.0
6,82,Pod Development,56.06,24.44,29.74,68.43,0.0,0.728,NORMAL,Normal,2934.8
4,83,Pod Development,32.45,33.38,34.96,24.81,0.0,0.766,MOISTURE_STRESS,Moderate Stress,700.0
6,106,Maturation,20.99,36.39,38.18,43.33,0.0,0.52,COMBINED_STRESS,High Stress,700.0
1,61,Flowering & Pegging,33.8,30.36,31.66,50.3,0.0,0.778,MOISTURE_STRESS,Moderate Stress,700.0
3,100,Maturation,14.04,40.0,40.22,38.75,0.0,0.776,COMBINED_STRESS,High Stress,788.6
4,102,Maturation,75.81,18.0,24.36,81.02,39.99,0.563,NORMAL,Normal,2363.9
5,79,Pod Development,58.48,22.18,26.38,54.33,0.0,0.837,NORMAL,Normal,3129.1
5,63,Flowering & Pegging,60.34,21.69,25.35,50.8,0.0,0.788,NORMAL,Normal,3113.9
2,71,Pod Development,59.4,21.63,25.82,62.31,0.0,0.866,NORMAL,Normal,3120.2
1,19,Vegetative,62.25,20.38,25.75,57.54,0.0,0.808,NORMAL,Normal,3065.1
4,98,Maturation,68.68,21.99,28.02,87.33,40.68,0.559,NORMAL,Normal,2377.0
2,88,Pod Development,27.24,30.81,32.3,32.54,0.0,0.784,MOISTURE_STRESS,Moderate Stress,700.0
2,88,Pod Development,51.86,22.42,23.8,62.29,0.0,0.815,NORMAL,Normal,3091.0
5,81,Pod Development,53.03,23.52,27.22,70.75,0.0,0.62,NORMAL,Normal,2746.5
5,36,Flowering & Pegging,59.6,21.59,25.48,64.66,0.0,0.859,NORMAL,Normal,3162.8
2,60,Flowering & Pegging,25.15,34.12,34.33,34.6,0.0,0.663,MOISTURE_STRESS,High Stress,700.0
1,33,Vegetative,32.73,28.86,29.88,54.77,0.0,0.551,MOISTURE_STRESS,Moderate Stress,1434.0
4,77,Pod Development,47.72,21.59,24.38,54.47,0.0,0.908,NORMAL,Normal,3287.6
4,91,Maturation,50.19,23.58,25.78,67.44,0.0,0.805,NORMAL,Normal,3047.2
2,74,Pod Development,52.46,24.14,31.02,67.99,0.0,0.882,NORMAL,Normal,2594.6
5,21,Vegetative,57.1,24.98,31.06,71.42,12.0,0.725,NORMAL,Normal,2450.8
5,88,Pod Development,51.88,24.0,27.39,69.61,0.0,0.824,NORMAL,Normal,3086.7
1,60,Flowering & Pegging,48.52,24.56,27.45,62.24,0.0,0.836,NORMAL,Normal,3105.9
2,90,Pod Development,49.4,25.44,28.27,62.96,0.0,0.872,NORMAL,Normal,3187.2
6,44,Flowering & Pegging,28.14,33.9,37.07,36.98,0.0,0.602,HEAT_STRESS,High Stress,700.0
6,29,Vegetative,63.24,24.99,29.43,78.92,22.0,0.9,NORMAL,Normal,3203.9
5,27,Vegetative,18.82,33.98,34.36,46.68,0.0,0.689,MOISTURE_STRESS,High Stress,700.0
5,81,Pod Development,48.29,25.31,29.93,64.11,0.0,0.847,NORMAL,Normal,3182.3
1,87,Pod Development,21.12,39.99,40.09,35.18,0.0,0.691,COMBINED_STRESS,High Stress,700.0
5,25,Vegetative,22.64,33.08,33.3,40.8,0.0,0.652,MOISTURE_STRESS,High Stress,704.5
5,91,Maturation,18.11,31.75,31.73,51.05,0.0,0.611,MOISTURE_STRESS,High Stress,965.7
2,110,Maturation,52.72,23.98,27.83,65.28,0.0,0.949,NORMAL,Normal,3335.8
5,76,Pod Development,31.02,34.73,37.53,43.98,0.0,0.721,HEAT_STRESS,High Stress,700.0
4,72,Pod Development,29.71,33.31,34.65,42.11,0.0,0.787,MOISTURE_STRESS,Moderate Stress,700.0
6,73,Pod Development,20.83,34.2,34.73,47.57,0.0,0.774,MOISTURE_STRESS,High Stress,700.0
2,76,Pod Development,84.14,18.0,23.75,84.55,47.06,0.482,WATERLOGGING_STRESS,Moderate Stress,1584.1
6,67,Pod Development,58.0,23.79,29.01,71.62,4.0,0.704,NORMAL,Normal,2921.5
5,60,Flowering & Pegging,24.46,35.2,36.29,39.41,0.0,0.615,COMBINED_STRESS,High Stress,700.0
5,105,Maturation,53.31,19.54,23.93,58.2,0.0,0.923,NORMAL,Normal,3303.5
6,38,Flowering & Pegging,55.91,27.85,32.95,73.83,0.0,0.811,HEAT_STRESS,Moderate Stress,2078.5
1,43,Flowering & Pegging,52.94,23.57,27.68,77.7,4.0,0.672,NORMAL,Normal,2869.9
5,19,Vegetative,25.03,38.68,39.49,40.13,0.0,0.842,COMBINED_STRESS,High Stress,700.0
5,101,Maturation,27.89,34.92,38.03,38.52,0.0,0.493,HEAT_STRESS,High Stress,887.7
4,61,Flowering & Pegging,44.24,28.1,31.12,66.67,0.0,0.766,NORMAL,Normal,2340.9
2,91,Maturation,21.26,36.07,36.07,47.35,0.0,0.702,COMBINED_STRESS,High Stress,923.1
6,21,Vegetative,24.9,37.45,39.53,37.6,0.0,0.528,COMBINED_STRESS,High Stress,700.0
5,109,Maturation,54.68,22.92,27.18,62.94,2.0,0.821,NORMAL,Normal,3062.6
4,102,Maturation,45.72,22.66,25.4,56.81,4.0,0.743,NORMAL,Normal,2924.6
5,50,Flowering & Pegging,53.06,20.96,24.46,67.73,0.0,0.735,NORMAL,Normal,3017.8
5,24,Vegetative,26.03,30.78,33.39,33.79,0.0,0.537,MOISTURE_STRESS,Moderate Stress,805.8
1,67,Pod Development,25.79,35.71,36.41,22.56,0.0,0.847,COMBINED_STRESS,High Stress,700.0
1,54,Flowering & Pegging,55.05,24.78,28.27,55.95,0.0,0.847,NORMAL,Normal,3121.3
2,53,Flowering & Pegging,50.49,26.25,31.63,71.73,0.0,0.801,NORMAL,Normal,2290.8
1,73,Pod Development,18.62,38.08,37.96,28.42,0.0,0.55,COMBINED_STRESS,High Stress,700.0
6,24,Vegetative,55.08,23.58,28.93,64.73,0.0,0.762,NORMAL,Normal,2960.5
2,36,Flowering & Pegging,31.99,30.04,31.09,45.47,0.0,0.622,MOISTURE_STRESS,Moderate Stress,700.0
5,72,Pod Development,58.44,24.12,29.05,74.49,12.0,0.814,NORMAL,Normal,3165.0
6,110,Maturation,86.75,19.67,29.35,81.69,69.28,0.478,WATERLOGGING_STRESS,Moderate Stress,1767.7
4,71,Pod Development,45.25,25.89,30.54,67.35,0.0,0.776,NORMAL,Normal,3057.3
6,56,Flowering & Pegging,25.54,37.81,39.68,33.41,0.0,0.596,COMBINED_STRESS,High Stress,700.0
5,68,Pod Development,19.1,36.35,36.71,31.76,0.0,0.449,COMBINED_STRESS,High Stress,700.0
3,33,Vegetative,25.59,36.07,36.98,29.91,0.0,0.849,COMBINED_STRESS,High Stress,818.9
1,74,Pod Development,20.5,37.6,37.93,31.05,0.0,0.453,COMBINED_STRESS,High Stress,700.0
4,30,Vegetative,45.63,21.67,24.41,75.36,0.0,0.848,NORMAL,Normal,3097.9
3,94,Maturation,57.9,23.67,27.37,67.78,2.0,0.792,NORMAL,Normal,3014.8
6,44,Flowering & Pegging,59.14,22.66,27.52,66.81,12.0,0.829,NORMAL,Normal,3125.8
6,60,Flowering & Pegging,34.36,33.26,33.79,49.55,0.0,0.52,MOISTURE_STRESS,Moderate Stress,700.0
2,66,Pod Development,21.17,33.3,33.74,42.8,0.0,0.921,MOISTURE_STRESS,High Stress,700.0
2,86,Pod Development,54.92,22.86,26.81,63.38,2.0,0.846,NORMAL,Normal,3123.2
6,15,Vegetative,55.12,24.31,27.48,58.06,0.0,0.814,NORMAL,Normal,3058.5
1,27,Vegetative,30.5,31.34,32.32,37.01,0.0,0.674,MOISTURE_STRESS,Moderate Stress,1132.9
5,74,Pod Development,49.01,18.71,21.88,70.92,0.0,0.937,NORMAL,Normal,2960.4
6,21,Vegetative,57.47,21.14,27.72,55.93,0.0,0.861,NORMAL,Normal,3220.5
4,75,Pod Development,56.82,24.76,30.39,59.49,6.0,0.829,NORMAL,Normal,3131.9
4,18,Vegetative,47.76,22.45,24.89,56.04,2.0,0.759,NORMAL,Normal,3025.2
1,44,Flowering & Pegging,51.4,24.61,28.27,78.34,0.0,0.91,NORMAL,Normal,3309.9
2,18,Vegetative,50.06,25.09,28.41,76.91,0.0,0.804,NORMAL,Normal,3055.0
3,57,Flowering & Pegging,59.01,25.91,30.48,57.13,0.0,0.885,NORMAL,Normal,3287.0
1,87,Pod Development,18.01,33.76,33.84,47.63,0.0,0.608,MOISTURE_STRESS,High Stress,700.0
1,72,Pod Development,53.11,24.1,29.12,57.01,0.0,0.793,NORMAL,Normal,2999.2
1,68,Pod Development,19.31,33.4,32.23,37.18,0.0,0.611,MOISTURE_STRESS,High Stress,700.0
6,73,Pod Development,21.63,36.5,38.41,50.73,0.0,0.718,COMBINED_STRESS,High Stress,700.0
1,99,Maturation,53.46,22.43,25.58,60.08,0.0,0.849,NORMAL,Normal,3136.5
6,91,Maturation,28.44,33.76,36.67,49.91,0.0,0.619,HEAT_STRESS,High Stress,967.3
2,44,Flowering & Pegging,52.93,25.26,31.12,61.34,0.0,0.675,NORMAL,Normal,2161.1
1,46,Flowering & Pegging,53.6,23.17,26.1,76.88,0.0,0.718,NORMAL,Normal,3011.4
5,109,Maturation,15.95,40.0,40.6,31.17,0.0,0.424,COMBINED_STRESS,High Stress,700.0
1,99,Maturation,54.3,25.23,28.75,61.38,4.0,0.726,NORMAL,Normal,2979.0
2,16,Vegetative,63.18,24.98,29.54,54.91,0.0,0.806,NORMAL,Normal,3104.8
2,94,Maturation,52.12,22.82,26.3,65.88,4.0,0.809,NORMAL,Normal,3060.8
1,34,Vegetative,54.15,28.87,32.76,68.45,0.0,0.775,HEAT_STRESS,Moderate Stress,2332.2
5,38,Flowering & Pegging,27.04,34.29,34.83,24.07,0.0,0.711,MOISTURE_STRESS,Moderate Stress,700.0
6,110,Maturation,58.68,25.11,30.45,65.46,12.0,0.792,NORMAL,Normal,3077.2
6,60,Flowering & Pegging,55.66,25.9,29.3,61.61,0.0,0.803,NORMAL,Normal,3123.6
3,19,Vegetative,53.21,22.21,26.16,56.5,0.0,0.935,NORMAL,Normal,3258.7
3,68,Pod Development,51.77,25.66,28.53,51.97,2.0,0.911,NORMAL,Normal,3208.9
3,83,Pod Development,26.15,36.32,37.28,45.83,0.0,0.774,HEAT_STRESS,High Stress,700.0
5,71,Pod Development,26.35,34.79,36.98,31.42,0.0,0.692,HEAT_STRESS,High Stress,700.0
3,65,Flowering & Pegging,64.68,20.59,27.17,66.72,0.0,0.916,NORMAL,Normal,3299.3
6,106,Maturation,28.07,39.81,40.74,38.88,0.0,0.489,HEAT_STRESS,High Stress,730.9
6,94,Maturation,30.87,35.6,37.34,33.05,0.0,0.534,HEAT_STRESS,High Stress,1010.8
5,42,Flowering & Pegging,53.52,19.42,22.65,73.66,4.0,0.716,NORMAL,Normal,2862.3
1,61,Flowering & Pegging,22.04,31.13,31.41,56.93,0.0,0.456,MOISTURE_STRESS,High Stress,700.0
5,105,Maturation,52.61,23.09,25.5,67.33,0.0,0.751,NORMAL,Normal,2987.5
5,50,Flowering & Pegging,51.75,26.43,31.21,61.56,0.0,0.786,NORMAL,Normal,2303.9
4,53,Flowering & Pegging,19.62,35.6,36.81,41.88,0.0,0.644,COMBINED_STRESS,High Stress,700.0
5,72,Pod Development,52.42,28.36,32.28,61.09,4.0,0.581,NORMAL,Normal,1966.9
4,47,Flowering & Pegging,49.57,19.14,22.93,65.82,0.0,0.834,NORMAL,Normal,3062.6
2,36,Flowering & Pegging,48.49,22.32,25.13,47.48,0.0,0.884,NORMAL,Normal,3185.6
2,46,Flowering & Pegging,53.48,25.13,30.39,68.5,0.0,0.793,NORMAL,Normal,3088.0
3,52,Flowering & Pegging,52.23,18.0,20.09,80.34,0.0,0.764,NORMAL,Normal,2047.3
5,23,Vegetative,86.37,18.0,26.06,82.58,70.24,0.551,WATERLOGGING_STRESS,Moderate Stress,1739.1
2,57,Flowering & Pegging,59.25,19.19,23.34,61.79,0.0,0.933,NORMAL,Normal,3235.9
2,40,Flowering & Pegging,50.33,23.92,26.26,78.42,0.0,0.833,NORMAL,Normal,3046.2
4,69,Pod Development,46.57,29.44,33.51,71.66,4.0,0.752,HEAT_STRESS,Moderate Stress,2033.3
2,106,Maturation,48.35,22.89,26.06,69.83,2.0,0.87,NORMAL,Normal,3126.2
6,101,Maturation,33.59,31.24,33.47,40.65,0.0,0.743,MOISTURE_STRESS,Moderate Stress,1435.0
3,57,Flowering & Pegging,30.09,33.96,36.62,36.23,0.0,0.629,HEAT_STRESS,High Stress,700.0
4,61,Flowering & Pegging,47.69,25.7,28.37,70.6,4.0,0.65,NORMAL,Normal,2846.9
5,101,Maturation,25.15,32.87,33.9,41.84,0.0,0.643,MOISTURE_STRESS,High Stress,1099.1
3,54,Flowering & Pegging,21.48,31.47,32.81,42.34,0.0,0.591,MOISTURE_STRESS,High Stress,700.0
1,103,Maturation,47.87,24.5,28.1,53.85,2.0,0.9,NORMAL,Normal,3205.3
1,20,Vegetative,26.19,35.78,36.78,38.68,0.0,0.641,HEAT_STRESS,High Stress,759.5
4,109,Maturation,33.65,34.83,36.55,44.28,0.0,0.532,HEAT_STRESS,High Stress,1152.3
5,56,Flowering & Pegging,52.94,24.01,26.8,66.44,0.0,0.872,NORMAL,Normal,3115.0
5,92,Maturation,52.79,23.74,26.11,67.3,0.0,0.823,NORMAL,Normal,3140.2
3,96,Maturation,52.05,22.57,26.75,62.79,0.0,0.846,NORMAL,Normal,3190.3
3,63,Flowering & Pegging,56.58,23.61,29.0,69.26,0.0,0.857,NORMAL,Normal,3302.3
5,41,Flowering & Pegging,58.35,19.42,24.26,59.93,6.0,0.826,NORMAL,Normal,3051.8
4,52,Flowering & Pegging,45.69,23.96,26.41,59.83,0.0,0.895,NORMAL,Normal,3285.4
3,21,Vegetative,52.26,28.02,31.4,67.14,4.0,0.925,NORMAL,Normal,2758.5
1,95,Maturation,52.89,23.33,26.13,76.6,4.0,0.768,NORMAL,Normal,2956.5
1,37,Flowering & Pegging,51.76,27.17,31.05,57.92,0.0,0.852,NORMAL,Normal,2478.3
5,102,Maturation,60.69,26.01,31.73,65.79,22.0,0.808,NORMAL,Normal,2598.0
5,28,Vegetative,24.29,32.14,32.1,42.74,0.0,0.525,MOISTURE_STRESS,High Stress,770.2
2,57,Flowering & Pegging,23.46,33.12,33.68,33.57,0.0,0.848,MOISTURE_STRESS,High Stress,700.0
1,87,Pod Development,23.77,33.91,34.86,31.56,0.0,0.728,MOISTURE_STRESS,High Stress,700.0
4,96,Maturation,18.05,33.74,33.89,39.92,0.0,0.758,MOISTURE_STRESS,High Stress,859.4
1,32,Vegetative,24.02,34.52,35.62,54.49,0.0,0.776,COMBINED_STRESS,High Stress,736.6
2,81,Pod Development,16.91,32.88,32.53,51.09,0.0,0.728,MOISTURE_STRESS,High Stress,700.0
1,90,Pod Development,50.92,21.01,22.11,60.49,0.0,0.793,NORMAL,Normal,2777.1
2,31,Vegetative,53.88,25.07,30.77,72.83,4.0,0.684,NORMAL,Normal,2948.4
4,68,Pod Development,20.82,31.17,32.37,40.02,0.0,0.664,MOISTURE_STRESS,High Stress,700.0
6,110,Maturation,27.22,31.83,32.36,43.61,0.0,0.483,MOISTURE_STRESS,Moderate Stress,1093.7
2,37,Flowering & Pegging,57.22,23.16,27.72,76.0,12.0,0.865,NORMAL,Normal,3289.2
6,49,Flowering & Pegging,29.39,33.13,33.66,32.71,0.0,0.798,MOISTURE_STRESS,Moderate Stress,700.0
2,44,Flowering & Pegging,51.15,25.47,27.68,72.35,0.0,0.731,NORMAL,Normal,2983.9
6,95,Maturation,57.57,21.91,26.44,53.63,0.0,0.709,NORMAL,Normal,2961.5
1,57,Flowering & Pegging,23.3,37.46,38.17,30.02,0.0,0.465,COMBINED_STRESS,High Stress,700.0
4,64,Flowering & Pegging,53.28,23.93,27.3,69.78,2.0,0.98,NORMAL,Normal,3400.0
4,34,Vegetative,70.72,18.25,24.36,94.26,66.12,0.565,NORMAL,Normal,2378.3
5,56,Flowering & Pegging,53.35,20.88,23.76,58.15,0.0,0.819,NORMAL,Normal,3008.5
4,75,Pod Development,53.37,23.83,28.27,65.01,0.0,0.84,NORMAL,Normal,3246.4
1,40,Flowering & Pegging,53.49,23.39,26.29,63.51,4.0,0.66,NORMAL,Normal,2819.2
4,92,Maturation,22.0,33.06,33.18,28.36,0.0,0.646,MOISTURE_STRESS,High Stress,1052.2
4,92,Maturation,23.02,38.14,41.56,24.6,0.0,0.581,COMBINED_STRESS,High Stress,720.1
3,41,Flowering & Pegging,52.88,26.24,31.17,61.93,0.0,0.823,NORMAL,Normal,2334.4
2,35,Vegetative,58.1,26.06,29.99,70.86,12.0,0.71,NORMAL,Normal,2913.1
1,76,Pod Development,50.97,23.63,28.26,76.83,0.0,0.824,NORMAL,Normal,3111.4
4,20,Vegetative,45.05,25.63,28.42,53.93,0.0,0.98,NORMAL,Normal,3339.9
5,28,Vegetative,28.41,32.74,33.3,43.4,0.0,0.645,MOISTURE_STRESS,Moderate Stress,1023.8
5,58,Flowering & Pegging,22.67,33.37,34.78,37.33,0.0,0.634,MOISTURE_STRESS,High Stress,700.0
2,71,Pod Development,52.86,18.24,20.98,75.49,0.0,0.768,NORMAL,Normal,2526.1
1,101,Maturation,51.38,22.57,27.51,79.41,0.0,0.763,NORMAL,Normal,2904.5
5,67,Pod Development,54.66,23.76,29.26,60.25,6.0,0.946,NORMAL,Normal,3166.1
3,79,Pod Development,50.48,22.48,26.72,61.45,0.0,0.795,NORMAL,Normal,3052.7
4,42,Flowering & Pegging,46.39,26.46,29.59,59.77,0.0,0.907,NORMAL,Normal,3192.5
6,21,Vegetative,55.29,24.99,29.78,69.51,0.0,0.87,NORMAL,Normal,3157.0
5,105,Maturation,27.81,29.8,33.26,41.21,0.0,0.666,MOISTURE_STRESS,Moderate Stress,1269.6
4,70,Pod Development,27.82,31.84,32.32,30.22,0.0,0.675,MOISTURE_STRESS,Moderate Stress,700.0
3,29,Vegetative,50.82,23.59,27.63,69.63,0.0,0.786,NORMAL,Normal,3088.6
2,77,Pod Development,29.02,35.66,37.36,27.49,0.0,0.614,HEAT_STRESS,High Stress,700.0
4,15,Vegetative,45.0,26.91,28.21,63.76,0.0,0.79,NORMAL,Normal,3008.2
1,101,Maturation,25.85,30.79,30.77,43.2,0.0,0.676,MOISTURE_STRESS,High Stress,1498.4
3,78,Pod Development,16.96,33.62,33.48,40.08,0.0,0.759,MOISTURE_STRESS,High Stress,700.0
6,93,Maturation,27.16,32.53,33.21,46.22,0.0,0.425,MOISTURE_STRESS,Moderate Stress,1150.4
3,21,Vegetative,22.54,31.55,33.41,49.7,0.0,0.678,MOISTURE_STRESS,High Stress,718.5
3,65,Flowering & Pegging,84.6,18.0,23.05,79.75,46.33,0.589,WATERLOGGING_STRESS,Moderate Stress,1599.1
3,47,Flowering & Pegging,55.33,23.29,27.58,58.89,0.0,0.75,NORMAL,Normal,2978.3
1,35,Vegetative,79.34,18.0,24.54,73.36,52.26,0.443,NUTRIENT_DEFICIT,Moderate Stress,2073.2
4,99,Maturation,44.8,25.67,27.17,79.99,0.0,0.761,NORMAL,Normal,3002.6
6,56,Flowering & Pegging,53.65,24.98,29.64,69.08,0.0,0.746,NORMAL,Normal,2941.5
5,71,Pod Development,27.35,33.14,32.85,35.75,0.0,0.711,MOISTURE_STRESS,Moderate Stress,700.0
5,79,Pod Development,53.88,24.32,27.1,60.27,0.0,0.83,NORMAL,Normal,3092.7
6,48,Flowering & Pegging,56.41,23.98,28.66,57.63,0.0,0.91,NORMAL,Normal,3271.4
4,92,Maturation,45.7,21.84,25.12,69.59,4.0,0.654,NORMAL,Normal,2782.7
6,32,Vegetative,55.78,21.18,25.33,69.58,0.0,0.931,NORMAL,Normal,3363.0
6,46,Flowering & Pegging,54.48,19.92,24.36,60.04,6.0,0.922,NORMAL,Normal,3228.4
6,110,Maturation,57.62,20.34,24.34,68.58,0.0,0.846,NORMAL,Normal,3143.2
3,50,Flowering & Pegging,20.14,38.82,39.03,34.54,0.0,0.443,COMBINED_STRESS,High Stress,700.0
3,26,Vegetative,58.63,23.42,29.02,68.43,6.0,0.781,NORMAL,Normal,2944.3
3,104,Maturation,52.39,26.55,31.08,69.72,0.0,0.795,NORMAL,Normal,2655.5
1,94,Maturation,57.29,20.79,25.21,61.86,12.0,0.771,NORMAL,Normal,3040.9
1,107,Maturation,24.25,32.71,35.43,52.06,0.0,0.761,MOISTURE_STRESS,High Stress,1087.5
2,58,Flowering & Pegging,24.23,32.29,32.43,46.85,0.0,0.785,MOISTURE_STRESS,High Stress,700.0
3,41,Flowering & Pegging,56.44,22.38,29.98,67.19,12.0,0.662,NORMAL,Normal,2862.0
6,65,Flowering & Pegging,13.28,37.88,36.82,26.03,0.0,0.706,COMBINED_STRESS,High Stress,700.0
3,42,Flowering & Pegging,29.96,31.73,33.9,41.29,0.0,0.634,MOISTURE_STRESS,Moderate Stress,700.0
2,50,Flowering & Pegging,60.38,20.36,26.08,66.26,22.0,0.783,NORMAL,Normal,3094.7
4,19,Vegetative,46.96,27.9,30.58,69.85,0.0,0.712,NORMAL,Normal,2871.0
6,104,Maturation,14.06,38.34,37.69,35.03,0.0,0.687,COMBINED_STRESS,High Stress,700.0
6,43,Flowering & Pegging,59.0,23.22,28.07,62.0,0.0,0.842,NORMAL,Normal,3043.0
3,104,Maturation,54.78,25.78,29.76,58.85,4.0,0.748,NORMAL,Normal,3020.3
2,41,Flowering & Pegging,25.28,36.36,37.06,36.63,0.0,0.689,COMBINED_STRESS,High Stress,700.0
4,34,Vegetative,12.4,38.3,37.4,37.09,0.0,0.776,COMBINED_STRESS,High Stress,700.0
2,38,Flowering & Pegging,22.11,30.27,30.63,43.03,0.0,0.768,MOISTURE_STRESS,High Stress,700.0
1,79,Pod Development,13.0,32.68,30.81,46.37,0.0,0.561,MOISTURE_STRESS,High Stress,700.0
2,62,Flowering & Pegging,51.94,25.61,29.34,72.44,0.0,0.801,NORMAL,Normal,3015.7
6,69,Pod Development,54.91,21.73,26.96,69.63,4.0,0.707,NORMAL,Normal,3000.5
4,53,Flowering & Pegging,10.0,38.57,37.91,36.06,0.0,0.623,COMBINED_STRESS,High Stress,700.0
1,72,Pod Development,82.71,18.0,27.02,82.7,47.6,0.578,WATERLOGGING_STRESS,Moderate Stress,1904.1
1,46,Flowering & Pegging,51.71,24.25,29.11,72.95,0.0,0.77,NORMAL,Normal,3052.3
2,107,Maturation,52.19,24.28,28.41,55.24,0.0,0.846,NORMAL,Normal,3130.7
2,83,Pod Development,57.34,23.2,25.81,55.4,0.0,0.815,NORMAL,Normal,3057.1
5,58,Flowering & Pegging,58.27,24.5,30.07,72.81,12.0,0.701,NORMAL,Normal,2853.6
1,44,Flowering & Pegging,52.75,24.32,27.87,63.6,0.0,0.85,NORMAL,Normal,3209.7
2,80,Pod Development,52.19,23.84,28.36,56.94,0.0,0.855,NORMAL,Normal,3174.2
2,87,Pod Development,52.4,23.68,25.31,69.74,0.0,0.71,NORMAL,Normal,2836.9
5,55,Flowering & Pegging,20.52,35.03,33.84,32.48,0.0,0.6,MOISTURE_STRESS,High Stress,700.0
4,37,Flowering & Pegging,18.36,37.11,38.07,35.13,0.0,0.878,COMBINED_STRESS,High Stress,700.0
4,76,Pod Development,45.81,28.83,30.19,71.1,0.0,0.766,NORMAL,Normal,2986.7
2,99,Maturation,52.48,22.36,25.28,70.21,0.0,0.831,NORMAL,Normal,2980.9
2,84,Pod Development,89.75,19.53,29.34,72.95,38.36,0.647,WATERLOGGING_STRESS,Moderate Stress,1103.2
3,25,Vegetative,19.29,31.78,31.04,46.49,0.0,0.585,MOISTURE_STRESS,High Stress,700.0
2,92,Maturation,83.91,18.88,27.38,82.45,34.37,0.681,WATERLOGGING_STRESS,Moderate Stress,2245.5
3,17,Vegetative,52.49,23.1,26.84,71.1,0.0,0.824,NORMAL,Normal,3219.9
6,106,Maturation,41.93,31.79,34.52,45.74,0.0,0.767,HEAT_STRESS,Moderate Stress,1888.3
4,16,Vegetative,24.61,34.3,36.79,39.3,0.0,0.585,COMBINED_STRESS,High Stress,700.0
6,36,Flowering & Pegging,60.44,21.96,25.64,69.86,12.0,0.708,NORMAL,Normal,2954.5
4,53,Flowering & Pegging,22.21,33.53,34.62,40.85,0.0,0.587,MOISTURE_STRESS,High Stress,700.0
5,55,Flowering & Pegging,51.88,25.25,29.44,68.14,0.0,0.736,NORMAL,Normal,2901.1
5,63,Flowering & Pegging,53.03,18.57,21.99,67.78,0.0,0.978,NORMAL,Normal,3060.2
1,32,Vegetative,58.0,23.8,28.4,62.01,2.0,0.98,NORMAL,Normal,3336.6
6,94,Maturation,54.32,25.59,28.85,70.01,0.0,0.81,NORMAL,Normal,3034.5
6,34,Vegetative,28.09,30.19,30.86,39.48,0.0,0.563,MOISTURE_STRESS,Moderate Stress,1235.1
5,93,Maturation,17.31,39.58,41.4,33.02,0.0,0.717,COMBINED_STRESS,High Stress,700.0
4,38,Flowering & Pegging,46.87,19.61,22.81,73.82,0.0,0.764,NORMAL,Normal,2968.0
4,33,Vegetative,15.57,38.83,38.47,32.81,0.0,0.812,COMBINED_STRESS,High Stress,700.0
3,89,Pod Development,56.91,21.88,26.98,62.98,2.0,0.821,NORMAL,Normal,3197.2
1,57,Flowering & Pegging,21.66,37.93,39.65,40.8,0.0,0.481,COMBINED_STRESS,High Stress,700.0
1,57,Flowering & Pegging,58.46,18.6,23.19,70.95,4.0,0.743,NORMAL,Normal,2950.4
3,38,Flowering & Pegging,51.79,25.03,28.66,75.92,0.0,0.621,NORMAL,Normal,2789.7
4,19,Vegetative,32.44,31.05,31.51,37.51,0.0,0.763,MOISTURE_STRESS,Moderate Stress,1347.1
6,81,Pod Development,56.64,18.0,21.08,47.21,6.0,0.824,NORMAL,Normal,2592.1
2,72,Pod Development,24.04,27.5,28.28,40.11,0.0,0.635,MOISTURE_STRESS,High Stress,700.0
3,99,Maturation,26.72,36.06,37.1,34.47,0.0,0.484,HEAT_STRESS,High Stress,879.3
3,87,Pod Development,29.17,31.54,32.62,58.71,0.0,0.81,MOISTURE_STRESS,Moderate Stress,700.0
4,54,Flowering & Pegging,44.47,26.93,28.87,65.31,0.0,0.786,NORMAL,Normal,3031.7
3,60,Flowering & Pegging,10.96,39.74,39.06,30.19,0.0,0.473,COMBINED_STRESS,High Stress,700.0
4,107,Maturation,21.33,39.58,38.57,34.65,0.0,0.846,COMBINED_STRESS,High Stress,751.0
6,87,Pod Development,29.17,34.41,35.44,47.42,0.0,0.614,MOISTURE_STRESS,Moderate Stress,700.0
1,18,Vegetative,53.71,24.6,29.12,73.13,0.0,0.87,NORMAL,Normal,3230.4
1,78,Pod Development,52.16,24.78,28.06,67.56,0.0,0.843,NORMAL,Normal,3129.9
4,58,Flowering & Pegging,41.99,24.6,25.62,54.99,0.0,0.913,NORMAL,Normal,2202.8
6,91,Maturation,60.28,22.2,26.8,73.26,12.0,0.911,NORMAL,Normal,3251.9
6,51,Flowering & Pegging,29.83,39.39,40.37,34.39,0.0,0.807,HEAT_STRESS,High Stress,700.0
3,37,Flowering & Pegging,53.61,23.36,27.8,73.46,0.0,0.81,NORMAL,Normal,3078.2
6,104,Maturation,25.75,32.15,32.0,39.22,0.0,0.659,MOISTURE_STRESS,High Stress,1191.1
4,49,Flowering & Pegging,13.64,35.45,36.23,47.5,0.0,0.709,COMBINED_STRESS,High Stress,700.0
3,90,Pod Development,51.85,23.94,28.78,65.26,0.0,0.818,NORMAL,Normal,3133.6
4,53,Flowering & Pegging,45.91,24.58,27.26,79.73,0.0,0.736,NORMAL,Normal,2939.2
3,48,Flowering & Pegging,55.85,27.49,32.53,64.3,12.0,0.675,HEAT_STRESS,Moderate Stress,2016.8
2,31,Vegetative,53.03,22.86,26.03,56.61,0.0,0.98,NORMAL,Normal,3400.0
4,85,Pod Development,53.11,22.72,25.78,58.42,22.0,0.745,NORMAL,Normal,2964.2
3,49,Flowering & Pegging,57.32,22.62,26.6,72.32,12.0,0.833,NORMAL,Normal,3037.6
5,29,Vegetative,25.91,36.63,38.16,43.93,0.0,0.59,COMBINED_STRESS,High Stress,700.0
4,22,Vegetative,48.86,23.57,27.64,72.54,6.0,0.837,NORMAL,Normal,3149.3
5,44,Flowering & Pegging,50.6,22.68,26.68,58.92,0.0,0.779,NORMAL,Normal,3152.1
4,92,Maturation,46.51,27.4,29.34,74.02,0.0,0.64,NORMAL,Normal,2871.6
4,35,Vegetative,24.41,30.9,32.04,28.03,0.0,0.835,MOISTURE_STRESS,High Stress,896.4
3,80,Pod Development,51.52,22.38,27.41,61.29,0.0,0.703,NORMAL,Normal,2916.4
6,58,Flowering & Pegging,52.55,27.4,30.53,69.11,0.0,0.842,NORMAL,Normal,3167.0
3,41,Flowering & Pegging,52.35,22.82,27.75,62.33,0.0,0.845,NORMAL,Normal,3225.5
6,79,Pod Development,29.58,32.29,34.97,40.01,0.0,0.74,MOISTURE_STRESS,Moderate Stress,700.0
1,55,Flowering & Pegging,53.71,21.9,23.96,67.96,6.0,0.86,NORMAL,Normal,3147.1
5,24,Vegetative,51.48,25.06,28.53,60.37,0.0,0.761,NORMAL,Normal,3076.9
1,99,Maturation,61.07,23.03,27.48,60.77,2.0,0.801,NORMAL,Normal,3126.0
6,89,Pod Development,58.54,27.3,32.72,57.79,0.0,0.887,HEAT_STRESS,Moderate Stress,2363.2
2,70,Pod Development,26.13,33.83,35.87,40.7,0.0,0.615,HEAT_STRESS,High Stress,700.0
6,57,Flowering & Pegging,55.72,19.82,22.85,62.55,0.0,0.845,NORMAL,Normal,3090.9
6,75,Pod Development,53.23,23.69,26.57,77.28,0.0,0.793,NORMAL,Normal,2991.2
2,42,Flowering & Pegging,53.39,24.53,28.34,72.69,4.0,0.811,NORMAL,Normal,3206.7
4,20,Vegetative,17.34,35.74,35.31,33.62,0.0,0.65,MOISTURE_STRESS,High Stress,700.0
2,99,Maturation,51.33,24.49,28.58,76.84,0.0,0.644,NORMAL,Normal,2684.5
1,74,Pod Development,25.19,33.47,35.44,41.36,0.0,0.796,MOISTURE_STRESS,High Stress,700.0
5,27,Vegetative,53.75,24.59,27.46,79.65,0.0,0.873,NORMAL,Normal,3191.5
1,15,Vegetative,26.0,31.75,33.15,43.91,0.0,0.937,MOISTURE_STRESS,High Stress,1020.7
4,86,Pod Development,65.1,21.92,27.55,82.44,61.21,0.467,NORMAL,Normal,2501.2
1,107,Maturation,57.04,19.78,24.52,71.19,12.0,0.73,NORMAL,Normal,2861.8
2,87,Pod Development,53.38,23.35,27.85,73.79,0.0,0.657,NORMAL,Normal,2791.5
2,79,Pod Development,50.59,23.93,26.44,59.34,0.0,0.734,NORMAL,Normal,2943.9
2,28,Vegetative,47.6,26.43,29.56,62.74,2.0,0.825,NORMAL,Normal,2971.8
5,34,Vegetative,52.91,24.39,26.51,61.11,0.0,0.704,NORMAL,Normal,2912.2
4,87,Pod Development,19.01,30.86,30.82,36.0,0.0,0.749,MOISTURE_STRESS,High Stress,700.0
4,24,Vegetative,47.6,23.11,25.09,65.95,0.0,0.851,NORMAL,Normal,3196.2
6,63,Flowering & Pegging,27.34,31.68,33.44,43.44,0.0,0.442,MOISTURE_STRESS,Moderate Stress,700.0
6,59,Flowering & Pegging,56.57,20.19,24.45,75.58,0.0,0.859,NORMAL,Normal,3185.4
1,36,Flowering & Pegging,22.63,36.17,38.61,35.16,0.0,0.685,COMBINED_STRESS,High Stress,700.0
5,29,Vegetative,56.34,25.21,29.34,55.72,0.0,0.903,NORMAL,Normal,3180.5
5,71,Pod Development,49.54,27.27,30.52,51.81,2.0,0.868,NORMAL,Normal,3133.0
2,23,Vegetative,80.1,18.0,24.91,89.79,47.12,0.676,WATERLOGGING_STRESS,Moderate Stress,2419.3
3,64,Flowering & Pegging,21.8,38.02,38.53,38.13,0.0,0.476,COMBINED_STRESS,High Stress,700.0
1,15,Vegetative,12.29,32.03,31.86,34.05,0.0,0.879,MOISTURE_STRESS,High Stress,700.0
2,86,Pod Development,52.02,30.93,34.46,63.54,0.0,0.672,HEAT_STRESS,Moderate Stress,1796.5
4,80,Pod Development,18.66,34.3,36.18,55.03,0.0,0.655,COMBINED_STRESS,High Stress,700.0
4,58,Flowering & Pegging,46.35,25.08,27.33,65.34,0.0,0.622,NORMAL,Normal,2773.3
5,70,Pod Development,18.51,32.89,33.38,34.18,0.0,0.707,MOISTURE_STRESS,High Stress,700.0
1,71,Pod Development,51.45,25.56,28.94,64.58,0.0,0.94,NORMAL,Normal,3317.1
1,23,Vegetative,83.55,19.51,26.64,76.73,47.46,0.695,WATERLOGGING_STRESS,Moderate Stress,2207.5
1,99,Maturation,55.23,22.97,27.81,67.77,4.0,0.553,NORMAL,Normal,2719.1
4,65,Flowering & Pegging,20.37,32.56,32.5,44.6,0.0,0.793,MOISTURE_STRESS,High Stress,700.0
3,59,Flowering & Pegging,53.66,22.89,25.96,66.59,0.0,0.662,NORMAL,Normal,2833.1
1,84,Pod Development,50.42,27.15,29.88,75.44,0.0,0.946,NORMAL,Normal,3325.5
6,70,Pod Development,59.7,19.08,23.72,65.6,0.0,0.835,NORMAL,Normal,3194.6
2,62,Flowering & Pegging,52.05,24.73,28.55,64.55,0.0,0.815,NORMAL,Normal,3142.6
1,32,Vegetative,56.25,21.67,25.19,60.81,2.0,0.83,NORMAL,Normal,3191.5
5,105,Maturation,51.24,26.2,28.56,81.92,0.0,0.656,NORMAL,Normal,2781.7
1,91,Maturation,16.0,38.46,39.3,44.62,0.0,0.411,COMBINED_STRESS,High Stress,700.0
5,47,Flowering & Pegging,57.62,26.19,31.3,69.75,12.0,0.622,NORMAL,Normal,2059.1
2,63,Flowering & Pegging,85.28,18.0,22.68,88.11,27.83,0.749,WATERLOGGING_STRESS,Moderate Stress,1635.9
1,60,Flowering & Pegging,52.41,26.62,31.47,64.55,0.0,0.786,NORMAL,Normal,2292.0
6,75,Pod Development,30.12,34.66,34.48,41.24,0.0,0.802,MOISTURE_STRESS,Moderate Stress,700.0
6,31,Vegetative,20.54,35.31,36.15,26.54,0.0,0.455,COMBINED_STRESS,High Stress,700.0
4,99,Maturation,54.34,26.05,30.81,59.76,22.0,0.81,NORMAL,Normal,3137.1
6,23,Vegetative,61.37,18.06,24.95,68.29,12.0,0.868,NORMAL,Normal,3210.2
3,97,Maturation,20.81,34.47,36.71,32.48,0.0,0.682,COMBINED_STRESS,High Stress,851.2
6,92,Maturation,26.61,30.94,33.72,39.5,0.0,0.57,MOISTURE_STRESS,Moderate Stress,1197.8
5,73,Pod Development,18.4,33.05,33.78,39.48,0.0,0.468,MOISTURE_STRESS,High Stress,700.0
4,78,Pod Development,44.68,22.25,24.62,70.1,0.0,0.702,NORMAL,Normal,2947.0
2,78,Pod Development,51.81,20.92,25.03,63.1,0.0,0.732,NORMAL,Normal,2961.2
4,105,Maturation,24.3,33.2,31.8,45.1,0.0,0.715,MOISTURE_STRESS,High Stress,1185.6
3,74,Pod Development,55.63,24.21,27.77,68.42,0.0,0.904,NORMAL,Normal,3188.2
1,91,Maturation,25.35,30.13,30.22,42.14,0.0,0.641,MOISTURE_STRESS,High Stress,1386.2
3,85,Pod Development,58.88,24.03,26.92,58.54,0.0,0.863,NORMAL,Normal,3174.5
2,53,Flowering & Pegging,13.66,36.84,35.63,41.67,0.0,0.68,COMBINED_STRESS,High Stress,700.0
3,104,Maturation,51.7,29.76,36.22,74.13,4.0,0.878,HEAT_STRESS,High Stress,2174.0
5,61,Flowering & Pegging,52.45,23.85,28.19,60.24,0.0,0.811,NORMAL,Normal,3150.2
1,84,Pod Development,57.07,20.27,24.08,72.07,12.0,0.71,NORMAL,Normal,2965.3
5,41,Flowering & Pegging,27.09,39.56,40.24,48.27,0.0,0.76,HEAT_STRESS,High Stress,700.0
4,47,Flowering & Pegging,14.88,38.12,38.13,38.89,0.0,0.704,COMBINED_STRESS,High Stress,700.0
1,94,Maturation,28.62,30.53,32.85,54.84,0.0,0.755,MOISTURE_STRESS,Moderate Stress,1369.5
1,94,Maturation,55.55,23.89,28.2,65.42,0.0,0.888,NORMAL,Normal,3191.6
4,78,Pod Development,14.73,37.02,38.05,35.79,0.0,0.804,COMBINED_STRESS,High Stress,700.0
5,60,Flowering & Pegging,20.87,34.96,36.25,33.62,0.0,0.584,COMBINED_STRESS,High Stress,700.0
5,95,Maturation,52.18,22.34,24.9,69.87,0.0,0.723,NORMAL,Normal,2977.3
5,55,Flowering & Pegging,25.14,34.66,37.37,37.27,0.0,0.718,COMBINED_STRESS,High Stress,700.0
5,61,Flowering & Pegging,59.68,23.53,29.64,63.58,0.0,0.942,NORMAL,Normal,3299.9
2,74,Pod Development,24.82,37.32,39.92,35.93,0.0,0.469,COMBINED_STRESS,High Stress,700.0
1,92,Maturation,52.07,23.42,25.38,60.43,0.0,0.887,NORMAL,Normal,3142.9
6,109,Maturation,30.67,31.69,32.5,41.54,0.0,0.683,MOISTURE_STRESS,Moderate Stress,1423.5
3,100,Maturation,51.29,25.79,28.69,61.35,0.0,0.864,NORMAL,Normal,3285.4
1,75,Pod Development,51.09,22.38,26.16,71.18,0.0,0.679,NORMAL,Normal,2811.6
5,96,Maturation,15.53,38.46,40.35,39.85,0.0,0.626,COMBINED_STRESS,High Stress,700.0
3,61,Flowering & Pegging,56.54,24.39,27.64,53.92,12.0,0.816,NORMAL,Normal,3123.1
5,80,Pod Development,17.18,31.6,29.41,48.19,0.0,0.77,MOISTURE_STRESS,High Stress,700.0
5,18,Vegetative,50.82,27.41,32.45,73.61,0.0,0.793,NORMAL,Normal,2511.6
4,45,Flowering & Pegging,22.87,32.36,32.51,43.94,0.0,0.664,MOISTURE_STRESS,High Stress,700.0
2,53,Flowering & Pegging,21.93,32.62,33.08,54.57,0.0,0.55,MOISTURE_STRESS,High Stress,700.0
1,100,Maturation,54.72,23.26,28.22,62.29,12.0,0.902,NORMAL,Normal,3254.6
3,32,Vegetative,48.42,24.15,27.9,64.25,2.0,0.848,NORMAL,Normal,3122.0
3,109,Maturation,18.79,32.4,31.33,53.27,0.0,0.543,MOISTURE_STRESS,High Stress,956.3
4,40,Flowering & Pegging,14.48,30.28,29.79,55.26,0.0,0.63,MOISTURE_STRESS,High Stress,700.0
1,49,Flowering & Pegging,55.86,21.69,27.26,50.04,4.0,0.773,NORMAL,Normal,3033.9
5,79,Pod Development,31.44,28.44,30.69,52.57,0.0,0.678,MOISTURE_STRESS,Moderate Stress,1226.6
4,34,Vegetative,69.26,18.0,23.53,76.81,31.41,0.627,NORMAL,Normal,2431.6
3,43,Flowering & Pegging,22.71,31.69,32.95,44.81,0.0,0.563,MOISTURE_STRESS,High Stress,700.0
2,52,Flowering & Pegging,25.92,35.89,38.73,39.66,0.0,0.709,COMBINED_STRESS,High Stress,700.0
5,43,Flowering & Pegging,21.24,38.0,38.24,39.92,0.0,0.505,COMBINED_STRESS,High Stress,700.0
5,105,Maturation,51.42,21.47,24.16,62.35,0.0,0.853,NORMAL,Normal,3110.9
5,16,Vegetative,50.78,25.19,30.16,70.22,0.0,0.71,NORMAL,Normal,2840.9
1,37,Flowering & Pegging,54.5,26.44,30.57,56.06,0.0,0.852,NORMAL,Normal,3203.0
2,24,Vegetative,55.57,25.61,29.74,57.0,0.0,0.907,NORMAL,Normal,3268.5
3,96,Maturation,21.52,35.58,37.07,38.27,0.0,0.768,COMBINED_STRESS,High Stress,917.7
5,49,Flowering & Pegging,20.71,37.81,37.61,44.67,0.0,0.533,COMBINED_STRESS,High Stress,700.0
3,82,Pod Development,55.58,21.81,25.05,74.57,12.0,0.766,NORMAL,Normal,2974.1
4,89,Pod Development,26.74,35.17,35.51,34.35,0.0,0.731,HEAT_STRESS,High Stress,700.0
1,50,Flowering & Pegging,58.5,20.46,26.11,59.82,0.0,0.917,NORMAL,Normal,3227.8
5,89,Pod Development,80.24,20.33,27.95,82.12,63.0,0.569,WATERLOGGING_STRESS,Moderate Stress,2216.2
4,71,Pod Development,18.19,40.0,42.44,36.76,0.0,0.838,COMBINED_STRESS,High Stress,700.0
1,37,Flowering & Pegging,56.79,22.03,26.37,60.28,0.0,0.828,NORMAL,Normal,3123.0
6,82,Pod Development,55.8,28.05,31.48,73.39,0.0,0.762,NORMAL,Normal,2359.0
6,70,Pod Development,55.31,23.11,26.52,79.21,0.0,0.696,NORMAL,Normal,2974.7
3,109,Maturation,53.46,24.63,28.11,67.29,0.0,0.903,NORMAL,Normal,3247.5
1,65,Flowering & Pegging,50.61,23.0,27.0,72.85,0.0,0.726,NORMAL,Normal,2880.2
4,74,Pod Development,22.13,34.03,33.74,40.08,0.0,0.636,MOISTURE_STRESS,High Stress,700.0
3,32,Vegetative,22.2,34.39,34.79,41.77,0.0,0.644,MOISTURE_STRESS,High Stress,700.0
5,26,Vegetative,51.19,24.6,27.57,49.53,0.0,0.788,NORMAL,Normal,2936.3
3,20,Vegetative,55.78,24.48,29.46,49.41,0.0,0.754,NORMAL,Normal,3066.3
5,51,Flowering & Pegging,18.16,35.64,35.58,43.33,0.0,0.859,COMBINED_STRESS,High Stress,700.0
4,88,Pod Development,44.51,26.99,27.29,61.84,0.0,0.894,NORMAL,Normal,3223.2
1,48,Flowering & Pegging,29.37,34.65,36.63,39.34,0.0,0.792,HEAT_STRESS,High Stress,700.0
2,50,Flowering & Pegging,31.88,33.8,35.31,43.32,0.0,0.806,MOISTURE_STRESS,Moderate Stress,700.0
3,56,Flowering & Pegging,27.0,32.5,32.89,41.48,0.0,0.627,MOISTURE_STRESS,Moderate Stress,700.0
4,54,Flowering & Pegging,29.06,34.56,36.55,41.71,0.0,0.728,HEAT_STRESS,High Stress,700.0
1,62,Flowering & Pegging,26.06,31.22,31.9,34.12,0.0,0.73,MOISTURE_STRESS,Moderate Stress,700.0
4,30,Vegetative,16.15,31.44,30.77,44.3,0.0,0.584,MOISTURE_STRESS,High Stress,700.0
6,18,Vegetative,31.92,33.76,35.47,30.97,0.0,0.712,MOISTURE_STRESS,Moderate Stress,1130.1
6,25,Vegetative,54.67,25.13,29.73,60.13,0.0,0.677,NORMAL,Normal,2765.5
4,91,Maturation,17.06,39.01,37.31,33.49,0.0,0.674,COMBINED_STRESS,High Stress,754.4
5,28,Vegetative,52.15,21.73,26.27,50.55,0.0,0.854,NORMAL,Normal,3144.1
4,22,Vegetative,42.41,26.41,29.42,62.53,0.0,0.877,NORMAL,Normal,3210.8
1,102,Maturation,55.1,20.85,24.46,55.13,0.0,0.904,NORMAL,Normal,3204.0
2,60,Flowering & Pegging,57.76,20.74,25.34,63.61,12.0,0.889,NORMAL,Normal,3234.7
5,109,Maturation,82.78,18.83,26.84,90.2,50.3,0.57,WATERLOGGING_STRESS,Moderate Stress,2199.5
6,61,Flowering & Pegging,53.68,22.63,27.5,53.37,0.0,0.64,NORMAL,Normal,2726.1
5,79,Pod Development,51.16,23.1,25.99,58.27,0.0,0.818,NORMAL,Normal,3036.4
2,62,Flowering & Pegging,51.48,23.49,27.91,52.34,0.0,0.698,NORMAL,Normal,2902.0
2,87,Pod Development,49.96,18.39,21.2,72.4,0.0,0.665,NORMAL,Normal,2324.7
5,90,Pod Development,17.08,35.79,36.0,44.57,0.0,0.778,COMBINED_STRESS,High Stress,700.0
4,107,Maturation,55.52,22.15,28.37,57.13,6.0,0.912,NORMAL,Normal,3243.6
1,55,Flowering & Pegging,80.71,18.0,21.83,75.97,52.92,0.62,WATERLOGGING_STRESS,Moderate Stress,1857.3
3,109,Maturation,58.72,19.77,23.87,54.58,12.0,0.786,NORMAL,Normal,3036.2
5,89,Pod Development,33.59,31.6,33.67,37.0,0.0,0.684,MOISTURE_STRESS,Moderate Stress,700.0
3,88,Pod Development,58.24,20.6,25.09,66.82,12.0,0.859,NORMAL,Normal,3195.3
3,36,Flowering & Pegging,29.87,30.8,33.47,42.75,0.0,0.744,MOISTURE_STRESS,Moderate Stress,700.0
5,87,Pod Development,19.59,28.96,29.36,52.96,0.0,0.667,MOISTURE_STRESS,High Stress,700.0
2,18,Vegetative,24.12,32.29,30.63,30.95,0.0,0.484,MOISTURE_STRESS,High Stress,1041.3
6,101,Maturation,58.29,24.45,29.18,63.57,12.0,0.779,NORMAL,Normal,3116.3
5,27,Vegetative,58.02,20.96,25.82,63.04,0.0,0.744,NORMAL,Normal,3058.0
4,42,Flowering & Pegging,52.55,24.06,27.84,84.13,22.0,0.815,NORMAL,Normal,3059.8
1,51,Flowering & Pegging,27.7,38.54,40.36,30.63,0.0,0.662,HEAT_STRESS,High Stress,700.0
1,106,Maturation,52.85,24.06,28.76,73.58,0.0,0.717,NORMAL,Normal,2997.1
4,74,Pod Development,47.18,21.51,25.01,62.89,4.0,0.814,NORMAL,Normal,3077.3
5,106,Maturation,28.97,32.52,32.22,36.31,0.0,0.592,MOISTURE_STRESS,Moderate Stress,1305.8
4,95,Maturation,45.71,24.95,27.75,67.42,0.0,0.823,NORMAL,Normal,3120.8
1,99,Maturation,52.47,21.94,25.51,62.2,0.0,0.751,NORMAL,Normal,3014.0
4,108,Maturation,27.83,30.41,31.66,32.29,0.0,0.76,MOISTURE_STRESS,Moderate Stress,1420.3
2,31,Vegetative,40.77,28.36,31.18,58.59,0.0,0.855,NORMAL,Normal,1999.9
4,19,Vegetative,24.3,30.11,30.01,35.24,0.0,0.783,MOISTURE_STRESS,High Stress,1140.4
3,38,Flowering & Pegging,51.2,25.78,29.73,56.5,0.0,0.663,NORMAL,Normal,2917.1
5,91,Maturation,52.28,26.2,30.32,68.24,0.0,0.869,NORMAL,Normal,3204.7
1,24,Vegetative,19.5,37.93,38.83,41.83,0.0,0.644,COMBINED_STRESS,High Stress,700.0
6,99,Maturation,15.45,38.01,39.58,41.46,0.0,0.492,COMBINED_STRESS,High Stress,700.0
1,103,Maturation,58.17,22.67,27.85,61.14,2.0,0.906,NORMAL,Normal,3226.8
1,86,Pod Development,26.33,33.08,33.53,36.9,0.0,0.664,MOISTURE_STRESS,Moderate Stress,700.0
3,43,Flowering & Pegging,58.12,23.35,29.06,72.36,6.0,0.894,NORMAL,Normal,3284.2
1,58,Flowering & Pegging,22.63,36.01,38.35,29.96,0.0,0.786,COMBINED_STRESS,High Stress,700.0
6,26,Vegetative,85.7,22.08,30.18,78.36,43.01,0.637,WATERLOGGING_STRESS,Moderate Stress,1859.6
4,60,Flowering & Pegging,21.6,33.96,33.55,41.23,0.0,0.726,MOISTURE_STRESS,High Stress,700.0
5,101,Maturation,52.46,21.91,24.68,65.63,0.0,0.826,NORMAL,Normal,3035.7
6,63,Flowering & Pegging,53.71,25.06,27.92,75.84,0.0,0.908,NORMAL,Normal,3193.8
5,103,Maturation,59.97,22.19,30.34,62.56,0.0,0.938,NORMAL,Normal,3339.4
5,18,Vegetative,53.04,18.53,22.93,70.06,0.0,0.784,NORMAL,Normal,3078.3
1,87,Pod Development,20.35,37.51,38.82,41.76,0.0,0.539,COMBINED_STRESS,High Stress,700.0
4,56,Flowering & Pegging,46.08,22.64,26.78,68.87,4.0,0.867,NORMAL,Normal,3174.3
2,95,Maturation,60.55,19.83,26.09,70.01,22.0,0.893,NORMAL,Normal,3212.2
5,40,Flowering & Pegging,25.42,35.94,38.29,47.81,0.0,0.624,COMBINED_STRESS,High Stress,700.0
3,67,Pod Development,57.07,23.12,28.06,67.78,2.0,0.825,NORMAL,Normal,3107.5
3,78,Pod Development,28.98,30.1,30.16,46.32,0.0,0.619,MOISTURE_STRESS,Moderate Stress,937.4
3,72,Pod Development,53.73,23.66,27.82,70.75,2.0,0.844,NORMAL,Normal,3139.1
2,42,Flowering & Pegging,16.14,36.31,36.94,36.25,0.0,0.651,COMBINED_STRESS,High Stress,700.0
1,102,Maturation,22.53,37.12,38.52,36.07,0.0,0.769,COMBINED_STRESS,High Stress,942.4
4,82,Pod Development,46.1,24.03,25.49,66.31,0.0,0.914,NORMAL,Normal,3372.0
4,83,Pod Development,30.17,32.07,33.12,35.28,0.0,0.607,MOISTURE_STRESS,Moderate Stress,700.0
4,59,Flowering & Pegging,19.52,33.68,34.4,30.64,0.0,0.576,MOISTURE_STRESS,High Stress,700.0
3,79,Pod Development,53.65,25.97,29.25,70.12,0.0,0.73,NORMAL,Normal,2921.4
2,27,Vegetative,26.51,32.44,32.74,45.49,0.0,0.704,MOISTURE_STRESS,Moderate Stress,975.3
4,92,Maturation,23.52,35.83,36.94,43.83,0.0,0.816,COMBINED_STRESS,High Stress,1010.0
1,50,Flowering & Pegging,51.79,23.31,27.29,76.8,0.0,0.762,NORMAL,Normal,2991.2
3,41,Flowering & Pegging,53.29,24.59,28.78,63.2,0.0,0.88,NORMAL,Normal,3048.3
5,105,Maturation,21.63,31.11,31.64,45.1,0.0,0.598,MOISTURE_STRESS,High Stress,994.2
1,101,Maturation,51.21,23.68,27.38,79.72,0.0,0.823,NORMAL,Normal,3111.6
2,83,Pod Development,53.04,23.66,27.11,72.46,0.0,0.673,NORMAL,Normal,2895.0
4,56,Flowering & Pegging,59.41,23.83,28.94,64.48,6.0,0.784,NORMAL,Normal,2989.8
1,45,Flowering & Pegging,52.66,23.79,27.69,65.2,0.0,0.681,NORMAL,Normal,2782.6
5,25,Vegetative,53.79,22.92,26.3,73.06,0.0,0.79,NORMAL,Normal,3075.0
2,17,Vegetative,88.48,18.0,23.11,81.66,52.96,0.544,WATERLOGGING_STRESS,Moderate Stress,1466.6
4,16,Vegetative,72.69,18.0,24.29,78.01,60.6,0.635,NORMAL,Normal,2428.1
6,89,Pod Development,56.69,25.34,28.88,67.9,0.0,0.831,NORMAL,Normal,3116.7
6,38,Flowering & Pegging,30.12,37.12,39.17,24.56,0.0,0.667,HEAT_STRESS,High Stress,700.0
3,105,Maturation,26.56,36.39,38.51,33.32,0.0,0.425,HEAT_STRESS,High Stress,792.7
2,99,Maturation,48.36,25.87,30.37,59.0,0.0,0.708,NORMAL,Normal,2878.2
6,35,Vegetative,54.73,24.16,28.2,63.74,0.0,0.76,NORMAL,Normal,3031.1
2,20,Vegetative,53.8,27.17,30.64,67.23,0.0,0.638,NORMAL,Normal,2771.1
2,57,Flowering & Pegging,58.2,20.68,25.3,66.6,0.0,0.793,NORMAL,Normal,3025.2
4,40,Flowering & Pegging,70.59,18.0,20.02,85.31,47.47,0.428,NUTRIENT_DEFICIT,Moderate Stress,1334.1
4,82,Pod Development,19.36,37.95,37.59,25.65,0.0,0.769,COMBINED_STRESS,High Stress,700.0
6,74,Pod Development,52.79,22.8,26.62,61.57,0.0,0.846,NORMAL,Normal,3119.8
6,83,Pod Development,67.37,19.16,24.57,62.66,0.0,0.808,NORMAL,Normal,3119.5
5,24,Vegetative,51.92,20.69,25.28,58.18,0.0,0.848,NORMAL,Normal,3162.2
2,71,Pod Development,88.71,18.0,26.06,81.65,38.22,0.7,WATERLOGGING_STRESS,Moderate Stress,1222.8
2,54,Flowering & Pegging,20.83,30.86,28.83,45.74,0.0,0.553,MOISTURE_STRESS,High Stress,700.0
2,22,Vegetative,57.37,19.06,23.88,65.78,0.0,0.837,NORMAL,Normal,3190.3
1,72,Pod Development,51.15,22.95,25.59,61.31,0.0,0.824,NORMAL,Normal,3135.5
2,32,Vegetative,49.42,25.66,30.93,57.94,0.0,0.728,NORMAL,Normal,2997.4
2,66,Pod Development,52.45,26.04,29.48,72.82,0.0,0.714,NORMAL,Normal,2919.9
4,61,Flowering & Pegging,19.3,32.72,33.7,50.55,0.0,0.793,MOISTURE_STRESS,High Stress,700.0
5,81,Pod Development,52.34,26.45,31.18,68.76,4.0,0.826,NORMAL,Normal,2412.0
3,21,Vegetative,30.37,32.96,34.03,27.83,0.0,0.682,MOISTURE_STRESS,Moderate Stress,1064.0
1,17,Vegetative,55.82,23.55,28.35,70.08,4.0,0.702,NORMAL,Normal,2966.0
4,85,Pod Development,44.33,20.6,22.61,54.73,4.0,0.758,NORMAL,Normal,2819.6
6,17,Vegetative,30.07,35.28,35.28,41.21,0.0,0.656,MOISTURE_STRESS,Moderate Stress,963.6
3,100,Maturation,50.57,23.31,27.11,74.24,0.0,0.83,NORMAL,Normal,3109.9
3,39,Flowering & Pegging,53.08,25.38,29.95,73.64,0.0,0.86,NORMAL,Normal,3151.4
4,77,Pod Development,48.25,27.95,30.83,68.81,4.0,0.909,NORMAL,Normal,3277.3
5,90,Pod Development,50.99,21.83,24.83,62.01,0.0,0.892,NORMAL,Normal,3245.6
6,53,Flowering & Pegging,53.5,21.14,24.4,67.62,0.0,0.832,NORMAL,Normal,3115.1
5,95,Maturation,26.04,32.92,32.33,42.28,0.0,0.61,MOISTURE_STRESS,Moderate Stress,1186.5
4,15,Vegetative,23.5,29.19,30.86,39.99,0.0,0.642,MOISTURE_STRESS,High Stress,981.0
2,57,Flowering & Pegging,26.25,34.69,35.16,36.04,0.0,0.643,MOISTURE_STRESS,Moderate Stress,700.0
3,65,Flowering & Pegging,86.84,19.87,28.65,94.41,24.31,0.717,WATERLOGGING_STRESS,Moderate Stress,1385.1
3,60,Flowering & Pegging,50.57,27.33,29.17,63.69,0.0,0.916,NORMAL,Normal,3260.7
6,26,Vegetative,19.64,35.56,36.2,43.92,0.0,0.676,COMBINED_STRESS,High Stress,700.0
4,51,Flowering & Pegging,72.55,19.24,25.55,73.71,41.16,0.417,NUTRIENT_DEFICIT,Moderate Stress,1966.8
1,44,Flowering & Pegging,13.13,37.58,37.12,42.4,0.0,0.719,COMBINED_STRESS,High Stress,700.0
5,70,Pod Development,52.95,24.94,30.25,74.14,4.0,0.803,NORMAL,Normal,3047.5
5,46,Flowering & Pegging,57.83,23.64,28.51,61.7,0.0,0.834,NORMAL,Normal,3103.6
3,62,Flowering & Pegging,56.19,21.84,26.18,63.54,0.0,0.889,NORMAL,Normal,3194.9
4,93,Maturation,46.92,28.19,29.21,73.93,0.0,0.822,NORMAL,Normal,3043.5
6,61,Flowering & Pegging,15.27,40.0,40.58,33.5,0.0,0.579,COMBINED_STRESS,High Stress,700.0
2,75,Pod Development,52.78,22.19,26.44,57.02,0.0,0.679,NORMAL,Normal,2933.3
3,98,Maturation,35.2,27.66,30.5,34.01,0.0,0.692,MOISTURE_STRESS,Moderate Stress,1982.3
1,31,Vegetative,16.51,34.38,35.26,41.93,0.0,0.631,MOISTURE_STRESS,High Stress,700.0
1,97,Maturation,58.33,21.97,26.89,61.68,2.0,0.868,NORMAL,Normal,3164.1
6,105,Maturation,25.43,35.02,38.3,39.89,0.0,0.739,COMBINED_STRESS,High Stress,908.5
2,57,Flowering & Pegging,24.57,33.76,37.65,23.34,0.0,0.759,COMBINED_STRESS,High Stress,700.0
6,31,Vegetative,27.15,36.13,38.43,44.97,0.0,0.586,HEAT_STRESS,High Stress,700.0
3,68,Pod Development,84.59,19.2,28.16,81.53,37.32,0.491,WATERLOGGING_STRESS,Moderate Stress,1657.2
6,92,Maturation,22.94,37.53,38.53,29.3,0.0,0.686,COMBINED_STRESS,High Stress,822.8
4,88,Pod Development,22.75,32.81,33.67,31.81,0.0,0.507,MOISTURE_STRESS,High Stress,700.0
1,48,Flowering & Pegging,18.68,36.9,36.94,32.83,0.0,0.54,COMBINED_STRESS,High Stress,700.0
3,27,Vegetative,54.34,23.18,28.36,66.45,0.0,0.71,NORMAL,Normal,2899.4
4,44,Flowering & Pegging,44.56,26.05,28.79,73.32,0.0,0.692,NORMAL,Normal,2883.0
5,29,Vegetative,47.17,20.45,23.78,44.69,0.0,0.866,NORMAL,Normal,3195.3
3,63,Flowering & Pegging,20.08,31.96,33.46,29.44,0.0,0.366,MOISTURE_STRESS,High Stress,700.0
3,64,Flowering & Pegging,50.45,22.4,25.91,80.09,0.0,0.608,NORMAL,Normal,2771.2
3,50,Flowering & Pegging,54.37,22.85,27.13,64.12,0.0,0.825,NORMAL,Normal,3143.5
3,65,Flowering & Pegging,51.35,22.32,25.96,62.71,0.0,0.742,NORMAL,Normal,2970.3
5,43,Flowering & Pegging,80.87,18.0,24.26,74.55,56.95,0.609,WATERLOGGING_STRESS,Moderate Stress,2165.2
5,34,Vegetative,27.13,33.11,35.14,30.16,0.0,0.672,MOISTURE_STRESS,Moderate Stress,914.3
1,21,Vegetative,50.93,21.79,24.88,69.12,0.0,0.689,NORMAL,Normal,2861.8
6,95,Maturation,53.9,23.23,29.59,73.24,0.0,0.777,NORMAL,Normal,2975.5
2,72,Pod Development,49.04,26.62,30.63,58.37,2.0,0.734,NORMAL,Normal,2897.2
3,25,Vegetative,16.67,38.73,38.34,42.47,0.0,0.7,COMBINED_STRESS,High Stress,700.0
2,109,Maturation,60.54,21.79,25.87,76.77,22.0,0.788,NORMAL,Normal,2990.7
5,63,Flowering & Pegging,28.31,29.36,31.31,28.43,0.0,0.497,MOISTURE_STRESS,Moderate Stress,700.0
6,108,Maturation,60.13,23.53,29.71,66.43,4.0,0.819,NORMAL,Normal,3083.8
1,40,Flowering & Pegging,52.87,28.53,32.05,63.41,4.0,0.816,NORMAL,Normal,2169.2
4,52,Flowering & Pegging,23.5,31.16,29.4,39.72,0.0,0.685,MOISTURE_STRESS,High Stress,700.0
2,40,Flowering & Pegging,14.85,34.76,33.67,45.33,0.0,0.598,MOISTURE_STRESS,High Stress,700.0
5,88,Pod Development,15.29,32.1,32.28,38.25,0.0,0.869,MOISTURE_STRESS,High Stress,700.0
2,100,Maturation,60.3,22.49,28.66,71.76,22.0,0.764,NORMAL,Normal,2980.5
4,49,Flowering & Pegging,17.36,33.17,32.14,30.89,0.0,0.746,MOISTURE_STRESS,High Stress,700.0
3,39,Flowering & Pegging,50.66,23.46,25.59,72.46,0.0,0.848,NORMAL,Normal,3118.2
3,60,Flowering & Pegging,23.56,35.15,36.18,33.36,0.0,0.629,COMBINED_STRESS,High Stress,700.0
5,87,Pod Development,26.56,32.45,33.03,41.58,0.0,0.695,MOISTURE_STRESS,Moderate Stress,700.0
6,95,Maturation,16.45,33.78,34.17,41.57,0.0,0.596,MOISTURE_STRESS,High Stress,765.2
2,27,Vegetative,51.52,22.51,25.04,62.94,0.0,0.827,NORMAL,Normal,3062.2
4,99,Maturation,37.6,27.91,27.74,67.27,2.0,0.814,MOISTURE_STRESS,Moderate Stress,2179.3
1,23,Vegetative,54.05,28.45,32.02,71.91,4.0,0.938,NORMAL,Normal,2642.3
3,105,Maturation,17.11,37.52,34.95,45.78,0.0,0.871,MOISTURE_STRESS,High Stress,905.4
4,87,Pod Development,53.01,21.68,26.46,66.42,22.0,0.847,NORMAL,Normal,3212.5
3,90,Pod Development,17.75,37.2,34.74,42.36,0.0,0.656,MOISTURE_STRESS,High Stress,700.0
5,30,Vegetative,52.22,21.27,24.08,57.68,0.0,0.811,NORMAL,Normal,3035.3
4,87,Pod Development,69.15,20.67,25.39,79.84,44.0,0.529,NORMAL,Normal,2190.5
5,106,Maturation,16.8,40.0,41.06,35.44,0.0,0.661,COMBINED_STRESS,High Stress,700.0
6,28,Vegetative,55.18,23.9,28.47,69.65,4.0,0.749,NORMAL,Normal,2963.2
4,104,Maturation,54.05,26.95,28.86,69.64,22.0,0.859,NORMAL,Normal,3220.5
5,16,Vegetative,52.99,25.09,29.39,64.07,0.0,0.845,NORMAL,Normal,3184.8
2,96,Maturation,52.22,22.56,26.1,77.52,0.0,0.777,NORMAL,Normal,3069.0
4,93,Maturation,45.71,19.33,22.12,79.98,0.0,0.73,NORMAL,Normal,2799.6
2,23,Vegetative,52.21,24.05,25.97,52.22,0.0,0.754,NORMAL,Normal,2955.0
4,21,Vegetative,44.74,25.78,27.94,67.37,0.0,0.761,NORMAL,Normal,2964.7
5,26,Vegetative,52.46,24.16,26.86,58.96,0.0,0.907,NORMAL,Normal,3212.7
1,92,Maturation,75.37,19.67,27.3,85.6,43.26,0.709,NORMAL,Normal,2635.0
1,82,Pod Development,52.42,23.33,25.79,65.35,0.0,0.784,NORMAL,Normal,3008.1
1,76,Pod Development,53.87,23.09,28.48,65.17,4.0,0.79,NORMAL,Normal,3086.9
2,43,Flowering & Pegging,20.84,30.47,30.91,47.07,0.0,0.619,MOISTURE_STRESS,High Stress,700.0
6,73,Pod Development,25.81,31.88,33.96,41.95,0.0,0.735,MOISTURE_STRESS,High Stress,700.0
5,89,Pod Development,50.11,21.75,26.89,71.28,0.0,0.87,NORMAL,Normal,3126.1
3,79,Pod Development,17.89,36.7,35.92,42.48,0.0,0.862,COMBINED_STRESS,High Stress,700.0
4,39,Flowering & Pegging,26.86,32.56,34.39,35.47,0.0,0.69,MOISTURE_STRESS,Moderate Stress,700.0
4,23,Vegetative,45.93,25.03,27.9,77.8,0.0,0.656,NORMAL,Normal,2730.2
6,21,Vegetative,56.0,24.76,28.44,74.15,0.0,0.772,NORMAL,Normal,3023.7
2,45,Flowering & Pegging,83.04,18.0,19.54,82.91,59.77,0.645,WATERLOGGING_STRESS,Moderate Stress,1120.4
2,90,Pod Development,13.93,34.57,33.04,31.85,0.0,0.723,MOISTURE_STRESS,High Stress,700.0
3,84,Pod Development,45.36,26.42,28.69,73.27,0.0,0.876,NORMAL,Normal,3144.4
2,44,Flowering & Pegging,46.1,27.44,28.71,65.31,0.0,0.868,NORMAL,Normal,3174.4
4,101,Maturation,21.43,38.13,38.4,49.81,0.0,0.567,COMBINED_STRESS,High Stress,700.0
6,45,Flowering & Pegging,29.69,37.48,38.55,31.96,0.0,0.438,HEAT_STRESS,High Stress,700.0
6,101,Maturation,55.21,22.19,27.02,64.41,0.0,0.678,NORMAL,Normal,2909.8
2,19,Vegetative,22.55,33.18,33.0,27.7,0.0,0.705,MOISTURE_STRESS,High Stress,756.4
3,50,Flowering & Pegging,58.82,24.45,28.53,79.17,12.0,0.756,NORMAL,Normal,2997.1
5,109,Maturation,31.58,33.39,35.75,52.16,0.0,0.715,HEAT_STRESS,High Stress,1243.9
6,71,Pod Development,20.59,35.22,35.35,44.79,0.0,0.647,MOISTURE_STRESS,High Stress,700.0
1,72,Pod Development,52.24,24.91,28.99,68.28,0.0,0.821,NORMAL,Normal,3140.7
5,82,Pod Development,54.38,23.9,27.85,62.07,4.0,0.848,NORMAL,Normal,3134.3
3,56,Flowering & Pegging,86.62,19.52,27.48,81.33,34.47,0.459,WATERLOGGING_STRESS,Moderate Stress,1088.4
5,31,Vegetative,26.22,32.6,32.58,49.66,0.0,0.712,MOISTURE_STRESS,Moderate Stress,989.1
3,28,Vegetative,79.33,18.0,25.52,87.7,48.88,0.482,NORMAL,Normal,2199.1
1,90,Pod Development,76.24,19.39,27.03,82.74,41.73,0.569,NORMAL,Normal,2218.3
6,43,Flowering & Pegging,56.1,25.45,32.27,72.69,0.0,0.897,NORMAL,Normal,2334.1
5,35,Vegetative,51.59,25.2,29.38,67.13,0.0,0.683,NORMAL,Normal,2824.0
3,20,Vegetative,56.66,24.78,28.62,60.03,0.0,0.868,NORMAL,Normal,3156.4
1,34,Vegetative,52.52,23.74,27.58,78.01,0.0,0.688,NORMAL,Normal,2854.7
6,77,Pod Development,20.55,31.28,29.55,51.32,0.0,0.733,MOISTURE_STRESS,High Stress,700.0
1,33,Vegetative,50.15,20.39,24.8,71.58,0.0,0.685,NORMAL,Normal,2877.2
2,62,Flowering & Pegging,17.74,38.95,39.64,37.25,0.0,0.685,COMBINED_STRESS,High Stress,700.0
4,44,Flowering & Pegging,20.56,32.89,33.04,40.19,0.0,0.646,MOISTURE_STRESS,High Stress,700.0
6,31,Vegetative,25.3,29.91,31.52,33.57,0.0,0.873,MOISTURE_STRESS,High Stress,1144.7
3,43,Flowering & Pegging,36.05,33.05,36.76,35.5,0.0,0.783,HEAT_STRESS,High Stress,700.0
3,91,Maturation,27.28,36.81,38.3,36.58,0.0,0.495,HEAT_STRESS,High Stress,854.5
6,103,Maturation,22.32,33.05,33.92,43.55,0.0,0.586,MOISTURE_STRESS,High Stress,986.3
6,62,Flowering & Pegging,19.9,38.6,38.41,29.63,0.0,0.666,COMBINED_STRESS,High Stress,700.0
6,65,Flowering & Pegging,54.75,24.16,28.56,71.03,0.0,0.739,NORMAL,Normal,3002.8
5,37,Flowering & Pegging,17.61,36.79,35.65,31.34,0.0,0.756,COMBINED_STRESS,High Stress,700.0
1,77,Pod Development,53.23,21.57,25.27,76.79,4.0,0.77,NORMAL,Normal,3052.8
5,80,Pod Development,27.64,38.2,40.91,37.39,0.0,0.701,HEAT_STRESS,High Stress,700.0
4,22,Vegetative,23.47,34.8,35.05,35.81,0.0,0.699,MOISTURE_STRESS,High Stress,700.0
4,67,Pod Development,45.65,25.0,28.32,77.95,0.0,0.834,NORMAL,Normal,3111.7
4,36,Flowering & Pegging,44.86,22.41,25.74,62.84,0.0,0.828,NORMAL,Normal,3097.9
4,60,Flowering & Pegging,19.49,32.16,32.99,43.89,0.0,0.777,MOISTURE_STRESS,High Stress,700.0
2,90,Pod Development,50.9,28.95,33.79,82.37,0.0,0.713,HEAT_STRESS,Moderate Stress,1917.6
1,29,Vegetative,30.1,31.39,33.61,32.55,0.0,0.7,MOISTURE_STRESS,Moderate Stress,1087.7
1,38,Flowering & Pegging,15.83,36.94,38.76,43.04,0.0,0.737,COMBINED_STRESS,High Stress,700.0
1,82,Pod Development,13.8,33.68,34.64,36.81,0.0,0.784,MOISTURE_STRESS,High Stress,700.0
6,105,Maturation,60.48,23.86,27.63,57.45,6.0,0.974,NORMAL,Normal,3328.7
1,28,Vegetative,20.19,34.65,34.74,41.83,0.0,0.739,MOISTURE_STRESS,High Stress,700.0
1,109,Maturation,57.49,23.03,26.61,73.46,12.0,0.708,NORMAL,Normal,2878.0
4,89,Pod Development,17.72,36.5,35.55,44.64,0.0,0.761,COMBINED_STRESS,High Stress,700.0
6,47,Flowering & Pegging,55.86,21.49,25.78,65.77,0.0,0.701,NORMAL,Normal,2890.7
3,57,Flowering & Pegging,53.45,24.3,29.25,63.81,0.0,0.648,NORMAL,Normal,2871.5
2,76,Pod Development,27.31,33.89,33.58,56.76,0.0,0.786,MOISTURE_STRESS,Moderate Stress,700.0
2,85,Pod Development,14.86,34.17,33.34,52.85,0.0,0.538,MOISTURE_STRESS,High Stress,700.0
5,69,Pod Development,23.14,30.19,30.97,28.82,0.0,0.667,MOISTURE_STRESS,High Stress,700.0
6,57,Flowering & Pegging,54.23,21.26,25.44,66.98,4.0,0.746,NORMAL,Normal,2988.5
1,76,Pod Development,57.84,26.59,30.09,63.03,0.0,0.833,NORMAL,Normal,3101.2
5,29,Vegetative,52.28,27.2,33.02,73.47,4.0,0.749,HEAT_STRESS,Moderate Stress,2342.2
3,41,Flowering & Pegging,52.97,22.5,26.87,74.08,0.0,0.737,NORMAL,Normal,2920.2
6,110,Maturation,20.24,34.43,33.92,42.73,0.0,0.655,MOISTURE_STRESS,High Stress,925.7
2,89,Pod Development,55.19,26.33,29.04,72.26,4.0,0.782,NORMAL,Normal,3043.4
2,88,Pod Development,54.98,20.79,26.89,51.45,6.0,0.941,NORMAL,Normal,3353.6
1,28,Vegetative,19.91,34.84,36.8,27.44,0.0,0.684,COMBINED_STRESS,High Stress,700.0
2,109,Maturation,51.15,22.17,24.42,59.51,6.0,0.847,NORMAL,Normal,3212.6
2,101,Maturation,45.53,25.09,27.52,58.27,6.0,0.849,NORMAL,Normal,3094.1
4,70,Pod Development,17.93,34.67,35.11,30.71,0.0,0.848,MOISTURE_STRESS,High Stress,700.0
2,106,Maturation,53.55,21.22,24.36,76.58,0.0,0.773,NORMAL,Normal,2985.1
4,99,Maturation,27.43,27.54,28.92,30.89,0.0,0.826,MOISTURE_STRESS,Moderate Stress,1561.5
3,54,Flowering & Pegging,84.15,18.0,23.47,85.2,32.91,0.665,WATERLOGGING_STRESS,Moderate Stress,1800.8
6,57,Flowering & Pegging,50.35,24.2,27.29,57.76,0.0,0.804,NORMAL,Normal,3109.8
6,34,Vegetative,55.66,26.02,29.68,75.43,0.0,0.853,NORMAL,Normal,3137.6
4,85,Pod Development,74.94,18.0,22.98,94.78,36.41,0.692,NORMAL,Normal,2428.6
4,84,Pod Development,18.01,38.0,37.48,31.37,0.0,0.456,COMBINED_STRESS,High Stress,700.0
4,69,Pod Development,50.78,24.98,28.7,60.49,0.0,0.847,NORMAL,Normal,3180.5
2,83,Pod Development,55.52,22.68,27.2,63.9,0.0,0.84,NORMAL,Normal,3144.7
2,54,Flowering & Pegging,53.33,26.9,29.54,76.01,0.0,0.805,NORMAL,Normal,3076.6
3,37,Flowering & Pegging,51.82,22.5,25.99,72.61,4.0,0.865,NORMAL,Normal,3139.1
1,95,Maturation,25.28,32.02,33.51,38.13,0.0,0.673,MOISTURE_STRESS,High Stress,1055.2
1,31,Vegetative,39.35,32.65,33.76,31.56,0.0,0.593,HEAT_STRESS,Moderate Stress,1418.9
3,90,Pod Development,57.69,20.64,25.81,58.26,0.0,0.915,NORMAL,Normal,3270.6
3,62,Flowering & Pegging,50.07,21.82,25.26,65.72,2.0,0.919,NORMAL,Normal,3287.2
1,38,Flowering & Pegging,18.77,36.44,37.88,39.08,0.0,0.733,COMBINED_STRESS,High Stress,700.0
3,66,Pod Development,51.52,22.48,25.62,63.61,0.0,0.713,NORMAL,Normal,2923.0
6,66,Pod Development,24.47,36.42,36.44,37.43,0.0,0.524,COMBINED_STRESS,High Stress,700.0
1,80,Pod Development,51.25,28.62,32.13,67.24,4.0,0.854,NORMAL,Normal,2256.1
5,84,Pod Development,33.54,33.3,35.74,40.84,0.0,0.77,HEAT_STRESS,High Stress,700.0
6,98,Maturation,56.34,24.28,28.52,66.36,4.0,0.843,NORMAL,Normal,3130.2
3,76,Pod Development,53.38,23.77,27.52,57.96,0.0,0.872,NORMAL,Normal,3179.9
3,80,Pod Development,29.05,38.15,39.71,25.14,0.0,0.653,HEAT_STRESS,High Stress,700.0
3,81,Pod Development,54.54,22.83,27.25,73.43,0.0,0.73,NORMAL,Normal,2928.6
2,76,Pod Development,30.66,33.15,34.97,48.99,0.0,0.684,MOISTURE_STRESS,Moderate Stress,700.0
1,32,Vegetative,52.29,26.33,31.47,62.08,0.0,0.913,NORMAL,Normal,2696.0
4,76,Pod Development,21.29,35.0,34.65,33.2,0.0,0.704,MOISTURE_STRESS,High Stress,700.0
5,67,Pod Development,22.6,30.56,30.92,43.67,0.0,0.64,MOISTURE_STRESS,High Stress,700.0
5,32,Vegetative,52.85,24.06,28.05,72.88,4.0,0.743,NORMAL,Normal,2914.5
6,59,Flowering & Pegging,91.69,19.2,28.85,87.49,35.95,0.573,WATERLOGGING_STRESS,Moderate Stress,700.0
4,97,Maturation,44.63,19.74,22.03,67.86,0.0,0.941,NORMAL,Normal,3067.0
3,24,Vegetative,50.56,25.73,28.45,78.81,0.0,0.759,NORMAL,Normal,3028.5
6,87,Pod Development,16.16,33.07,31.81,46.62,0.0,0.734,MOISTURE_STRESS,High Stress,700.0
6,103,Maturation,62.25,20.0,26.25,56.69,0.0,0.756,NORMAL,Normal,3054.1
4,100,Maturation,54.13,25.04,27.29,55.85,0.0,0.91,NORMAL,Normal,3176.6
2,36,Flowering & Pegging,52.49,22.21,24.58,70.43,0.0,0.744,NORMAL,Normal,2932.4
5,95,Maturation,24.96,31.11,34.72,39.11,0.0,0.489,MOISTURE_STRESS,High Stress,942.5
1,93,Maturation,51.27,25.07,28.56,73.58,0.0,0.774,NORMAL,Normal,3028.7
4,103,Maturation,46.81,25.34,28.73,70.69,4.0,0.778,NORMAL,Normal,3023.5
1,35,Vegetative,52.73,23.12,26.72,79.14,0.0,0.793,NORMAL,Normal,3046.2
2,66,Pod Development,23.9,34.23,34.78,40.63,0.0,0.727,MOISTURE_STRESS,High Stress,700.0
4,20,Vegetative,47.67,27.62,31.86,64.03,0.0,0.698,NORMAL,Normal,2284.8
4,88,Pod Development,48.63,24.66,25.9,67.66,0.0,0.905,NORMAL,Normal,3267.5
5,62,Flowering & Pegging,48.8,23.44,26.92,56.67,0.0,0.802,NORMAL,Normal,3112.4
5,75,Pod Development,22.73,34.64,33.99,43.41,0.0,0.699,MOISTURE_STRESS,High Stress,700.0
1,53,Flowering & Pegging,55.8,20.53,25.93,74.37,12.0,0.746,NORMAL,Normal,2968.3
2,46,Flowering & Pegging,60.35,21.66,27.78,60.97,2.0,0.756,NORMAL,Normal,2984.2
1,77,Pod Development,27.68,31.39,31.67,32.26,0.0,0.655,MOISTURE_STRESS,Moderate Stress,700.0
6,70,Pod Development,22.23,38.39,39.72,44.31,0.0,0.737,COMBINED_STRESS,High Stress,700.0
4,78,Pod Development,46.0,26.24,31.16,61.27,0.0,0.656,NORMAL,Normal,2213.0
4,33,Vegetative,46.21,25.79,30.19,69.92,0.0,0.894,NORMAL,Normal,3209.3
5,52,Flowering & Pegging,50.43,22.31,27.74,77.5,0.0,0.846,NORMAL,Normal,3127.6
2,80,Pod Development,52.43,24.89,29.07,62.02,0.0,0.695,NORMAL,Normal,2854.0
4,93,Maturation,41.63,29.27,31.66,58.5,2.0,0.901,NORMAL,Normal,2326.4
1,50,Flowering & Pegging,52.48,22.73,24.22,67.29,0.0,0.907,NORMAL,Normal,3173.8
6,29,Vegetative,54.57,19.19,22.85,65.24,0.0,0.881,NORMAL,Normal,3226.2
5,70,Pod Development,53.06,24.1,27.53,59.86,0.0,0.883,NORMAL,Normal,3148.0
6,108,Maturation,57.81,20.81,27.71,60.22,0.0,0.899,NORMAL,Normal,3226.9
4,75,Pod Development,51.61,23.51,26.54,65.05,0.0,0.853,NORMAL,Normal,3095.0
2,44,Flowering & Pegging,30.82,31.42,33.84,33.89,0.0,0.772,MOISTURE_STRESS,Moderate Stress,700.0
5,27,Vegetative,51.51,24.63,26.75,75.81,0.0,0.81,NORMAL,Normal,3174.5
1,41,Flowering & Pegging,57.08,23.82,28.72,67.94,0.0,0.889,NORMAL,Normal,3216.5
6,71,Pod Development,54.62,21.76,26.52,85.75,0.0,0.68,NORMAL,Normal,2863.7
3,23,Vegetative,56.22,26.4,30.71,57.83,6.0,0.812,NORMAL,Normal,2958.4
2,96,Maturation,13.26,37.26,35.6,39.65,0.0,0.445,COMBINED_STRESS,High Stress,700.0
3,34,Vegetative,23.61,35.01,35.57,31.5,0.0,0.734,COMBINED_STRESS,High Stress,700.0
1,83,Pod Development,27.49,30.28,31.98,51.67,0.0,0.631,MOISTURE_STRESS,Moderate Stress,700.0
1,35,Vegetative,50.41,22.52,25.44,70.49,0.0,0.744,NORMAL,Normal,2905.8
5,109,Maturation,26.92,32.0,32.26,40.39,0.0,0.681,MOISTURE_STRESS,Moderate Stress,1298.4
5,43,Flowering & Pegging,16.63,38.59,39.49,37.5,0.0,0.64,COMBINED_STRESS,High Stress,700.0
6,75,Pod Development,51.7,24.41,29.11,63.28,2.0,0.808,NORMAL,Normal,3108.4
4,106,Maturation,18.21,32.83,33.23,40.84,0.0,0.716,MOISTURE_STRESS,High Stress,876.5
2,88,Pod Development,52.53,23.79,26.47,68.38,2.0,0.811,NORMAL,Normal,3009.5
5,95,Maturation,54.07,22.99,27.27,68.42,4.0,0.688,NORMAL,Normal,2850.4
2,89,Pod Development,52.58,28.06,32.06,56.31,0.0,0.91,NORMAL,Normal,2327.8
6,60,Flowering & Pegging,57.3,24.99,28.65,69.69,4.0,0.831,NORMAL,Normal,3173.8
2,43,Flowering & Pegging,51.4,22.08,24.99,73.35,0.0,0.646,NORMAL,Normal,2859.6
3,52,Flowering & Pegging,53.75,21.65,24.93,63.93,0.0,0.837,NORMAL,Normal,3078.4
4,15,Vegetative,45.1,25.43,28.37,69.79,0.0,0.711,NORMAL,Normal,2975.0
4,103,Maturation,26.07,30.03,30.61,27.25,0.0,0.758,MOISTURE_STRESS,Moderate Stress,1472.1
4,51,Flowering & Pegging,47.91,23.51,27.5,66.43,0.0,0.79,NORMAL,Normal,2999.4
4,77,Pod Development,16.51,33.66,33.15,41.37,0.0,0.834,MOISTURE_STRESS,High Stress,700.0
6,29,Vegetative,56.63,26.01,29.94,70.5,6.0,0.778,NORMAL,Normal,3004.3
6,29,Vegetative,56.43,21.42,25.33,66.66,0.0,0.752,NORMAL,Normal,2944.0
1,104,Maturation,27.78,31.16,32.09,44.08,0.0,0.768,MOISTURE_STRESS,Moderate Stress,1297.8
6,42,Flowering & Pegging,23.29,31.19,32.06,43.85,0.0,0.722,MOISTURE_STRESS,High Stress,700.0
4,17,Vegetative,25.73,32.95,33.59,40.27,0.0,0.707,MOISTURE_STRESS,High Stress,903.0
1,23,Vegetative,32.59,31.49,32.95,49.75,0.0,0.529,MOISTURE_STRESS,Moderate Stress,1127.0
4,33,Vegetative,14.2,32.86,32.66,47.03,0.0,0.705,MOISTURE_STRESS,High Stress,700.0
5,56,Flowering & Pegging,54.83,25.95,30.12,68.04,4.0,0.83,NORMAL,Normal,3155.7
5,91,Maturation,52.07,24.38,29.93,60.23,0.0,0.749,NORMAL,Normal,3011.6
1,36,Flowering & Pegging,27.96,34.45,36.25,51.34,0.0,0.721,HEAT_STRESS,High Stress,700.0
6,52,Flowering & Pegging,53.75,28.69,30.9,66.68,0.0,0.863,NORMAL,Normal,3134.4
2,34,Vegetative,52.1,25.09,27.84,55.86,0.0,0.884,NORMAL,Normal,3220.5
6,32,Vegetative,58.44,20.77,26.19,60.47,0.0,0.817,NORMAL,Normal,2996.7
1,85,Pod Development,52.53,27.9,30.59,77.97,0.0,0.867,NORMAL,Normal,3125.5
1,56,Flowering & Pegging,24.56,30.17,31.3,47.86,0.0,0.758,MOISTURE_STRESS,High Stress,700.0
5,62,Flowering & Pegging,53.39,20.58,26.51,66.57,4.0,0.758,NORMAL,Normal,2999.9
1,74,Pod Development,61.9,18.0,22.79,64.77,22.0,0.74,NORMAL,Normal,2919.9
6,62,Flowering & Pegging,27.76,34.76,36.19,33.96,0.0,0.678,HEAT_STRESS,High Stress,700.0
5,59,Flowering & Pegging,81.49,18.0,26.2,81.88,27.86,0.504,WATERLOGGING_STRESS,Moderate Stress,1974.6
3,59,Flowering & Pegging,55.3,21.9,28.04,59.99,0.0,0.798,NORMAL,Normal,3039.2
2,61,Flowering & Pegging,48.74,25.9,27.58,60.86,2.0,0.886,NORMAL,Normal,3156.3
6,101,Maturation,25.32,36.48,37.19,26.05,0.0,0.655,COMBINED_STRESS,High Stress,888.1
2,20,Vegetative,22.08,31.67,31.83,41.53,0.0,0.786,MOISTURE_STRESS,High Stress,795.0
2,27,Vegetative,26.8,34.98,38.1,50.31,0.0,0.757,HEAT_STRESS,High Stress,700.0
6,36,Flowering & Pegging,59.02,21.87,28.0,70.6,12.0,0.797,NORMAL,Normal,3052.4
3,78,Pod Development,22.43,32.24,33.41,52.96,0.0,0.656,MOISTURE_STRESS,High Stress,700.0
1,33,Vegetative,23.92,34.49,36.02,44.7,0.0,0.679,COMBINED_STRESS,High Stress,718.1
2,30,Vegetative,55.92,19.86,24.12,60.69,2.0,0.841,NORMAL,Normal,3146.8
4,56,Flowering & Pegging,46.89,25.42,28.28,71.69,0.0,0.864,NORMAL,Normal,3109.1
3,22,Vegetative,19.7,30.07,29.41,36.47,0.0,0.612,MOISTURE_STRESS,High Stress,795.2
3,71,Pod Development,52.22,21.96,25.06,61.99,0.0,0.713,NORMAL,Normal,2926.0
2,89,Pod Development,57.22,23.1,27.3,70.28,0.0,0.875,NORMAL,Normal,3110.4
6,27,Vegetative,24.16,34.68,34.31,29.6,0.0,0.462,MOISTURE_STRESS,High Stress,700.0
6,75,Pod Development,22.36,31.75,31.38,36.5,0.0,0.592,MOISTURE_STRESS,High Stress,700.0
5,18,Vegetative,50.75,25.19,27.99,69.09,0.0,0.766,NORMAL,Normal,2942.6
2,56,Flowering & Pegging,20.0,33.11,31.9,36.95,0.0,0.56,MOISTURE_STRESS,High Stress,700.0
5,20,Vegetative,51.8,21.63,26.41,70.95,0.0,0.916,NORMAL,Normal,3266.1
4,44,Flowering & Pegging,24.56,33.98,34.43,38.54,0.0,0.599,MOISTURE_STRESS,High Stress,700.0
2,82,Pod Development,30.92,32.88,33.54,44.42,0.0,0.803,MOISTURE_STRESS,Moderate Stress,700.0
2,31,Vegetative,26.64,32.74,34.74,38.66,0.0,0.727,MOISTURE_STRESS,Moderate Stress,933.1
4,105,Maturation,47.21,22.99,25.44,75.82,0.0,0.847,NORMAL,Normal,3216.5
1,93,Maturation,54.79,24.06,27.56,74.59,0.0,0.659,NORMAL,Normal,2806.8
4,50,Flowering & Pegging,46.43,26.63,29.57,69.04,0.0,0.847,NORMAL,Normal,3110.5
2,60,Flowering & Pegging,57.02,24.4,29.34,64.59,12.0,0.755,NORMAL,Normal,3039.7
6,59,Flowering & Pegging,55.78,22.59,25.45,70.69,6.0,0.803,NORMAL,Normal,3078.4
5,42,Flowering & Pegging,19.66,38.55,39.38,22.89,0.0,0.67,COMBINED_STRESS,High Stress,700.0
6,92,Maturation,17.62,31.67,33.56,33.56,0.0,0.654,MOISTURE_STRESS,High Stress,935.7
4,88,Pod Development,24.49,32.11,32.41,40.23,0.0,0.62,MOISTURE_STRESS,High Stress,700.0
6,87,Pod Development,25.48,33.93,33.49,43.37,0.0,0.641,MOISTURE_STRESS,High Stress,700.0
2,82,Pod Development,52.56,24.64,29.05,78.91,0.0,0.796,NORMAL,Normal,3072.8
4,108,Maturation,19.18,35.75,36.37,33.05,0.0,0.701,COMBINED_STRESS,High Stress,844.7
3,100,Maturation,57.8,22.47,25.85,62.48,2.0,0.809,NORMAL,Normal,3122.3
6,69,Pod Development,59.23,21.3,28.02,56.4,0.0,0.825,NORMAL,Normal,3064.6
6,72,Pod Development,65.58,20.14,24.66,66.26,0.0,0.928,NORMAL,Normal,3292.1
6,96,Maturation,53.79,22.82,26.52,71.88,0.0,0.805,NORMAL,Normal,3042.7
1,95,Maturation,57.37,26.05,30.15,62.6,12.0,0.658,NORMAL,Normal,2776.8
2,106,Maturation,59.97,26.05,31.45,70.97,22.0,0.67,NORMAL,Normal,2453.4
6,38,Flowering & Pegging,28.8,34.35,36.98,25.99,0.0,0.771,HEAT_STRESS,High Stress,700.0
6,98,Maturation,32.18,35.68,40.15,41.62,0.0,0.755,HEAT_STRESS,High Stress,913.9
2,62,Flowering & Pegging,51.46,25.18,29.47,65.6,0.0,0.678,NORMAL,Normal,2949.9
3,40,Flowering & Pegging,21.76,35.64,35.39,39.61,0.0,0.697,MOISTURE_STRESS,High Stress,700.0
2,96,Maturation,50.98,21.87,25.01,55.06,0.0,0.918,NORMAL,Normal,3261.9
2,84,Pod Development,52.08,24.23,26.46,76.56,0.0,0.771,NORMAL,Normal,3034.2
2,101,Maturation,22.15,32.06,32.9,42.79,0.0,0.746,MOISTURE_STRESS,High Stress,1081.6
4,60,Flowering & Pegging,47.25,25.11,29.14,56.54,2.0,0.803,NORMAL,Normal,3031.8
2,82,Pod Development,52.76,24.96,28.92,62.75,0.0,0.872,NORMAL,Normal,3209.8
6,78,Pod Development,89.78,18.96,27.98,71.18,58.46,0.515,WATERLOGGING_STRESS,Moderate Stress,1059.1
5,31,Vegetative,56.79,20.82,23.74,66.12,12.0,0.743,NORMAL,Normal,2966.1
3,41,Flowering & Pegging,50.05,22.9,24.49,55.05,0.0,0.89,NORMAL,Normal,3238.6
3,73,Pod Development,16.77,37.73,39.93,37.02,0.0,0.573,COMBINED_STRESS,High Stress,700.0
6,57,Flowering & Pegging,58.28,19.16,23.25,70.99,12.0,0.586,NORMAL,Normal,2704.0
3,61,Flowering & Pegging,22.97,36.98,37.45,46.0,0.0,0.67,COMBINED_STRESS,High Stress,700.0
3,97,Maturation,54.42,24.75,30.39,57.98,2.0,0.863,NORMAL,Normal,3184.0
4,48,Flowering & Pegging,44.44,21.37,22.04,73.14,0.0,0.696,NORMAL,Normal,2623.8
2,73,Pod Development,55.69,23.93,27.93,52.36,0.0,0.977,NORMAL,Normal,3329.2
3,42,Flowering & Pegging,28.77,29.11,29.84,49.71,0.0,0.604,MOISTURE_STRESS,Moderate Stress,700.0
5,105,Maturation,53.57,23.17,26.9,67.12,2.0,0.821,NORMAL,Normal,3073.8
3,33,Vegetative,55.86,26.39,30.59,61.97,2.0,0.864,NORMAL,Normal,3200.4
6,67,Pod Development,25.11,31.56,31.87,40.66,0.0,0.568,MOISTURE_STRESS,High Stress,700.0
1,96,Maturation,58.44,20.64,24.52,63.55,12.0,0.842,NORMAL,Normal,3150.1
3,47,Flowering & Pegging,50.4,23.1,28.2,66.37,0.0,0.798,NORMAL,Normal,3094.8
4,20,Vegetative,23.99,37.62,39.95,36.11,0.0,0.676,COMBINED_STRESS,High Stress,700.0
6,75,Pod Development,22.76,33.94,35.83,29.06,0.0,0.702,COMBINED_STRESS,High Stress,700.0
5,103,Maturation,24.67,35.83,36.81,48.84,0.0,0.661,COMBINED_STRESS,High Stress,957.9
5,15,Vegetative,62.07,22.07,25.36,69.69,0.0,0.954,NORMAL,Normal,3338.8
6,75,Pod Development,25.55,28.15,28.89,28.1,0.0,0.911,MOISTURE_STRESS,High Stress,700.0
1,73,Pod Development,52.58,20.97,22.89,56.77,0.0,0.815,NORMAL,Normal,3113.6
1,59,Flowering & Pegging,27.73,29.55,30.35,43.95,0.0,0.644,MOISTURE_STRESS,Moderate Stress,700.0
5,102,Maturation,50.05,19.47,23.26,62.9,0.0,0.744,NORMAL,Normal,2907.2
4,98,Maturation,44.63,29.06,32.38,62.82,0.0,0.847,NORMAL,Normal,2660.6
4,25,Vegetative,26.17,32.84,35.05,40.35,0.0,0.711,MOISTURE_STRESS,Moderate Stress,807.7
5,24,Vegetative,49.87,25.49,30.71,67.91,0.0,0.873,NORMAL,Normal,3187.1
3,37,Flowering & Pegging,20.99,36.3,36.23,27.98,0.0,0.846,COMBINED_STRESS,High Stress,700.0
5,94,Maturation,52.66,24.98,25.66,64.66,0.0,0.806,NORMAL,Normal,3148.1
3,29,Vegetative,53.2,25.02,28.14,65.99,0.0,0.761,NORMAL,Normal,3008.1
3,70,Pod Development,19.59,39.08,40.52,30.56,0.0,0.735,COMBINED_STRESS,High Stress,700.0
5,71,Pod Development,52.92,21.13,25.67,67.75,0.0,0.791,NORMAL,Normal,3135.3
3,47,Flowering & Pegging,51.38,23.34,26.82,60.64,0.0,0.827,NORMAL,Normal,3071.8
2,65,Flowering & Pegging,22.76,31.73,30.94,43.17,0.0,0.588,MOISTURE_STRESS,High Stress,700.0
3,97,Maturation,51.31,21.41,25.06,62.97,0.0,0.889,NORMAL,Normal,3288.6
4,33,Vegetative,45.56,24.98,27.77,69.52,0.0,0.675,NORMAL,Normal,2794.2
6,80,Pod Development,58.74,20.16,24.44,66.64,0.0,0.87,NORMAL,Normal,3162.6
5,85,Pod Development,52.32,25.97,30.03,73.13,0.0,0.913,NORMAL,Normal,3198.0
2,93,Maturation,26.44,36.96,39.14,37.44,0.0,0.559,HEAT_STRESS,High Stress,762.5
6,32,Vegetative,54.23,23.93,28.92,66.1,0.0,0.673,NORMAL,Normal,2818.4
2,101,Maturation,26.68,30.18,30.94,37.5,0.0,0.685,MOISTURE_STRESS,Moderate Stress,1531.0
6,105,Maturation,32.02,34.02,36.43,46.71,0.0,0.665,HEAT_STRESS,High Stress,1234.8
4,97,Maturation,80.07,18.77,25.75,89.05,59.2,0.663,WATERLOGGING_STRESS,Moderate Stress,2559.9
4,72,Pod Development,55.97,21.2,24.51,66.11,6.0,0.818,NORMAL,Normal,3084.0
5,52,Flowering & Pegging,21.64,37.6,38.46,40.27,0.0,0.731,COMBINED_STRESS,High Stress,700.0
1,54,Flowering & Pegging,19.36,38.4,39.92,35.12,0.0,0.98,COMBINED_STRESS,High Stress,700.0
2,53,Flowering & Pegging,53.51,24.98,27.76,73.4,0.0,0.817,NORMAL,Normal,3127.0
2,24,Vegetative,63.9,18.0,23.12,62.77,0.0,0.843,NORMAL,Normal,3104.5
3,62,Flowering & Pegging,17.38,34.24,34.13,26.25,0.0,0.8,MOISTURE_STRESS,High Stress,700.0
6,94,Maturation,38.41,30.96,32.85,35.58,0.0,0.686,HEAT_STRESS,Moderate Stress,1817.4
2,100,Maturation,55.53,25.4,30.09,61.49,2.0,0.872,NORMAL,Normal,3150.7
4,48,Flowering & Pegging,22.1,33.1,32.91,34.99,0.0,0.78,MOISTURE_STRESS,High Stress,700.0
5,33,Vegetative,59.55,22.03,26.87,55.94,0.0,0.859,NORMAL,Normal,3151.7
5,76,Pod Development,23.71,33.66,33.2,42.74,0.0,0.62,MOISTURE_STRESS,High Stress,700.0
5,75,Pod Development,53.04,19.64,23.72,62.68,4.0,0.974,NORMAL,Normal,3387.1
1,91,Maturation,28.14,37.25,40.08,24.63,0.0,0.678,HEAT_STRESS,High Stress,880.2
3,60,Flowering & Pegging,29.28,31.36,32.3,45.84,0.0,0.693,MOISTURE_STRESS,Moderate Stress,700.0
6,38,Flowering & Pegging,26.74,27.94,28.5,39.98,0.0,0.809,MOISTURE_STRESS,Moderate Stress,700.0
6,82,Pod Development,56.76,20.43,24.91,67.43,0.0,0.836,NORMAL,Normal,3135.8
5,31,Vegetative,52.93,21.06,25.65,63.08,2.0,0.892,NORMAL,Normal,3246.9
3,107,Maturation,75.26,20.2,27.93,79.35,49.53,0.673,NORMAL,Normal,2581.2
4,41,Flowering & Pegging,43.16,23.42,25.9,65.5,0.0,0.875,NORMAL,Normal,3138.6
5,90,Pod Development,53.17,23.85,27.63,67.6,0.0,0.715,NORMAL,Normal,2946.4
2,35,Vegetative,84.01,18.7,28.24,86.28,55.96,0.73,WATERLOGGING_STRESS,Moderate Stress,2237.2
3,29,Vegetative,27.04,37.03,36.91,32.05,0.0,0.516,HEAT_STRESS,High Stress,700.0
2,42,Flowering & Pegging,24.94,33.69,34.79,32.33,0.0,0.617,MOISTURE_STRESS,High Stress,700.0
2,85,Pod Development,53.26,23.92,29.49,61.64,0.0,0.829,NORMAL,Normal,3147.9
4,64,Flowering & Pegging,14.37,37.07,38.48,52.0,0.0,0.552,COMBINED_STRESS,High Stress,700.0
5,102,Maturation,14.02,39.36,39.31,40.35,0.0,0.618,COMBINED_STRESS,High Stress,700.0
2,81,Pod Development,53.08,24.8,29.32,81.58,0.0,0.752,NORMAL,Normal,3044.8
4,69,Pod Development,46.87,21.97,23.67,71.41,0.0,0.894,NORMAL,Normal,3129.7
1,68,Pod Development,60.81,22.09,26.86,55.84,6.0,0.98,NORMAL,Normal,3290.1
1,85,Pod Development,24.09,33.77,35.69,48.43,0.0,0.688,COMBINED_STRESS,High Stress,700.0
1,91,Maturation,31.28,34.46,37.49,36.55,0.0,0.698,HEAT_STRESS,High Stress,1096.5
3,42,Flowering & Pegging,57.43,18.92,24.2,59.24,0.0,0.908,NORMAL,Normal,3150.6
2,42,Flowering & Pegging,54.25,18.74,23.42,75.7,4.0,0.779,NORMAL,Normal,3074.7
1,63,Flowering & Pegging,51.89,24.2,27.54,71.84,0.0,0.948,NORMAL,Normal,3392.5
3,31,Vegetative,52.39,20.21,24.01,71.05,0.0,0.835,NORMAL,Normal,3127.2
1,64,Flowering & Pegging,31.52,36.1,38.33,32.84,0.0,0.654,HEAT_STRESS,High Stress,700.0
5,32,Vegetative,27.27,34.8,36.7,29.74,0.0,0.452,HEAT_STRESS,High Stress,700.0
4,39,Flowering & Pegging,45.53,25.04,28.27,59.75,0.0,0.855,NORMAL,Normal,3251.0
4,110,Maturation,21.79,31.66,30.96,44.69,0.0,0.668,MOISTURE_STRESS,High Stress,1230.7
6,98,Maturation,28.28,25.69,26.87,42.7,0.0,0.657,MOISTURE_STRESS,Moderate Stress,1602.5
1,102,Maturation,22.42,33.72,36.04,55.26,0.0,0.685,COMBINED_STRESS,High Stress,985.4
6,91,Maturation,55.02,24.31,29.52,70.5,4.0,0.8,NORMAL,Normal,3089.2
1,83,Pod Development,52.49,22.92,28.46,58.86,0.0,0.745,NORMAL,Normal,2995.9
3,90,Pod Development,44.55,25.33,26.17,60.83,2.0,0.929,NORMAL,Normal,3205.4
1,31,Vegetative,62.46,21.07,25.19,58.03,0.0,0.98,NORMAL,Normal,3400.0
4,89,Pod Development,50.13,22.29,26.92,71.19,12.0,0.872,NORMAL,Normal,3217.9
3,88,Pod Development,52.49,26.92,32.37,59.86,0.0,0.846,NORMAL,Normal,2311.3
5,33,Vegetative,57.82,24.67,31.78,65.25,0.0,0.867,NORMAL,Normal,2620.3
2,46,Flowering & Pegging,30.7,36.8,39.2,34.1,0.0,0.543,HEAT_STRESS,High Stress,700.0
2,100,Maturation,22.36,35.6,35.81,35.96,0.0,0.898,COMBINED_STRESS,High Stress,1183.8
3,22,Vegetative,53.34,21.36,25.52,64.7,0.0,0.758,NORMAL,Normal,2993.6
1,85,Pod Development,26.32,31.73,32.74,38.98,0.0,0.684,MOISTURE_STRESS,Moderate Stress,700.0
1,102,Maturation,26.18,34.31,34.23,45.58,0.0,0.537,MOISTURE_STRESS,Moderate Stress,1034.5
2,75,Pod Development,21.02,31.27,33.03,42.61,0.0,0.695,MOISTURE_STRESS,High Stress,700.0
6,81,Pod Development,21.25,33.92,34.52,32.05,0.0,0.742,MOISTURE_STRESS,High Stress,700.0
1,49,Flowering & Pegging,19.89,36.0,37.67,35.79,0.0,0.648,COMBINED_STRESS,High Stress,700.0
3,89,Pod Development,52.87,24.5,26.7,68.96,0.0,0.696,NORMAL,Normal,2938.7
5,90,Pod Development,51.92,18.0,20.15,67.9,0.0,0.817,NORMAL,Normal,2346.8
5,59,Flowering & Pegging,55.37,22.77,26.33,76.45,12.0,0.654,NORMAL,Normal,2838.2
2,94,Maturation,29.6,36.68,38.99,27.58,0.0,0.88,HEAT_STRESS,High Stress,1084.2
1,35,Vegetative,22.13,34.88,33.27,39.78,0.0,0.6,MOISTURE_STRESS,High Stress,720.7
4,45,Flowering & Pegging,45.91,23.46,26.43,65.97,0.0,0.698,NORMAL,Normal,2918.7
6,24,Vegetative,32.88,31.05,32.67,41.0,0.0,0.654,MOISTURE_STRESS,Moderate Stress,1167.6
2,91,Maturation,77.35,18.0,25.37,75.72,68.97,0.859,NORMAL,Normal,2766.8
1,60,Flowering & Pegging,21.01,39.27,38.36,39.91,0.0,0.816,COMBINED_STRESS,High Stress,700.0
4,28,Vegetative,44.9,23.85,24.42,66.88,0.0,0.884,NORMAL,Normal,3150.0
1,72,Pod Development,73.41,18.0,21.79,84.08,55.26,0.622,NORMAL,Normal,2063.3
5,18,Vegetative,53.99,25.52,29.32,52.58,0.0,0.868,NORMAL,Normal,3081.7
5,49,Flowering & Pegging,25.09,32.2,32.56,46.05,0.0,0.73,MOISTURE_STRESS,High Stress,700.0
6,55,Flowering & Pegging,54.13,19.58,24.18,58.76,0.0,0.62,NORMAL,Normal,2692.3
3,73,Pod Development,51.31,24.69,28.5,67.84,0.0,0.799,NORMAL,Normal,3077.6
4,88,Pod Development,52.15,27.07,32.3,69.22,0.0,0.96,NORMAL,Normal,2451.6
6,93,Maturation,34.81,30.18,31.71,31.7,0.0,0.755,MOISTURE_STRESS,Moderate Stress,1709.1
1,63,Flowering & Pegging,50.52,22.91,24.66,58.17,0.0,0.901,NORMAL,Normal,3281.9
1,60,Flowering & Pegging,19.12,37.68,37.37,46.23,0.0,0.582,COMBINED_STRESS,High Stress,700.0
6,102,Maturation,54.28,23.94,27.38,68.48,0.0,0.603,NORMAL,Normal,2678.3
4,73,Pod Development,18.0,37.12,36.86,38.97,0.0,0.735,COMBINED_STRESS,High Stress,700.0
3,70,Pod Development,54.07,24.06,28.36,68.08,0.0,0.855,NORMAL,Normal,3292.2
1,32,Vegetative,51.44,23.95,28.23,72.79,0.0,0.934,NORMAL,Normal,3326.4
2,30,Vegetative,27.05,37.18,38.65,37.02,0.0,0.652,HEAT_STRESS,High Stress,700.0
1,71,Pod Development,23.31,32.03,31.96,44.11,0.0,0.579,MOISTURE_STRESS,High Stress,700.0
6,22,Vegetative,23.57,31.7,31.82,38.54,0.0,0.563,MOISTURE_STRESS,High Stress,755.0
6,107,Maturation,31.48,32.95,34.7,34.71,0.0,0.685,MOISTURE_STRESS,Moderate Stress,1321.0
3,74,Pod Development,56.01,25.2,30.76,63.16,12.0,0.792,NORMAL,Normal,2974.8
6,19,Vegetative,52.58,24.23,26.91,72.47,0.0,0.948,NORMAL,Normal,3247.3
2,72,Pod Development,51.78,26.12,29.36,56.44,0.0,0.773,NORMAL,Normal,3046.4
6,106,Maturation,49.68,22.61,25.93,64.5,0.0,0.84,NORMAL,Normal,3142.0
2,90,Pod Development,86.81,21.38,31.34,76.81,52.87,0.586,WATERLOGGING_STRESS,Moderate Stress,1042.3
5,31,Vegetative,22.91,31.36,33.37,42.66,0.0,0.618,MOISTURE_STRESS,High Stress,702.4
3,94,Maturation,86.91,23.83,32.1,82.94,54.8,0.535,WATERLOGGING_STRESS,Moderate Stress,1486.6
1,96,Maturation,75.85,22.67,28.66,83.73,22.47,0.429,NUTRIENT_DEFICIT,Moderate Stress,2230.2
5,70,Pod Development,19.42,35.77,35.41,38.75,0.0,0.646,MOISTURE_STRESS,High Stress,700.0
3,37,Flowering & Pegging,66.35,18.8,25.78,63.7,0.0,0.924,NORMAL,Normal,3249.1
6,19,Vegetative,56.49,24.79,29.75,68.36,0.0,0.601,NORMAL,Normal,2663.9
1,73,Pod Development,23.55,35.82,36.28,35.19,0.0,0.854,COMBINED_STRESS,High Stress,700.0
3,25,Vegetative,23.89,35.06,36.64,46.99,0.0,0.637,COMBINED_STRESS,High Stress,700.0
3,35,Vegetative,23.1,32.41,33.37,34.41,0.0,0.64,MOISTURE_STRESS,High Stress,741.1
3,22,Vegetative,23.66,34.55,36.04,33.92,0.0,0.664,COMBINED_STRESS,High Stress,700.0
3,93,Maturation,24.8,35.97,36.35,39.07,0.0,0.574,COMBINED_STRESS,High Stress,1016.5
3,34,Vegetative,23.12,35.19,36.3,35.06,0.0,0.553,COMBINED_STRESS,High Stress,700.0
2,62,Flowering & Pegging,25.76,34.65,35.91,49.62,0.0,0.88,COMBINED_STRESS,High Stress,700.0
2,44,Flowering & Pegging,53.0,24.12,29.87,69.64,0.0,0.69,NORMAL,Normal,2853.3
2,101,Maturation,52.45,23.31,27.06,74.02,0.0,0.747,NORMAL,Normal,2917.1
2,20,Vegetative,55.68,20.2,23.01,57.0,0.0,0.833,NORMAL,Normal,3189.5
2,41,Flowering & Pegging,20.15,33.37,31.8,36.84,0.0,0.821,MOISTURE_STRESS,High Stress,700.0
6,18,Vegetative,56.22,23.26,26.91,58.89,0.0,0.803,NORMAL,Normal,3072.0
4,17,Vegetative,21.8,33.16,34.52,45.7,0.0,0.564,MOISTURE_STRESS,High Stress,700.0
4,55,Flowering & Pegging,44.22,26.7,29.99,59.03,0.0,0.824,NORMAL,Normal,2987.7
2,40,Flowering & Pegging,56.21,27.43,33.86,73.66,12.0,0.663,HEAT_STRESS,Moderate Stress,1701.5
2,47,Flowering & Pegging,51.16,19.1,21.32,76.45,0.0,0.78,NORMAL,Normal,2434.9
4,98,Maturation,17.39,36.03,36.5,33.72,0.0,0.572,COMBINED_STRESS,High Stress,766.6
5,75,Pod Development,30.13,32.04,35.65,52.19,0.0,0.461,HEAT_STRESS,High Stress,700.0
2,30,Vegetative,53.31,18.91,22.82,57.74,0.0,0.825,NORMAL,Normal,3029.2
3,68,Pod Development,52.88,21.38,26.56,72.08,0.0,0.762,NORMAL,Normal,3018.4
2,37,Flowering & Pegging,56.09,20.44,23.73,62.8,0.0,0.86,NORMAL,Normal,3241.5
6,36,Flowering & Pegging,87.37,18.53,27.28,95.01,35.46,0.732,WATERLOGGING_STRESS,Moderate Stress,1298.0
4,69,Pod Development,45.07,28.73,30.54,61.73,0.0,0.73,NORMAL,Normal,2991.8
5,15,Vegetative,24.15,33.31,34.35,44.86,0.0,0.731,MOISTURE_STRESS,High Stress,890.0
6,19,Vegetative,60.41,23.65,28.55,67.13,12.0,0.723,NORMAL,Normal,2938.8
4,103,Maturation,51.07,22.91,24.35,58.94,2.0,0.893,NORMAL,Normal,3121.2
2,84,Pod Development,52.34,24.95,30.22,55.32,0.0,0.852,NORMAL,Normal,3238.1
5,23,Vegetative,53.82,23.52,26.23,67.52,0.0,0.845,NORMAL,Normal,3085.1
1,73,Pod Development,32.33,30.25,32.91,34.6,0.0,0.875,MOISTURE_STRESS,Moderate Stress,826.3
2,22,Vegetative,51.47,24.62,29.1,66.66,0.0,0.923,NORMAL,Normal,3264.8
1,74,Pod Development,55.56,26.05,30.22,65.23,4.0,0.799,NORMAL,Normal,3080.8
1,43,Flowering & Pegging,53.97,20.16,25.41,56.93,0.0,0.801,NORMAL,Normal,3010.0
3,22,Vegetative,81.91,18.78,27.02,80.04,40.65,0.62,WATERLOGGING_STRESS,Moderate Stress,2206.8
2,82,Pod Development,51.66,29.48,32.26,77.0,0.0,0.875,NORMAL,Normal,2317.2
5,86,Pod Development,51.82,20.54,24.33,82.89,0.0,0.793,NORMAL,Normal,3025.6
5,22,Vegetative,52.33,26.52,29.84,65.91,0.0,0.795,NORMAL,Normal,2961.7
2,61,Flowering & Pegging,51.9,27.35,31.43,58.54,0.0,0.557,NORMAL,Normal,1948.9
6,19,Vegetative,79.78,19.41,25.44,90.23,47.38,0.502,NORMAL,Normal,2230.4
2,71,Pod Development,48.18,22.73,25.95,58.57,0.0,0.782,NORMAL,Normal,2987.4
5,82,Pod Development,34.02,31.2,34.53,40.23,0.0,0.556,MOISTURE_STRESS,Moderate Stress,700.0
1,77,Pod Development,48.09,24.13,26.64,65.59,0.0,0.858,NORMAL,Normal,3092.1
5,89,Pod Development,53.42,22.15,25.8,55.43,2.0,0.821,NORMAL,Normal,3141.4
2,108,Maturation,54.11,19.51,24.0,76.38,0.0,0.875,NORMAL,Normal,3097.1
4,97,Maturation,54.81,21.03,24.38,58.58,0.0,0.82,NORMAL,Normal,3110.0
2,40,Flowering & Pegging,51.93,22.74,28.53,70.37,0.0,0.789,NORMAL,Normal,3086.8
4,96,Maturation,44.53,26.9,30.22,54.97,0.0,0.808,NORMAL,Normal,3092.4
4,64,Flowering & Pegging,20.66,33.04,33.41,43.61,0.0,0.81,MOISTURE_STRESS,High Stress,700.0
3,99,Maturation,55.29,20.44,25.17,59.34,12.0,0.74,NORMAL,Normal,2948.2
4,73,Pod Development,16.62,36.13,35.84,41.11,0.0,0.713,COMBINED_STRESS,High Stress,700.0
5,68,Pod Development,28.09,32.74,36.52,39.93,0.0,0.833,HEAT_STRESS,High Stress,700.0
6,52,Flowering & Pegging,30.63,29.71,30.72,38.4,0.0,0.525,MOISTURE_STRESS,Moderate Stress,700.0
6,66,Pod Development,36.91,31.05,35.39,47.51,0.0,0.566,MOISTURE_STRESS,Moderate Stress,739.5
2,106,Maturation,55.53,22.89,27.96,74.0,6.0,0.861,NORMAL,Normal,3145.1
4,74,Pod Development,49.12,24.42,28.64,60.79,0.0,0.825,NORMAL,Normal,3126.2
1,38,Flowering & Pegging,21.7,36.49,37.96,34.93,0.0,0.589,COMBINED_STRESS,High Stress,700.0
3,60,Flowering & Pegging,46.85,23.28,28.37,62.45,0.0,0.92,NORMAL,Normal,3300.2
3,66,Pod Development,23.67,32.68,34.45,28.57,0.0,0.661,MOISTURE_STRESS,High Stress,700.0
5,99,Maturation,19.7,35.94,38.11,36.16,0.0,0.609,COMBINED_STRESS,High Stress,706.1
4,25,Vegetative,32.3,32.2,31.13,35.4,0.0,0.583,MOISTURE_STRESS,Moderate Stress,1231.4
2,102,Maturation,54.48,24.55,29.62,74.93,0.0,0.817,NORMAL,Normal,3123.2
3,95,Maturation,57.94,23.91,30.85,63.49,22.0,0.784,NORMAL,Normal,2994.1
4,110,Maturation,17.98,36.14,35.81,31.34,0.0,0.605,COMBINED_STRESS,High Stress,874.9
6,91,Maturation,31.19,32.59,35.78,45.75,0.0,0.682,HEAT_STRESS,High Stress,1232.8
2,55,Flowering & Pegging,52.62,22.95,27.64,68.39,0.0,0.679,NORMAL,Normal,2911.7
1,74,Pod Development,26.0,36.48,38.8,40.4,0.0,0.883,COMBINED_STRESS,High Stress,700.0
6,81,Pod Development,17.14,35.55,34.43,32.78,0.0,0.717,MOISTURE_STRESS,High Stress,700.0
3,94,Maturation,20.45,33.45,30.62,37.84,0.0,0.807,MOISTURE_STRESS,High Stress,1203.5
1,52,Flowering & Pegging,22.31,32.13,35.0,38.11,0.0,0.524,MOISTURE_STRESS,High Stress,700.0
1,106,Maturation,59.42,23.9,25.96,61.34,0.0,0.793,NORMAL,Normal,3073.1
4,77,Pod Development,22.84,31.99,31.93,46.6,0.0,0.77,MOISTURE_STRESS,High Stress,700.0
3,28,Vegetative,54.32,26.96,31.26,67.03,4.0,0.9,NORMAL,Normal,2720.8
4,82,Pod Development,14.08,38.65,39.8,36.56,0.0,0.728,COMBINED_STRESS,High Stress,700.0
2,49,Flowering & Pegging,51.72,26.65,30.9,75.79,0.0,0.946,NORMAL,Normal,3325.2
6,62,Flowering & Pegging,23.54,36.52,38.75,43.99,0.0,0.624,COMBINED_STRESS,High Stress,700.0
2,109,Maturation,54.62,25.29,30.18,62.65,0.0,0.852,NORMAL,Normal,3180.6
6,19,Vegetative,56.08,24.66,29.07,59.32,0.0,0.933,NORMAL,Normal,3251.8
3,93,Maturation,24.03,29.38,31.43,41.22,0.0,0.663,MOISTURE_STRESS,High Stress,1132.8
1,42,Flowering & Pegging,51.35,25.7,29.24,74.87,0.0,0.683,NORMAL,Normal,2857.1
1,37,Flowering & Pegging,16.66,32.88,32.01,48.18,0.0,0.589,MOISTURE_STRESS,High Stress,700.0
5,72,Pod Development,22.61,34.98,35.29,36.4,0.0,0.658,MOISTURE_STRESS,High Stress,700.0
4,74,Pod Development,21.98,35.61,35.63,40.94,0.0,0.697,COMBINED_STRESS,High Stress,700.0
1,58,Flowering & Pegging,23.73,32.02,33.32,50.91,0.0,0.694,MOISTURE_STRESS,High Stress,700.0
4,66,Pod Development,47.65,24.81,28.69,66.61,4.0,0.755,NORMAL,Normal,2934.0
3,62,Flowering & Pegging,57.54,23.95,29.04,67.27,0.0,0.885,NORMAL,Normal,3206.7
6,31,Vegetative,60.13,21.96,25.56,57.05,0.0,0.783,NORMAL,Normal,3055.4
3,99,Maturation,57.28,25.12,30.96,73.51,12.0,0.967,NORMAL,Normal,3302.0
4,57,Flowering & Pegging,78.06,19.67,26.75,88.06,16.7,0.606,NORMAL,Normal,2357.4
2,31,Vegetative,20.2,37.64,39.42,37.22,0.0,0.578,COMBINED_STRESS,High Stress,700.0
5,75,Pod Development,55.61,23.17,26.89,62.44,6.0,0.673,NORMAL,Normal,2896.0
2,95,Maturation,54.9,24.51,29.5,59.53,0.0,0.844,NORMAL,Normal,3055.1
3,48,Flowering & Pegging,25.16,31.64,31.82,54.14,0.0,0.67,MOISTURE_STRESS,High Stress,700.0
4,26,Vegetative,19.31,38.7,38.4,38.72,0.0,0.592,COMBINED_STRESS,High Stress,700.0
4,46,Flowering & Pegging,45.78,26.38,29.53,69.31,0.0,0.786,NORMAL,Normal,3035.5
6,92,Maturation,55.26,26.46,30.27,65.02,0.0,0.81,NORMAL,Normal,3051.9
1,49,Flowering & Pegging,52.37,22.93,25.49,74.88,0.0,0.79,NORMAL,Normal,3046.3
2,55,Flowering & Pegging,21.92,34.14,33.06,49.24,0.0,0.592,MOISTURE_STRESS,High Stress,700.0
6,41,Flowering & Pegging,54.07,22.35,25.97,63.82,0.0,0.848,NORMAL,Normal,3039.5
4,42,Flowering & Pegging,47.58,27.43,30.41,77.89,4.0,0.785,NORMAL,Normal,2988.9
4,15,Vegetative,20.23,36.11,37.69,39.18,0.0,0.521,COMBINED_STRESS,High Stress,700.0
6,58,Flowering & Pegging,54.91,25.27,29.82,73.37,0.0,0.805,NORMAL,Normal,3100.1
2,21,Vegetative,51.33,24.26,28.8,61.45,0.0,0.86,NORMAL,Normal,3158.4
1,88,Pod Development,59.47,24.21,29.13,62.82,2.0,0.81,NORMAL,Normal,3047.7
4,96,Maturation,46.97,23.56,25.44,72.12,0.0,0.811,NORMAL,Normal,3124.4
3,28,Vegetative,53.02,18.34,21.96,65.91,0.0,0.704,NORMAL,Normal,2722.4
4,38,Flowering & Pegging,50.49,24.84,29.19,66.46,0.0,0.737,NORMAL,Normal,2939.8
2,51,Flowering & Pegging,50.19,23.95,25.81,62.55,6.0,0.823,NORMAL,Normal,3058.1
3,68,Pod Development,51.13,24.45,27.9,65.72,0.0,0.77,NORMAL,Normal,2947.3
3,85,Pod Development,50.31,21.15,23.0,72.57,6.0,0.752,NORMAL,Normal,2959.7
3,34,Vegetative,22.86,32.2,33.61,29.99,0.0,0.574,MOISTURE_STRESS,High Stress,700.0
5,92,Maturation,25.9,31.92,32.95,40.92,0.0,0.82,MOISTURE_STRESS,High Stress,1396.8
5,110,Maturation,57.98,25.19,32.07,67.61,0.0,0.808,NORMAL,Normal,2631.2
4,52,Flowering & Pegging,52.21,24.7,28.52,75.26,22.0,0.796,NORMAL,Normal,3011.9
5,29,Vegetative,14.03,37.82,38.39,46.48,0.0,0.671,COMBINED_STRESS,High Stress,700.0
4,48,Flowering & Pegging,40.47,23.32,24.23,61.86,0.0,0.855,NORMAL,Normal,1869.3
3,79,Pod Development,58.7,21.28,27.14,69.05,0.0,0.884,NORMAL,Normal,3217.1
2,60,Flowering & Pegging,61.97,25.42,31.53,59.43,22.0,0.741,NORMAL,Normal,2155.1
4,41,Flowering & Pegging,10.26,31.07,30.61,40.49,0.0,0.543,MOISTURE_STRESS,High Stress,700.0
2,91,Maturation,27.55,35.68,37.9,25.29,0.0,0.59,HEAT_STRESS,High Stress,1003.0
6,21,Vegetative,49.9,22.18,24.88,70.46,0.0,0.784,NORMAL,Normal,3012.2
6,20,Vegetative,53.51,21.38,25.82,71.04,0.0,0.848,NORMAL,Normal,3105.1
3,60,Flowering & Pegging,53.15,25.8,28.09,71.97,4.0,0.867,NORMAL,Normal,3222.6
2,72,Pod Development,55.85,26.37,30.38,56.0,0.0,0.759,NORMAL,Normal,3088.2
5,35,Vegetative,20.39,35.9,35.32,36.99,0.0,0.618,MOISTURE_STRESS,High Stress,700.0
4,100,Maturation,16.33,38.65,38.48,34.4,0.0,0.701,COMBINED_STRESS,High Stress,700.0
4,92,Maturation,43.2,23.31,26.86,60.1,0.0,0.847,NORMAL,Normal,3138.3
2,102,Maturation,56.13,22.48,28.28,62.95,0.0,0.837,NORMAL,Normal,3045.0
1,33,Vegetative,52.25,18.83,21.61,70.44,0.0,0.834,NORMAL,Normal,2825.9
6,23,Vegetative,56.72,23.9,27.64,67.9,4.0,0.641,NORMAL,Normal,2831.1
3,70,Pod Development,47.84,25.05,29.79,60.21,0.0,0.838,NORMAL,Normal,2999.5
2,88,Pod Development,50.98,27.26,31.35,68.01,0.0,0.959,NORMAL,Normal,2604.5
5,49,Flowering & Pegging,25.24,32.09,32.42,39.6,0.0,0.713,MOISTURE_STRESS,High Stress,700.0
2,87,Pod Development,49.92,25.87,28.89,55.99,0.0,0.789,NORMAL,Normal,3039.3
1,72,Pod Development,55.01,20.9,26.08,70.79,0.0,0.848,NORMAL,Normal,3179.5
4,64,Flowering & Pegging,25.42,34.76,35.34,26.57,0.0,0.549,MOISTURE_STRESS,High Stress,700.0
3,64,Flowering & Pegging,60.3,20.85,25.22,60.24,0.0,0.935,NORMAL,Normal,3294.2
1,74,Pod Development,60.36,23.68,28.79,79.68,22.0,0.923,NORMAL,Normal,3325.2
2,80,Pod Development,21.81,33.53,33.49,43.53,0.0,0.551,MOISTURE_STRESS,High Stress,700.0
3,62,Flowering & Pegging,25.84,37.47,41.09,37.71,0.0,0.666,COMBINED_STRESS,High Stress,700.0
2,99,Maturation,56.29,27.69,31.86,76.58,12.0,0.828,NORMAL,Normal,2597.3
4,69,Pod Development,45.59,26.48,29.39,57.84,0.0,0.896,NORMAL,Normal,3153.8
3,59,Flowering & Pegging,53.3,26.28,30.77,63.06,2.0,0.805,NORMAL,Normal,3067.1
5,53,Flowering & Pegging,83.2,21.29,30.07,75.06,45.62,0.475,WATERLOGGING_STRESS,Moderate Stress,1531.8
2,16,Vegetative,19.64,34.82,33.66,31.05,0.0,0.762,MOISTURE_STRESS,High Stress,700.0
2,110,Maturation,53.26,20.83,23.78,64.44,12.0,0.792,NORMAL,Normal,3210.0
5,39,Flowering & Pegging,56.86,24.35,29.2,69.26,0.0,0.833,NORMAL,Normal,3040.5
3,89,Pod Development,23.89,32.85,32.0,33.69,0.0,0.703,MOISTURE_STRESS,High Stress,700.0
4,50,Flowering & Pegging,19.41,37.36,38.01,49.9,0.0,0.72,COMBINED_STRESS,High Stress,700.0
6,50,Flowering & Pegging,29.02,30.06,31.41,34.64,0.0,0.539,MOISTURE_STRESS,Moderate Stress,700.0
4,47,Flowering & Pegging,51.7,26.6,28.91,72.63,0.0,0.777,NORMAL,Normal,2987.1
6,66,Pod Development,55.79,23.74,26.67,66.87,0.0,0.747,NORMAL,Normal,2931.8
4,92,Maturation,52.35,20.49,25.47,63.11,0.0,0.939,NORMAL,Normal,3270.4
6,109,Maturation,84.94,18.0,24.18,83.7,49.12,0.508,WATERLOGGING_STRESS,Moderate Stress,1950.6
5,110,Maturation,28.13,33.77,35.65,30.62,0.0,0.652,HEAT_STRESS,High Stress,1154.8
1,92,Maturation,52.39,19.24,23.03,62.29,4.0,0.952,NORMAL,Normal,3281.2
2,72,Pod Development,17.41,38.64,39.04,28.38,0.0,0.54,COMBINED_STRESS,High Stress,700.0
4,55,Flowering & Pegging,50.54,21.69,25.24,60.63,0.0,0.792,NORMAL,Normal,2991.7
5,105,Maturation,24.66,30.53,31.45,40.38,0.0,0.759,MOISTURE_STRESS,High Stress,1159.6
6,16,Vegetative,89.4,19.09,28.81,85.41,38.51,0.63,WATERLOGGING_STRESS,Moderate Stress,1523.8
6,103,Maturation,59.02,22.36,27.6,75.63,12.0,0.602,NORMAL,Normal,2730.0
5,21,Vegetative,18.38,33.05,34.53,36.4,0.0,0.472,MOISTURE_STRESS,High Stress,700.0
6,94,Maturation,22.82,32.06,34.13,40.69,0.0,0.79,MOISTURE_STRESS,High Stress,1114.2
6,56,Flowering & Pegging,27.39,32.75,35.42,25.17,0.0,0.665,MOISTURE_STRESS,Moderate Stress,700.0
5,83,Pod Development,50.52,25.55,29.32,70.77,0.0,0.736,NORMAL,Normal,2984.5
1,45,Flowering & Pegging,51.96,25.6,30.28,62.22,0.0,0.691,NORMAL,Normal,2875.7
3,39,Flowering & Pegging,56.78,24.63,28.77,68.64,2.0,0.812,NORMAL,Normal,3084.3
4,30,Vegetative,44.71,25.09,28.51,78.39,0.0,0.828,NORMAL,Normal,3066.5
1,106,Maturation,27.96,32.07,33.53,35.25,0.0,0.708,MOISTURE_STRESS,Moderate Stress,1223.3
2,38,Flowering & Pegging,51.64,20.74,25.63,68.71,0.0,0.757,NORMAL,Normal,3049.8
3,83,Pod Development,30.27,32.66,37.05,45.01,0.0,0.79,HEAT_STRESS,High Stress,700.0
2,55,Flowering & Pegging,51.05,26.46,29.47,60.65,0.0,0.804,NORMAL,Normal,3051.4
4,102,Maturation,54.33,25.31,30.12,76.61,22.0,0.701,NORMAL,Normal,2915.4
4,55,Flowering & Pegging,12.24,38.22,39.41,45.52,0.0,0.648,COMBINED_STRESS,High Stress,700.0
2,33,Vegetative,26.55,34.5,35.6,46.61,0.0,0.726,HEAT_STRESS,High Stress,729.3
2,82,Pod Development,52.89,22.24,24.25,60.24,0.0,0.832,NORMAL,Normal,3121.8
2,109,Maturation,51.0,21.68,26.25,70.26,4.0,0.801,NORMAL,Normal,3010.1
5,87,Pod Development,78.59,18.9,26.15,77.61,45.45,0.624,NORMAL,Normal,2291.4
2,73,Pod Development,52.97,20.89,23.55,59.77,0.0,0.79,NORMAL,Normal,3072.2
6,50,Flowering & Pegging,24.66,36.34,36.38,49.11,0.0,0.398,COMBINED_STRESS,High Stress,700.0
2,44,Flowering & Pegging,53.3,22.42,27.14,71.4,0.0,0.705,NORMAL,Normal,2958.6
2,44,Flowering & Pegging,50.89,27.06,30.6,68.66,0.0,0.74,NORMAL,Normal,3013.3
5,53,Flowering & Pegging,21.79,37.11,39.48,42.34,0.0,0.645,COMBINED_STRESS,High Stress,700.0
6,32,Vegetative,53.01,26.64,29.11,65.14,0.0,0.778,NORMAL,Normal,3017.6
2,25,Vegetative,52.9,23.87,26.88,77.57,4.0,0.807,NORMAL,Normal,3067.0
1,98,Maturation,22.39,31.43,32.47,34.78,0.0,0.887,MOISTURE_STRESS,High Stress,1191.1
3,99,Maturation,16.69,34.52,34.87,34.08,0.0,0.821,MOISTURE_STRESS,High Stress,799.2
5,79,Pod Development,59.21,25.41,30.02,67.22,22.0,0.847,NORMAL,Normal,3115.5
3,23,Vegetative,51.92,24.04,28.43,68.11,0.0,0.844,NORMAL,Normal,3142.2
1,83,Pod Development,50.94,24.75,28.07,74.68,0.0,0.8,NORMAL,Normal,3149.4
6,57,Flowering & Pegging,54.54,21.77,24.31,62.97,0.0,0.815,NORMAL,Normal,3076.9
1,71,Pod Development,15.2,33.71,34.16,36.05,0.0,0.727,MOISTURE_STRESS,High Stress,700.0
3,88,Pod Development,31.67,34.26,37.0,37.29,0.0,0.683,HEAT_STRESS,High Stress,700.0
4,76,Pod Development,47.14,22.18,25.98,57.45,0.0,0.808,NORMAL,Normal,3090.6
4,71,Pod Development,44.31,26.99,27.61,74.63,0.0,0.622,NORMAL,Normal,2800.1
1,41,Flowering & Pegging,48.39,24.78,28.54,62.62,0.0,0.825,NORMAL,Normal,3125.7
5,91,Maturation,52.24,25.82,29.0,81.99,0.0,0.762,NORMAL,Normal,3089.0
4,17,Vegetative,26.42,32.93,33.85,55.51,0.0,0.63,MOISTURE_STRESS,Moderate Stress,950.6
5,73,Pod Development,52.29,24.14,30.18,64.36,0.0,0.738,NORMAL,Normal,3009.3
4,94,Maturation,16.79,38.49,37.54,47.35,0.0,0.534,COMBINED_STRESS,High Stress,700.0
2,54,Flowering & Pegging,56.64,22.1,26.86,66.64,12.0,0.818,NORMAL,Normal,3146.2
3,67,Pod Development,51.54,23.06,27.63,77.54,0.0,0.651,NORMAL,Normal,2785.6
5,106,Maturation,51.41,22.8,25.97,60.38,0.0,0.766,NORMAL,Normal,3036.2
3,72,Pod Development,51.6,22.4,24.34,70.06,0.0,0.756,NORMAL,Normal,2971.4
1,89,Pod Development,58.28,20.57,23.55,65.99,2.0,0.932,NORMAL,Normal,3314.3
6,32,Vegetative,27.04,30.85,31.54,37.82,0.0,0.608,MOISTURE_STRESS,Moderate Stress,1081.1
4,109,Maturation,46.73,23.14,25.85,71.75,4.0,0.74,NORMAL,Normal,2980.4
4,31,Vegetative,29.86,30.87,31.41,39.45,0.0,0.648,MOISTURE_STRESS,Moderate Stress,1198.0
6,98,Maturation,31.46,31.97,33.36,45.44,0.0,0.733,MOISTURE_STRESS,Moderate Stress,1491.9
1,63,Flowering & Pegging,17.53,31.43,30.32,54.95,0.0,0.44,MOISTURE_STRESS,High Stress,700.0
3,27,Vegetative,59.92,24.17,29.71,68.23,2.0,0.852,NORMAL,Normal,3203.2
6,61,Flowering & Pegging,53.27,22.99,28.09,68.71,0.0,0.713,NORMAL,Normal,2879.6
5,73,Pod Development,51.1,24.84,29.34,70.62,0.0,0.712,NORMAL,Normal,2970.9
3,22,Vegetative,50.88,24.29,26.71,58.81,0.0,0.857,NORMAL,Normal,3210.8
1,89,Pod Development,17.91,34.2,34.25,50.23,0.0,0.819,MOISTURE_STRESS,High Stress,700.0
2,62,Flowering & Pegging,20.74,37.37,37.31,22.66,0.0,0.615,COMBINED_STRESS,High Stress,700.0
3,92,Maturation,30.85,32.39,33.75,34.58,0.0,0.818,MOISTURE_STRESS,Moderate Stress,1501.1
6,17,Vegetative,28.82,38.33,40.38,38.03,0.0,0.697,HEAT_STRESS,High Stress,700.0
1,95,Maturation,17.89,38.5,38.89,35.78,0.0,0.775,COMBINED_STRESS,High Stress,700.0
3,59,Flowering & Pegging,21.87,35.74,35.99,42.84,0.0,0.713,COMBINED_STRESS,High Stress,700.0
1,44,Flowering & Pegging,19.25,34.77,34.99,49.44,0.0,0.668,MOISTURE_STRESS,High Stress,700.0
1,48,Flowering & Pegging,51.78,25.71,29.49,65.52,0.0,0.77,NORMAL,Normal,3058.5
4,74,Pod Development,25.93,36.59,40.39,39.3,0.0,0.626,COMBINED_STRESS,High Stress,700.0
2,63,Flowering & Pegging,52.09,26.96,31.07,67.86,0.0,0.821,NORMAL,Normal,2396.0
5,36,Flowering & Pegging,51.31,25.82,29.21,72.74,0.0,0.709,NORMAL,Normal,2959.7
4,35,Vegetative,49.8,24.52,27.82,65.5,0.0,0.848,NORMAL,Normal,3094.0
1,16,Vegetative,51.73,22.23,26.96,63.88,0.0,0.801,NORMAL,Normal,3034.2
2,35,Vegetative,19.72,38.24,39.42,36.35,0.0,0.768,COMBINED_STRESS,High Stress,700.0
4,107,Maturation,16.54,37.81,37.04,24.49,0.0,0.626,COMBINED_STRESS,High Stress,737.4
5,15,Vegetative,29.37,33.68,36.49,37.33,0.0,0.606,HEAT_STRESS,High Stress,740.4
4,25,Vegetative,22.08,35.52,34.32,40.55,0.0,0.723,MOISTURE_STRESS,High Stress,768.4
3,97,Maturation,53.87,20.29,21.87,73.95,0.0,0.775,NORMAL,Normal,2867.7
6,46,Flowering & Pegging,53.76,24.99,29.64,67.72,0.0,0.833,NORMAL,Normal,3091.1
6,93,Maturation,53.26,25.53,29.31,73.73,0.0,0.898,NORMAL,Normal,3275.8
3,93,Maturation,27.45,30.09,30.25,39.94,0.0,0.626,MOISTURE_STRESS,Moderate Stress,1516.0
3,105,Maturation,19.66,35.87,35.84,42.72,0.0,0.654,COMBINED_STRESS,High Stress,923.9
5,88,Pod Development,26.15,30.77,32.22,41.67,0.0,0.811,MOISTURE_STRESS,Moderate Stress,700.0
6,65,Flowering & Pegging,55.25,23.47,27.65,71.45,0.0,0.888,NORMAL,Normal,3199.1
6,80,Pod Development,55.67,24.32,28.44,74.27,0.0,0.767,NORMAL,Normal,3054.3
3,35,Vegetative,23.18,32.78,34.45,30.22,0.0,0.474,MOISTURE_STRESS,High Stress,700.0
6,76,Pod Development,27.94,38.82,39.57,27.32,0.0,0.391,HEAT_STRESS,High Stress,700.0
2,21,Vegetative,81.64,18.0,25.07,80.38,59.24,0.532,WATERLOGGING_STRESS,Moderate Stress,2133.6
4,82,Pod Development,50.46,21.93,25.22,62.04,0.0,0.907,NORMAL,Normal,3275.7
2,65,Flowering & Pegging,83.12,18.0,26.78,82.58,30.02,0.674,WATERLOGGING_STRESS,Moderate Stress,1895.4
4,56,Flowering & Pegging,46.88,28.24,31.53,75.45,0.0,0.739,NORMAL,Normal,2157.0
4,109,Maturation,30.45,36.35,37.38,32.83,0.0,0.675,HEAT_STRESS,High Stress,1048.9
3,73,Pod Development,62.02,23.0,27.7,63.32,0.0,0.852,NORMAL,Normal,3182.1
5,63,Flowering & Pegging,53.02,25.0,28.95,64.04,0.0,0.742,NORMAL,Normal,2990.6
6,39,Flowering & Pegging,13.88,35.44,33.95,43.05,0.0,0.588,MOISTURE_STRESS,High Stress,700.0
3,96,Maturation,22.56,35.83,36.0,48.98,0.0,0.68,COMBINED_STRESS,High Stress,911.4
3,22,Vegetative,50.25,21.27,22.89,78.78,0.0,0.666,NORMAL,Normal,2758.7
1,29,Vegetative,31.52,33.03,34.03,61.09,0.0,0.581,MOISTURE_STRESS,Moderate Stress,1080.8
3,89,Pod Development,52.56,24.85,28.16,63.1,0.0,0.67,NORMAL,Normal,2811.6
1,60,Flowering & Pegging,61.02,22.21,28.0,62.96,0.0,0.909,NORMAL,Normal,3293.7
1,48,Flowering & Pegging,54.23,24.37,28.16,69.98,2.0,0.928,NORMAL,Normal,3329.7
5,45,Flowering & Pegging,83.66,23.77,31.4,75.24,44.23,0.636,WATERLOGGING_STRESS,Moderate Stress,1245.4
6,43,Flowering & Pegging,14.26,38.8,40.17,29.45,0.0,0.7,COMBINED_STRESS,High Stress,700.0
6,18,Vegetative,80.68,18.0,26.1,80.96,29.84,0.598,WATERLOGGING_STRESS,Moderate Stress,2409.1
4,60,Flowering & Pegging,45.58,28.02,29.21,73.3,0.0,0.833,NORMAL,Normal,3071.2
5,108,Maturation,46.71,26.6,29.18,58.05,0.0,0.907,NORMAL,Normal,3303.4
3,106,Maturation,21.77,29.5,29.91,33.15,0.0,0.799,MOISTURE_STRESS,High Stress,1335.2
3,110,Maturation,28.9,30.64,32.86,29.09,0.0,0.811,MOISTURE_STRESS,Moderate Stress,1418.1
3,99,Maturation,87.53,18.0,25.27,77.27,39.84,0.516,WATERLOGGING_STRESS,Moderate Stress,1803.3
4,57,Flowering & Pegging,55.18,26.98,32.34,67.59,22.0,0.812,NORMAL,Normal,2090.5
5,95,Maturation,51.99,25.39,30.46,63.19,0.0,0.721,NORMAL,Normal,2966.3
1,19,Vegetative,77.82,18.0,22.65,79.78,68.64,0.653,NORMAL,Normal,2426.6
2,105,Maturation,77.09,18.35,26.12,77.49,35.93,0.666,NORMAL,Normal,2574.9
3,50,Flowering & Pegging,11.98,35.07,34.46,34.6,0.0,0.678,MOISTURE_STRESS,High Stress,700.0
6,79,Pod Development,31.9,32.0,34.35,35.69,0.0,0.763,MOISTURE_STRESS,Moderate Stress,700.0
4,80,Pod Development,42.23,25.11,27.51,52.41,0.0,0.893,NORMAL,Normal,3274.2
4,43,Flowering & Pegging,18.63,33.92,34.09,65.44,0.0,0.732,MOISTURE_STRESS,High Stress,700.0
3,27,Vegetative,51.87,22.56,27.33,63.55,0.0,0.77,NORMAL,Normal,3008.9
2,50,Flowering & Pegging,51.26,24.09,29.34,75.5,0.0,0.77,NORMAL,Normal,2906.2
5,101,Maturation,20.18,35.53,36.54,36.22,0.0,0.788,COMBINED_STRESS,High Stress,934.7
1,104,Maturation,55.78,24.1,27.69,55.71,6.0,0.844,NORMAL,Normal,3184.0
5,110,Maturation,19.1,35.24,35.82,31.76,0.0,0.685,COMBINED_STRESS,High Stress,909.6
2,22,Vegetative,48.69,22.34,25.39,64.69,0.0,0.856,NORMAL,Normal,3151.6
5,21,Vegetative,53.06,25.52,30.25,61.43,0.0,0.754,NORMAL,Normal,2979.0
4,29,Vegetative,13.34,40.0,40.22,38.11,0.0,0.745,COMBINED_STRESS,High Stress,700.0
3,23,Vegetative,52.15,25.57,27.72,60.31,0.0,0.857,NORMAL,Normal,3172.5
2,85,Pod Development,59.13,23.87,29.13,67.3,12.0,0.861,NORMAL,Normal,3103.1
2,83,Pod Development,54.29,22.14,24.86,51.68,0.0,0.958,NORMAL,Normal,3270.4
4,40,Flowering & Pegging,45.43,24.74,26.84,68.06,0.0,0.766,NORMAL,Normal,2958.8
6,92,Maturation,24.96,32.54,31.96,48.44,0.0,0.773,MOISTURE_STRESS,High Stress,1253.0
3,45,Flowering & Pegging,52.97,22.61,25.87,69.03,0.0,0.818,NORMAL,Normal,3115.4
6,102,Maturation,17.06,32.11,29.77,39.75,0.0,0.665,MOISTURE_STRESS,High Stress,947.2
6,109,Maturation,59.23,21.44,25.99,72.95,0.0,0.897,NORMAL,Normal,3130.8
5,47,Flowering & Pegging,53.31,21.4,23.93,65.29,0.0,0.842,NORMAL,Normal,3117.1
3,61,Flowering & Pegging,53.35,25.07,30.96,55.88,0.0,0.886,NORMAL,Normal,3203.9
6,22,Vegetative,14.52,39.87,40.41,35.56,0.0,0.722,COMBINED_STRESS,High Stress,700.0
4,15,Vegetative,68.46,21.13,27.43,85.15,45.08,0.372,NUTRIENT_DEFICIT,Moderate Stress,2026.3
6,26,Vegetative,20.94,35.74,34.23,41.2,0.0,0.641,MOISTURE_STRESS,High Stress,700.0
4,83,Pod Development,17.94,34.71,36.57,30.64,0.0,0.634,COMBINED_STRESS,High Stress,700.0
6,61,Flowering & Pegging,25.19,33.38,33.74,39.97,0.0,0.613,MOISTURE_STRESS,High Stress,700.0
3,31,Vegetative,27.88,31.14,31.03,45.32,0.0,0.553,MOISTURE_STRESS,Moderate Stress,1024.0
4,88,Pod Development,45.03,26.01,28.85,69.17,0.0,0.789,NORMAL,Normal,2966.7
3,99,Maturation,50.05,24.76,27.42,70.8,0.0,0.673,NORMAL,Normal,2829.4
2,43,Flowering & Pegging,52.98,26.7,28.84,68.11,0.0,0.916,NORMAL,Normal,3184.9
6,31,Vegetative,55.71,23.79,28.13,61.05,0.0,0.771,NORMAL,Normal,2949.4
2,17,Vegetative,16.76,36.09,37.8,40.79,0.0,0.706,COMBINED_STRESS,High Stress,700.0
1,83,Pod Development,52.97,21.18,25.98,67.82,0.0,0.743,NORMAL,Normal,3011.5
5,66,Pod Development,24.3,33.87,33.81,44.7,0.0,0.694,MOISTURE_STRESS,High Stress,700.0
3,33,Vegetative,52.61,23.09,27.54,62.92,0.0,0.878,NORMAL,Normal,3226.5
5,63,Flowering & Pegging,17.41,34.24,32.48,29.3,0.0,0.703,MOISTURE_STRESS,High Stress,700.0
2,61,Flowering & Pegging,26.01,37.07,39.61,36.78,0.0,0.588,HEAT_STRESS,High Stress,700.0
2,103,Maturation,20.18,36.45,37.58,36.18,0.0,0.761,COMBINED_STRESS,High Stress,823.1
6,42,Flowering & Pegging,68.84,19.48,26.54,64.48,0.0,0.898,NORMAL,Normal,2617.4
6,41,Flowering & Pegging,25.06,31.51,32.3,36.67,0.0,0.638,MOISTURE_STRESS,High Stress,700.0
1,101,Maturation,29.03,31.83,32.23,40.07,0.0,0.774,MOISTURE_STRESS,Moderate Stress,1416.7
4,95,Maturation,12.41,37.4,37.94,33.18,0.0,0.717,COMBINED_STRESS,High Stress,722.4
2,97,Maturation,27.57,31.83,32.27,41.89,0.0,0.809,MOISTURE_STRESS,Moderate Stress,1360.6
6,99,Maturation,52.21,22.99,27.93,63.73,0.0,0.79,NORMAL,Normal,3035.5
1,40,Flowering & Pegging,59.67,21.4,25.92,61.26,0.0,0.84,NORMAL,Normal,3157.8
4,105,Maturation,49.74,24.87,29.34,67.46,12.0,0.773,NORMAL,Normal,3043.3
5,36,Flowering & Pegging,52.81,27.07,32.44,66.19,0.0,0.886,NORMAL,Normal,2199.4
5,101,Maturation,50.56,20.72,24.7,75.33,0.0,0.688,NORMAL,Normal,2851.9
2,54,Flowering & Pegging,53.38,23.86,27.47,71.96,4.0,0.726,NORMAL,Normal,2920.9
6,79,Pod Development,53.87,24.55,30.79,74.07,0.0,0.701,NORMAL,Normal,2978.6
4,40,Flowering & Pegging,22.73,35.55,35.72,34.64,0.0,0.725,COMBINED_STRESS,High Stress,700.0
5,99,Maturation,14.67,40.0,40.96,43.13,0.0,0.514,COMBINED_STRESS,High Stress,700.0
6,43,Flowering & Pegging,27.79,30.9,31.93,45.92,0.0,0.689,MOISTURE_STRESS,Moderate Stress,700.0
4,18,Vegetative,16.3,37.43,34.89,38.35,0.0,0.665,MOISTURE_STRESS,High Stress,700.0
4,71,Pod Development,45.75,26.95,30.76,77.16,0.0,0.932,NORMAL,Normal,3184.6
3,55,Flowering & Pegging,27.68,36.54,37.44,47.28,0.0,0.587,HEAT_STRESS,High Stress,700.0
1,82,Pod Development,21.17,33.95,33.13,43.1,0.0,0.782,MOISTURE_STRESS,High Stress,700.0
2,93,Maturation,61.35,20.54,24.63,64.82,0.0,0.792,NORMAL,Normal,2985.8
5,16,Vegetative,53.69,27.58,32.54,63.88,0.0,0.594,HEAT_STRESS,Moderate Stress,2142.2
3,86,Pod Development,57.55,22.64,26.64,62.19,12.0,0.735,NORMAL,Normal,2914.5
5,59,Flowering & Pegging,29.15,34.97,36.56,33.26,0.0,0.648,HEAT_STRESS,High Stress,700.0
2,41,Flowering & Pegging,58.01,22.41,27.32,67.52,0.0,0.896,NORMAL,Normal,3342.0
5,21,Vegetative,52.39,25.01,28.79,74.57,0.0,0.745,NORMAL,Normal,3050.6
1,97,Maturation,52.22,21.11,25.38,62.58,0.0,0.686,NORMAL,Normal,2887.6
5,90,Pod Development,53.94,24.27,27.74,63.33,6.0,0.88,NORMAL,Normal,3167.2
1,106,Maturation,49.66,24.16,29.34,59.82,2.0,0.893,NORMAL,Normal,3257.2
3,16,Vegetative,58.34,25.33,30.84,55.62,0.0,0.843,NORMAL,Normal,3071.4
4,67,Pod Development,45.5,27.31,29.78,62.55,0.0,0.637,NORMAL,Normal,2827.1
4,55,Flowering & Pegging,44.72,24.89,28.18,62.97,0.0,0.814,NORMAL,Normal,3098.1
4,44,Flowering & Pegging,54.5,24.78,27.95,64.35,22.0,0.968,NORMAL,Normal,3223.9
3,30,Vegetative,25.62,33.61,32.58,47.72,0.0,0.597,MOISTURE_STRESS,High Stress,876.6
4,27,Vegetative,43.49,20.83,22.76,70.98,0.0,0.726,NORMAL,Normal,2988.0
2,75,Pod Development,52.22,22.61,25.96,75.96,0.0,0.752,NORMAL,Normal,2941.1
5,87,Pod Development,50.56,25.42,29.57,59.5,0.0,0.779,NORMAL,Normal,3091.9
5,37,Flowering & Pegging,57.91,22.63,26.57,76.98,12.0,0.896,NORMAL,Normal,3176.2
1,53,Flowering & Pegging,56.64,20.22,24.22,66.85,12.0,0.843,NORMAL,Normal,3190.7
5,19,Vegetative,26.21,34.12,33.56,45.06,0.0,0.617,MOISTURE_STRESS,Moderate Stress,899.9
3,42,Flowering & Pegging,52.4,23.91,29.6,57.99,0.0,0.746,NORMAL,Normal,2874.0
6,75,Pod Development,65.17,24.19,29.12,55.98,0.0,0.78,NORMAL,Normal,3087.4
4,59,Flowering & Pegging,44.43,21.99,23.67,63.08,0.0,0.715,NORMAL,Normal,2917.0
1,82,Pod Development,61.91,20.82,24.37,57.19,0.0,0.87,NORMAL,Normal,3221.8
1,76,Pod Development,60.71,21.97,27.66,61.8,0.0,0.866,NORMAL,Normal,3122.2
4,42,Flowering & Pegging,49.05,25.21,28.21,75.05,4.0,0.718,NORMAL,Normal,2924.3
4,87,Pod Development,18.66,37.0,38.14,33.98,0.0,0.325,COMBINED_STRESS,High Stress,700.0
1,23,Vegetative,51.68,27.42,30.85,78.79,0.0,0.826,NORMAL,Normal,3067.0
1,93,Maturation,47.24,23.46,27.3,60.15,6.0,0.867,NORMAL,Normal,3132.2
2,51,Flowering & Pegging,23.35,32.89,33.32,37.74,0.0,0.818,MOISTURE_STRESS,High Stress,700.0
5,105,Maturation,62.49,21.5,26.06,73.74,22.0,0.71,NORMAL,Normal,2893.8
5,73,Pod Development,24.84,38.54,40.46,29.06,0.0,0.58,COMBINED_STRESS,High Stress,700.0
4,28,Vegetative,71.74,18.0,22.53,80.55,31.24,0.45,NORMAL,Normal,2244.8
2,103,Maturation,44.7,26.16,28.83,64.48,6.0,0.854,NORMAL,Normal,3138.6
6,20,Vegetative,52.38,23.1,26.78,64.06,0.0,0.835,NORMAL,Normal,3199.0
2,31,Vegetative,59.2,24.7,29.0,64.67,2.0,0.789,NORMAL,Normal,3023.5
4,104,Maturation,49.78,23.83,25.81,64.29,0.0,0.826,NORMAL,Normal,3041.7
1,51,Flowering & Pegging,18.69,32.36,32.66,45.12,0.0,0.612,MOISTURE_STRESS,High Stress,700.0
3,85,Pod Development,17.56,33.81,32.7,46.02,0.0,0.825,MOISTURE_STRESS,High Stress,700.0
2,41,Flowering & Pegging,51.35,23.29,26.45,61.61,0.0,0.772,NORMAL,Normal,3075.4
5,64,Flowering & Pegging,23.46,40.0,44.0,25.67,0.0,0.476,COMBINED_STRESS,High Stress,700.0
6,91,Maturation,57.74,21.0,25.16,67.65,0.0,0.905,NORMAL,Normal,3214.2
5,46,Flowering & Pegging,30.74,32.37,34.11,39.58,0.0,0.599,MOISTURE_STRESS,Moderate Stress,700.0
4,100,Maturation,51.57,24.79,28.26,52.03,0.0,0.83,NORMAL,Normal,3092.7
1,65,Flowering & Pegging,53.96,19.89,24.21,66.22,0.0,0.769,NORMAL,Normal,2955.2
4,88,Pod Development,24.37,30.73,31.39,54.66,0.0,0.79,MOISTURE_STRESS,High Stress,700.0
5,57,Flowering & Pegging,54.95,27.21,31.48,65.75,12.0,0.834,NORMAL,Normal,2316.8
3,101,Maturation,18.72,33.64,34.53,46.84,0.0,0.647,MOISTURE_STRESS,High Stress,837.2
5,98,Maturation,33.5,33.65,36.16,26.09,0.0,0.677,HEAT_STRESS,High Stress,1224.6
3,44,Flowering & Pegging,52.85,23.91,27.12,68.42,0.0,0.816,NORMAL,Normal,3015.0
3,59,Flowering & Pegging,86.54,18.0,25.66,83.71,42.47,0.736,WATERLOGGING_STRESS,Moderate Stress,1429.1
1,93,Maturation,20.16,31.63,32.33,32.64,0.0,0.66,MOISTURE_STRESS,High Stress,941.5
6,79,Pod Development,62.29,25.22,30.39,61.3,2.0,0.791,NORMAL,Normal,3015.7
6,30,Vegetative,59.82,22.43,28.0,63.94,0.0,0.876,NORMAL,Normal,3188.5
1,89,Pod Development,22.96,33.81,36.51,31.17,0.0,0.64,COMBINED_STRESS,High Stress,700.0
6,107,Maturation,55.03,24.07,28.37,72.42,0.0,0.81,NORMAL,Normal,3103.2
5,20,Vegetative,53.29,23.49,27.02,66.36,6.0,0.814,NORMAL,Normal,3129.3
4,61,Flowering & Pegging,80.22,18.0,24.7,87.03,45.17,0.506,WATERLOGGING_STRESS,Moderate Stress,2015.7
2,84,Pod Development,21.49,38.04,39.75,30.62,0.0,0.615,COMBINED_STRESS,High Stress,700.0
1,52,Flowering & Pegging,57.63,26.24,31.16,52.95,0.0,0.765,NORMAL,Normal,2283.1
4,93,Maturation,46.03,23.76,24.58,74.4,0.0,0.749,NORMAL,Normal,2942.8
1,78,Pod Development,51.77,22.68,25.75,67.69,4.0,0.817,NORMAL,Normal,3162.0
3,19,Vegetative,52.04,19.04,22.56,74.42,0.0,0.742,NORMAL,Normal,2909.5
2,54,Flowering & Pegging,53.75,23.75,26.68,60.09,0.0,0.683,NORMAL,Normal,2881.0
5,95,Maturation,53.77,26.13,29.31,54.51,0.0,0.761,NORMAL,Normal,3041.2
5,70,Pod Development,53.0,21.6,23.97,71.16,0.0,0.682,NORMAL,Normal,2847.8
3,31,Vegetative,50.75,24.59,29.85,67.11,0.0,0.867,NORMAL,Normal,3285.1
4,92,Maturation,17.11,32.85,32.9,51.64,0.0,0.708,MOISTURE_STRESS,High Stress,870.8
1,67,Pod Development,27.4,34.29,35.78,42.5,0.0,0.536,HEAT_STRESS,High Stress,700.0
5,98,Maturation,17.78,36.2,35.03,39.04,0.0,0.555,MOISTURE_STRESS,High Stress,743.1
3,65,Flowering & Pegging,51.51,24.47,27.04,64.15,0.0,0.921,NORMAL,Normal,3192.1
4,63,Flowering & Pegging,16.09,37.22,39.35,42.72,0.0,0.476,COMBINED_STRESS,High Stress,700.0
4,80,Pod Development,45.25,23.73,26.4,71.57,0.0,0.818,NORMAL,Normal,3128.6
5,66,Pod Development,52.68,22.43,26.22,60.73,0.0,0.789,NORMAL,Normal,3063.1
5,36,Flowering & Pegging,23.44,34.88,35.03,40.9,0.0,0.665,MOISTURE_STRESS,High Stress,700.0
5,65,Flowering & Pegging,51.91,22.55,25.28,77.75,0.0,0.857,NORMAL,Normal,3178.5
6,17,Vegetative,31.85,33.22,36.54,40.43,0.0,0.532,HEAT_STRESS,High Stress,854.4
6,104,Maturation,56.37,24.18,29.56,63.45,4.0,0.785,NORMAL,Normal,3008.3
2,53,Flowering & Pegging,53.89,20.08,25.38,71.28,2.0,0.882,NORMAL,Normal,3220.1
2,49,Flowering & Pegging,56.38,30.58,34.17,71.36,4.0,0.724,HEAT_STRESS,Moderate Stress,1735.3
3,92,Maturation,78.97,18.0,24.39,89.14,57.65,0.61,NORMAL,Normal,2491.0
2,26,Vegetative,15.14,40.0,39.71,34.65,0.0,0.593,COMBINED_STRESS,High Stress,700.0
3,96,Maturation,25.01,32.14,32.08,41.13,0.0,0.692,MOISTURE_STRESS,High Stress,1177.6
6,18,Vegetative,57.07,25.48,29.21,68.23,0.0,0.775,NORMAL,Normal,3024.4
4,43,Flowering & Pegging,44.54,26.73,28.58,59.51,0.0,0.794,NORMAL,Normal,3018.5
1,78,Pod Development,21.79,33.25,34.82,42.76,0.0,0.513,MOISTURE_STRESS,High Stress,700.0
5,104,Maturation,15.27,33.3,34.17,39.92,0.0,0.7,MOISTURE_STRESS,High Stress,767.9
3,87,Pod Development,25.23,37.23,40.13,28.98,0.0,0.68,COMBINED_STRESS,High Stress,700.0
5,59,Flowering & Pegging,52.06,21.84,25.88,67.4,0.0,0.849,NORMAL,Normal,3055.0
6,88,Pod Development,90.61,18.0,25.93,78.81,50.23,0.581,WATERLOGGING_STRESS,Moderate Stress,1016.1
4,55,Flowering & Pegging,16.3,35.99,36.22,33.5,0.0,0.704,COMBINED_STRESS,High Stress,700.0
2,45,Flowering & Pegging,17.68,34.42,34.03,41.53,0.0,0.619,MOISTURE_STRESS,High Stress,700.0
6,28,Vegetative,53.81,21.81,25.87,54.46,0.0,0.767,NORMAL,Normal,2959.2
3,91,Maturation,20.45,38.31,39.93,37.14,0.0,0.793,COMBINED_STRESS,High Stress,765.3
4,75,Pod Development,20.8,34.77,34.47,47.42,0.0,0.678,MOISTURE_STRESS,High Stress,700.0
3,90,Pod Development,50.92,21.52,24.78,76.41,0.0,0.844,NORMAL,Normal,3132.5
1,70,Pod Development,48.11,23.41,26.82,71.66,0.0,0.848,NORMAL,Normal,3207.3
3,45,Flowering & Pegging,47.94,22.04,25.52,68.25,0.0,0.827,NORMAL,Normal,3112.6
2,84,Pod Development,53.31,22.18,25.19,64.82,0.0,0.791,NORMAL,Normal,3084.6
3,23,Vegetative,26.69,32.75,35.96,49.37,0.0,0.812,HEAT_STRESS,High Stress,817.8
5,41,Flowering & Pegging,50.82,20.76,24.38,61.72,0.0,0.837,NORMAL,Normal,3055.4
6,109,Maturation,58.11,23.96,28.08,68.94,12.0,0.705,NORMAL,Normal,2952.7
2,54,Flowering & Pegging,20.12,35.91,37.91,39.23,0.0,0.552,COMBINED_STRESS,High Stress,700.0
6,55,Flowering & Pegging,89.87,18.94,29.26,70.06,57.58,0.474,WATERLOGGING_STRESS,Moderate Stress,828.8
1,91,Maturation,25.72,31.46,30.98,46.8,0.0,0.608,MOISTURE_STRESS,High Stress,1425.5
3,83,Pod Development,23.02,32.43,33.25,39.84,0.0,0.537,MOISTURE_STRESS,High Stress,700.0
2,31,Vegetative,18.39,37.87,39.05,34.12,0.0,0.724,COMBINED_STRESS,High Stress,700.0
3,63,Flowering & Pegging,51.57,19.46,21.08,72.25,0.0,0.813,NORMAL,Normal,2359.7
1,27,Vegetative,54.55,24.17,28.68,65.89,4.0,0.643,NORMAL,Normal,2729.1
1,93,Maturation,80.5,18.0,25.48,80.83,51.73,0.414,WATERLOGGING_STRESS,Moderate Stress,2081.1
2,39,Flowering & Pegging,25.97,32.86,34.31,44.08,0.0,0.671,MOISTURE_STRESS,High Stress,700.0
1,76,Pod Development,56.27,25.66,29.58,63.15,12.0,0.936,NORMAL,Normal,3256.1
4,68,Pod Development,23.81,37.78,39.53,26.69,0.0,0.852,COMBINED_STRESS,High Stress,700.0
6,50,Flowering & Pegging,27.98,33.2,33.25,51.63,0.0,0.659,MOISTURE_STRESS,Moderate Stress,700.0
1,60,Flowering & Pegging,52.47,25.05,29.33,67.35,0.0,0.606,NORMAL,Normal,2601.7
6,15,Vegetative,26.34,31.82,32.9,55.84,0.0,0.649,MOISTURE_STRESS,Moderate Stress,944.3
1,37,Flowering & Pegging,33.81,34.71,37.44,36.38,0.0,0.601,HEAT_STRESS,High Stress,700.0
6,20,Vegetative,17.76,35.93,36.65,42.54,0.0,0.883,COMBINED_STRESS,High Stress,700.0
4,106,Maturation,18.06,34.89,32.58,41.04,0.0,0.625,MOISTURE_STRESS,High Stress,879.3
1,34,Vegetative,20.68,29.56,29.19,36.75,0.0,0.845,MOISTURE_STRESS,High Stress,851.8
5,53,Flowering & Pegging,53.93,21.16,26.18,64.4,0.0,0.83,NORMAL,Normal,3154.0
6,38,Flowering & Pegging,59.65,21.85,28.05,82.64,12.0,0.802,NORMAL,Normal,3056.5
2,98,Maturation,19.49,37.37,36.86,39.61,0.0,0.642,COMBINED_STRESS,High Stress,800.3
3,107,Maturation,51.37,26.04,29.7,72.53,0.0,0.825,NORMAL,Normal,3165.0
5,32,Vegetative,51.62,21.18,25.05,67.03,0.0,0.878,NORMAL,Normal,3230.6
5,49,Flowering & Pegging,52.36,25.83,28.35,68.03,0.0,0.757,NORMAL,Normal,3004.8
1,33,Vegetative,55.34,22.33,26.14,50.01,2.0,0.914,NORMAL,Normal,3236.2
4,36,Flowering & Pegging,30.37,35.14,35.33,47.95,0.0,0.574,MOISTURE_STRESS,Moderate Stress,700.0
6,79,Pod Development,33.46,34.39,37.18,50.25,0.0,0.645,HEAT_STRESS,High Stress,700.0
5,42,Flowering & Pegging,84.11,19.27,29.66,87.57,36.92,0.579,WATERLOGGING_STRESS,Moderate Stress,1594.7
4,53,Flowering & Pegging,51.97,27.95,32.49,60.62,0.0,0.855,NORMAL,Normal,2175.6
4,46,Flowering & Pegging,46.48,26.53,30.01,82.38,4.0,0.746,NORMAL,Normal,2945.0
3,98,Maturation,41.88,32.41,32.57,65.48,0.0,0.846,HEAT_STRESS,Moderate Stress,2042.0
1,52,Flowering & Pegging,26.95,32.26,32.36,51.91,0.0,0.588,MOISTURE_STRESS,Moderate Stress,700.0
1,48,Flowering & Pegging,26.02,35.13,38.33,42.17,0.0,0.748,HEAT_STRESS,High Stress,700.0
4,108,Maturation,45.19,22.19,24.45,65.38,4.0,0.599,NORMAL,Normal,2765.0
4,96,Maturation,49.47,24.88,29.9,65.51,12.0,0.843,NORMAL,Normal,3025.1
3,24,Vegetative,13.71,37.49,37.38,41.01,0.0,0.688,COMBINED_STRESS,High Stress,700.0
2,100,Maturation,54.07,21.34,23.69,70.02,0.0,0.746,NORMAL,Normal,2988.5
6,81,Pod Development,26.56,31.47,32.11,58.5,0.0,0.637,MOISTURE_STRESS,Moderate Stress,700.0
6,86,Pod Development,25.79,33.82,35.36,49.37,0.0,0.666,MOISTURE_STRESS,High Stress,700.0
3,64,Flowering & Pegging,20.39,31.34,31.89,36.65,0.0,0.726,MOISTURE_STRESS,High Stress,700.0
3,103,Maturation,34.43,28.0,30.27,38.35,0.0,0.73,MOISTURE_STRESS,Moderate Stress,1893.4
3,48,Flowering & Pegging,75.93,24.64,32.57,78.03,32.08,0.611,HEAT_STRESS,Moderate Stress,1399.0
1,26,Vegetative,25.34,33.62,33.6,33.6,0.0,0.659,MOISTURE_STRESS,High Stress,827.8
2,38,Flowering & Pegging,51.95,21.93,26.01,60.24,0.0,0.934,NORMAL,Normal,3210.8
1,51,Flowering & Pegging,53.47,19.97,23.22,69.29,4.0,0.748,NORMAL,Normal,3053.6
4,66,Pod Development,48.58,24.79,26.8,63.67,6.0,0.901,NORMAL,Normal,3197.8
6,34,Vegetative,54.08,21.13,25.17,63.22,0.0,0.821,NORMAL,Normal,3114.1
6,108,Maturation,52.74,23.8,28.52,63.63,0.0,0.926,NORMAL,Normal,3276.7
2,94,Maturation,11.79,33.33,31.25,54.11,0.0,0.689,MOISTURE_STRESS,High Stress,857.7
2,102,Maturation,50.71,22.85,25.25,70.19,2.0,0.8,NORMAL,Normal,2965.9
6,49,Flowering & Pegging,64.67,20.04,26.24,62.85,2.0,0.832,NORMAL,Normal,3173.8
3,32,Vegetative,17.04,37.15,36.06,28.31,0.0,0.621,COMBINED_STRESS,High Stress,700.0
1,86,Pod Development,23.34,34.92,36.08,33.02,0.0,0.81,COMBINED_STRESS,High Stress,700.0
3,79,Pod Development,18.39,38.7,41.21,30.08,0.0,0.432,COMBINED_STRESS,High Stress,700.0
2,107,Maturation,14.58,31.65,30.72,34.99,0.0,0.555,MOISTURE_STRESS,High Stress,858.7
5,63,Flowering & Pegging,51.79,25.71,29.71,71.26,0.0,0.695,NORMAL,Normal,2892.0
1,38,Flowering & Pegging,23.84,35.66,36.51,36.64,0.0,0.771,COMBINED_STRESS,High Stress,700.0
1,37,Flowering & Pegging,78.21,18.0,21.86,76.46,38.26,0.675,NORMAL,Normal,1902.5
5,24,Vegetative,52.06,22.49,27.1,66.84,0.0,0.799,NORMAL,Normal,3095.7
5,80,Pod Development,22.72,35.11,36.48,46.17,0.0,0.721,COMBINED_STRESS,High Stress,700.0
2,86,Pod Development,25.34,31.64,32.24,37.4,0.0,0.923,MOISTURE_STRESS,High Stress,700.0
1,64,Flowering & Pegging,50.21,24.35,27.63,73.09,0.0,0.751,NORMAL,Normal,2943.4
5,48,Flowering & Pegging,24.86,34.49,37.38,31.88,0.0,0.428,COMBINED_STRESS,High Stress,700.0
1,95,Maturation,26.12,35.22,34.6,46.95,0.0,0.671,MOISTURE_STRESS,Moderate Stress,1169.9
1,65,Flowering & Pegging,91.0,18.0,26.15,79.27,36.2,0.529,WATERLOGGING_STRESS,Moderate Stress,700.0
1,42,Flowering & Pegging,25.73,36.0,38.15,38.75,0.0,0.684,COMBINED_STRESS,High Stress,700.0
5,43,Flowering & Pegging,53.78,23.41,25.8,59.37,2.0,0.808,NORMAL,Normal,3054.7
1,102,Maturation,49.46,23.92,25.9,53.41,2.0,0.878,NORMAL,Normal,3217.8
1,92,Maturation,24.0,34.02,37.59,34.89,0.0,0.539,COMBINED_STRESS,High Stress,827.4
4,57,Flowering & Pegging,28.45,35.71,39.2,32.28,0.0,0.679,HEAT_STRESS,High Stress,700.0
4,78,Pod Development,17.54,39.64,40.63,24.7,0.0,0.779,COMBINED_STRESS,High Stress,700.0
6,91,Maturation,53.22,27.32,30.0,79.63,0.0,0.822,NORMAL,Normal,3224.7
5,58,Flowering & Pegging,58.8,21.87,28.12,63.67,0.0,0.796,NORMAL,Normal,3050.1
1,105,Maturation,50.87,22.86,26.57,54.14,0.0,0.759,NORMAL,Normal,3065.9
6,15,Vegetative,55.72,24.74,27.61,72.22,0.0,0.758,NORMAL,Normal,2926.8
4,102,Maturation,18.62,36.86,38.18,37.22,0.0,0.509,COMBINED_STRESS,High Stress,700.0
1,91,Maturation,28.42,38.63,42.72,49.15,0.0,0.545,HEAT_STRESS,High Stress,700.0
2,98,Maturation,26.05,31.53,32.03,52.34,0.0,0.766,MOISTURE_STRESS,Moderate Stress,1312.5
3,53,Flowering & Pegging,13.14,34.72,33.42,42.58,0.0,0.632,MOISTURE_STRESS,High Stress,700.0
1,38,Flowering & Pegging,52.72,23.62,27.17,72.94,0.0,0.827,NORMAL,Normal,3001.6
6,94,Maturation,56.42,23.88,30.5,59.9,0.0,0.713,NORMAL,Normal,2992.0
2,74,Pod Development,22.01,34.96,36.5,46.66,0.0,0.868,COMBINED_STRESS,High Stress,700.0
5,50,Flowering & Pegging,31.1,32.08,32.78,40.24,0.0,0.511,MOISTURE_STRESS,Moderate Stress,700.0
2,31,Vegetative,79.5,18.09,25.95,80.85,62.02,0.58,NORMAL,Normal,2364.8
2,93,Maturation,55.79,19.44,24.71,63.16,2.0,0.837,NORMAL,Normal,3015.8
6,38,Flowering & Pegging,57.5,25.63,29.88,61.86,0.0,0.861,NORMAL,Normal,3076.7
2,86,Pod Development,52.89,21.76,24.79,58.4,4.0,0.724,NORMAL,Normal,2895.4
3,22,Vegetative,24.19,34.32,33.21,35.42,0.0,0.693,MOISTURE_STRESS,High Stress,888.8
1,75,Pod Development,21.16,31.23,32.32,46.69,0.0,0.641,MOISTURE_STRESS,High Stress,700.0
2,19,Vegetative,52.27,22.27,26.75,64.19,0.0,0.857,NORMAL,Normal,3118.2
1,30,Vegetative,23.65,30.87,32.32,32.18,0.0,0.636,MOISTURE_STRESS,High Stress,819.0
6,61,Flowering & Pegging,52.75,27.32,33.33,69.57,0.0,0.844,HEAT_STRESS,Moderate Stress,2025.1
3,84,Pod Development,27.19,30.91,31.43,37.5,0.0,0.649,MOISTURE_STRESS,Moderate Stress,700.0
3,75,Pod Development,13.29,38.85,39.96,33.36,0.0,0.729,COMBINED_STRESS,High Stress,700.0
5,67,Pod Development,15.17,38.69,37.85,34.28,0.0,0.768,COMBINED_STRESS,High Stress,700.0
1,42,Flowering & Pegging,54.1,22.78,25.83,70.15,0.0,0.895,NORMAL,Normal,3255.9
6,23,Vegetative,20.08,35.05,35.46,39.59,0.0,0.627,MOISTURE_STRESS,High Stress,700.0
2,24,Vegetative,57.51,20.57,26.49,69.62,12.0,0.793,NORMAL,Normal,3003.3
4,48,Flowering & Pegging,18.74,35.4,35.06,52.95,0.0,0.568,MOISTURE_STRESS,High Stress,700.0
3,65,Flowering & Pegging,52.21,22.47,25.51,69.06,0.0,0.769,NORMAL,Normal,3030.3
6,35,Vegetative,56.49,25.42,31.47,77.15,0.0,0.791,NORMAL,Normal,2569.4
5,65,Flowering & Pegging,23.52,34.45,34.8,45.86,0.0,0.665,MOISTURE_STRESS,High Stress,700.0
3,88,Pod Development,52.26,21.85,26.58,71.92,0.0,0.791,NORMAL,Normal,3137.4
4,52,Flowering & Pegging,19.25,33.66,33.12,37.08,0.0,0.755,MOISTURE_STRESS,High Stress,700.0
1,93,Maturation,51.38,20.99,25.33,64.84,0.0,0.753,NORMAL,Normal,3014.6
2,73,Pod Development,50.54,26.53,31.31,68.28,0.0,0.795,NORMAL,Normal,2453.2
4,83,Pod Development,48.96,22.82,24.96,56.32,12.0,0.805,NORMAL,Normal,3049.7
3,30,Vegetative,19.98,31.82,32.47,57.14,0.0,0.629,MOISTURE_STRESS,High Stress,700.0
1,20,Vegetative,30.41,34.92,39.24,46.27,0.0,0.712,HEAT_STRESS,High Stress,700.0
2,26,Vegetative,55.31,21.13,27.01,69.62,0.0,0.906,NORMAL,Normal,3130.3
3,63,Flowering & Pegging,59.89,21.41,26.44,62.57,0.0,0.879,NORMAL,Normal,3216.7
5,86,Pod Development,25.98,34.87,36.86,48.06,0.0,0.761,COMBINED_STRESS,High Stress,700.0
3,66,Pod Development,51.51,23.05,27.89,70.19,0.0,0.791,NORMAL,Normal,3004.1
4,98,Maturation,48.91,21.82,26.36,61.0,0.0,0.8,NORMAL,Normal,3112.8
1,43,Flowering & Pegging,29.8,34.3,36.53,34.87,0.0,0.633,HEAT_STRESS,High Stress,700.0
3,104,Maturation,16.67,37.56,38.46,40.45,0.0,0.593,COMBINED_STRESS,High Stress,700.0
5,84,Pod Development,53.3,24.06,28.49,63.77,4.0,0.812,NORMAL,Normal,3093.5
2,63,Flowering & Pegging,52.72,25.37,27.16,63.37,4.0,0.683,NORMAL,Normal,2853.2
3,39,Flowering & Pegging,50.97,23.9,29.18,70.49,0.0,0.767,NORMAL,Normal,3003.9
6,70,Pod Development,52.4,19.2,22.24,66.59,0.0,0.78,NORMAL,Normal,2788.2
4,47,Flowering & Pegging,20.74,38.11,37.37,30.73,0.0,0.371,COMBINED_STRESS,High Stress,700.0
1,90,Pod Development,46.42,22.2,25.89,59.64,0.0,0.851,NORMAL,Normal,3142.7
3,49,Flowering & Pegging,15.82,36.02,36.11,38.68,0.0,0.721,COMBINED_STRESS,High Stress,700.0
4,54,Flowering & Pegging,45.84,27.47,28.98,59.39,0.0,0.799,NORMAL,Normal,3105.1
1,90,Pod Development,35.63,30.66,34.21,29.03,0.0,0.657,MOISTURE_STRESS,Moderate Stress,797.3
2,58,Flowering & Pegging,49.96,22.96,28.11,64.2,0.0,0.856,NORMAL,Normal,3178.2
4,51,Flowering & Pegging,24.65,32.65,34.4,29.97,0.0,0.609,MOISTURE_STRESS,High Stress,700.0
5,39,Flowering & Pegging,29.25,32.82,33.43,41.31,0.0,0.698,MOISTURE_STRESS,Moderate Stress,700.0
4,41,Flowering & Pegging,52.15,20.85,24.54,53.43,0.0,0.745,NORMAL,Normal,2980.3
1,49,Flowering & Pegging,51.06,27.4,31.7,66.7,0.0,0.76,NORMAL,Normal,2217.0
3,38,Flowering & Pegging,55.27,25.41,29.29,67.77,6.0,0.754,NORMAL,Normal,3006.6
2,18,Vegetative,17.07,33.51,32.86,28.97,0.0,0.646,MOISTURE_STRESS,High Stress,700.0
4,50,Flowering & Pegging,12.84,40.0,39.56,41.77,0.0,0.6,COMBINED_STRESS,High Stress,700.0
2,42,Flowering & Pegging,22.61,38.21,39.96,32.89,0.0,0.662,COMBINED_STRESS,High Stress,700.0
3,101,Maturation,55.65,26.66,30.22,72.58,4.0,0.646,NORMAL,Normal,2756.0
5,39,Flowering & Pegging,24.28,31.53,32.64,33.15,0.0,0.651,MOISTURE_STRESS,High Stress,700.0
3,54,Flowering & Pegging,21.8,39.23,40.45,34.34,0.0,0.518,COMBINED_STRESS,High Stress,700.0
3,37,Flowering & Pegging,51.83,26.73,30.04,65.58,6.0,0.855,NORMAL,Normal,3122.1
3,27,Vegetative,56.54,23.55,28.86,65.01,6.0,0.801,NORMAL,Normal,3055.1
2,56,Flowering & Pegging,88.59,18.0,25.29,97.24,68.22,0.648,WATERLOGGING_STRESS,Moderate Stress,995.6
2,15,Vegetative,25.45,32.95,32.8,49.11,0.0,0.625,MOISTURE_STRESS,High Stress,967.9
1,30,Vegetative,23.44,39.3,38.83,37.16,0.0,0.629,COMBINED_STRESS,High Stress,700.0
2,86,Pod Development,57.29,21.62,26.62,66.18,0.0,0.786,NORMAL,Normal,3028.1
6,26,Vegetative,54.68,22.4,25.51,62.27,0.0,0.654,NORMAL,Normal,2801.8
3,80,Pod Development,57.26,20.33,23.81,55.3,0.0,0.857,NORMAL,Normal,3114.9
1,71,Pod Development,22.48,36.65,37.84,42.14,0.0,0.487,COMBINED_STRESS,High Stress,700.0
6,46,Flowering & Pegging,28.0,31.75,32.93,33.31,0.0,0.617,MOISTURE_STRESS,Moderate Stress,700.0
3,66,Pod Development,50.67,22.58,28.02,65.79,0.0,0.904,NORMAL,Normal,3193.5
3,77,Pod Development,27.36,34.38,35.74,42.16,0.0,0.666,HEAT_STRESS,High Stress,700.0
1,81,Pod Development,78.36,18.53,27.7,92.81,43.43,0.663,NORMAL,Normal,2398.5
5,29,Vegetative,27.69,31.23,33.31,41.58,0.0,0.677,MOISTURE_STRESS,Moderate Stress,1012.2
6,33,Vegetative,36.1,32.91,38.43,36.02,0.0,0.589,HEAT_STRESS,High Stress,832.9
3,103,Maturation,25.16,35.16,35.4,45.58,0.0,0.796,MOISTURE_STRESS,High Stress,1147.0
6,94,Maturation,21.96,36.12,38.01,40.31,0.0,0.515,COMBINED_STRESS,High Stress,813.9
4,51,Flowering & Pegging,46.78,31.29,35.46,69.84,0.0,0.775,HEAT_STRESS,Moderate Stress,1483.5
1,109,Maturation,83.51,18.0,26.13,81.75,48.79,0.634,WATERLOGGING_STRESS,Moderate Stress,2183.4
6,36,Flowering & Pegging,53.42,22.44,27.48,62.8,0.0,0.766,NORMAL,Normal,3117.9
1,17,Vegetative,54.82,22.28,25.67,61.65,6.0,0.872,NORMAL,Normal,3217.8
4,36,Flowering & Pegging,52.06,23.24,28.79,56.91,0.0,0.864,NORMAL,Normal,3027.3
4,69,Pod Development,50.42,23.03,28.09,58.64,2.0,0.833,NORMAL,Normal,3188.3
6,75,Pod Development,19.99,36.36,36.48,36.54,0.0,0.595,COMBINED_STRESS,High Stress,700.0
3,30,Vegetative,14.38,33.55,31.49,41.81,0.0,0.532,MOISTURE_STRESS,High Stress,700.0
3,54,Flowering & Pegging,76.88,18.47,26.52,73.41,34.16,0.696,NORMAL,Normal,2338.4
4,60,Flowering & Pegging,22.24,35.12,36.45,29.09,0.0,0.631,COMBINED_STRESS,High Stress,700.0
5,53,Flowering & Pegging,51.86,25.45,28.79,71.54,0.0,0.723,NORMAL,Normal,2845.8
4,49,Flowering & Pegging,47.92,23.34,26.68,60.91,4.0,0.715,NORMAL,Normal,2906.8
2,96,Maturation,53.16,25.38,29.96,73.89,0.0,0.727,NORMAL,Normal,2914.6
5,99,Maturation,14.61,40.0,41.97,35.78,0.0,0.748,COMBINED_STRESS,High Stress,700.0
5,75,Pod Development,27.82,37.27,37.52,38.79,0.0,0.706,HEAT_STRESS,High Stress,700.0
2,23,Vegetative,89.86,22.34,29.8,71.92,55.96,0.583,WATERLOGGING_STRESS,Moderate Stress,1473.2
6,89,Pod Development,86.1,18.0,24.04,79.27,44.46,0.6,WATERLOGGING_STRESS,Moderate Stress,1515.8
2,109,Maturation,23.71,32.85,31.75,32.59,0.0,0.63,MOISTURE_STRESS,High Stress,1076.5
1,49,Flowering & Pegging,51.55,22.97,27.3,73.56,0.0,0.803,NORMAL,Normal,3061.9
6,82,Pod Development,21.28,33.67,33.9,59.43,0.0,0.765,MOISTURE_STRESS,High Stress,700.0
6,103,Maturation,64.42,21.19,27.44,64.54,0.0,0.82,NORMAL,Normal,3096.9
4,71,Pod Development,46.77,23.96,28.08,63.79,0.0,0.774,NORMAL,Normal,3012.1
6,39,Flowering & Pegging,56.31,26.49,31.69,55.01,0.0,0.689,NORMAL,Normal,2205.7
5,15,Vegetative,52.31,20.63,24.45,70.76,4.0,0.911,NORMAL,Normal,3160.4
5,106,Maturation,22.6,35.44,37.48,26.34,0.0,0.531,COMBINED_STRESS,High Stress,830.3
2,99,Maturation,18.04,32.45,32.39,39.29,0.0,0.526,MOISTURE_STRESS,High Stress,790.3
5,98,Maturation,25.55,32.93,32.45,38.64,0.0,0.642,MOISTURE_STRESS,High Stress,1227.8
3,86,Pod Development,56.8,22.77,26.99,60.97,12.0,0.822,NORMAL,Normal,3067.7
2,39,Flowering & Pegging,53.17,23.5,27.14,58.85,0.0,0.799,NORMAL,Normal,3074.3
5,73,Pod Development,55.84,24.9,29.47,80.49,12.0,0.71,NORMAL,Normal,2880.6
3,104,Maturation,52.87,23.74,28.39,72.85,0.0,0.886,NORMAL,Normal,3172.9
4,96,Maturation,14.16,34.47,33.31,52.06,0.0,0.683,MOISTURE_STRESS,High Stress,760.3
3,25,Vegetative,55.27,25.68,29.51,79.3,4.0,0.897,NORMAL,Normal,3196.3
5,72,Pod Development,25.42,36.13,38.37,34.79,0.0,0.79,COMBINED_STRESS,High Stress,700.0
3,80,Pod Development,20.92,33.48,33.3,45.7,0.0,0.689,MOISTURE_STRESS,High Stress,700.0
1,28,Vegetative,56.06,26.22,31.49,69.07,0.0,0.721,NORMAL,Normal,2393.8
1,57,Flowering & Pegging,60.87,23.76,28.58,64.29,0.0,0.885,NORMAL,Normal,3223.5
6,38,Flowering & Pegging,27.57,35.87,37.72,36.88,0.0,0.915,HEAT_STRESS,High Stress,700.0
3,107,Maturation,20.05,35.41,37.29,34.33,0.0,0.627,COMBINED_STRESS,High Stress,808.1
6,105,Maturation,61.02,20.23,25.32,62.87,2.0,0.744,NORMAL,Normal,2937.9
2,20,Vegetative,24.56,36.71,38.38,34.98,0.0,0.548,COMBINED_STRESS,High Stress,700.0
4,54,Flowering & Pegging,46.23,22.82,25.88,55.78,0.0,0.975,NORMAL,Normal,3356.3
4,47,Flowering & Pegging,22.97,33.51,33.65,40.73,0.0,0.747,MOISTURE_STRESS,High Stress,700.0
5,46,Flowering & Pegging,26.62,31.15,33.27,51.23,0.0,0.806,MOISTURE_STRESS,Moderate Stress,700.0
2,46,Flowering & Pegging,51.29,21.34,24.99,60.19,0.0,0.883,NORMAL,Normal,3331.8
5,37,Flowering & Pegging,75.59,18.0,22.87,79.95,54.56,0.666,NORMAL,Normal,2302.2
4,48,Flowering & Pegging,48.18,23.5,25.01,69.43,0.0,0.827,NORMAL,Normal,3084.5
2,101,Maturation,82.02,18.0,24.38,87.91,33.04,0.665,WATERLOGGING_STRESS,Moderate Stress,2294.3
4,41,Flowering & Pegging,55.88,20.73,25.61,67.68,2.0,0.81,NORMAL,Normal,3015.3
4,71,Pod Development,18.44,35.65,35.04,39.67,0.0,0.734,MOISTURE_STRESS,High Stress,700.0
2,70,Pod Development,20.3,40.0,40.24,37.56,0.0,0.635,COMBINED_STRESS,High Stress,700.0
1,72,Pod Development,56.0,23.68,28.94,71.86,2.0,0.882,NORMAL,Normal,3215.2
3,23,Vegetative,55.68,24.11,29.14,80.56,12.0,0.751,NORMAL,Normal,2994.4
3,103,Maturation,24.13,31.19,31.87,46.09,0.0,0.684,MOISTURE_STRESS,High Stress,1151.0
1,64,Flowering & Pegging,50.56,25.25,28.78,59.12,0.0,0.836,NORMAL,Normal,3116.6
1,47,Flowering & Pegging,52.6,21.68,25.3,56.76,0.0,0.732,NORMAL,Normal,2929.0
2,74,Pod Development,50.09,22.12,26.77,62.36,0.0,0.855,NORMAL,Normal,3213.4
6,93,Maturation,55.86,25.32,30.48,77.49,0.0,0.89,NORMAL,Normal,3230.7
5,68,Pod Development,12.24,34.91,35.29,44.63,0.0,0.693,MOISTURE_STRESS,High Stress,700.0
1,100,Maturation,22.85,33.42,33.02,45.6,0.0,0.822,MOISTURE_STRESS,High Stress,1189.8
4,106,Maturation,23.75,36.38,37.81,37.21,0.0,0.5,COMBINED_STRESS,High Stress,817.8
4,22,Vegetative,18.11,37.28,37.93,41.58,0.0,0.525,COMBINED_STRESS,High Stress,700.0
6,38,Flowering & Pegging,17.14,38.75,38.3,24.78,0.0,0.702,COMBINED_STRESS,High Stress,700.0
3,28,Vegetative,84.24,19.64,29.05,90.44,59.72,0.412,WATERLOGGING_STRESS,Moderate Stress,1737.7
2,102,Maturation,52.78,24.26,28.25,62.73,0.0,0.974,NORMAL,Normal,3325.9
5,26,Vegetative,53.52,25.79,28.34,70.76,4.0,0.767,NORMAL,Normal,2936.7
5,62,Flowering & Pegging,54.96,22.25,26.74,60.71,0.0,0.801,NORMAL,Normal,3052.4
1,55,Flowering & Pegging,26.67,34.76,35.58,42.52,0.0,0.782,HEAT_STRESS,High Stress,700.0
4,17,Vegetative,48.09,21.6,24.79,61.06,6.0,0.842,NORMAL,Normal,3062.6
6,62,Flowering & Pegging,55.14,22.99,28.03,75.5,0.0,0.758,NORMAL,Normal,2982.5
1,40,Flowering & Pegging,51.8,25.49,28.57,63.66,0.0,0.716,NORMAL,Normal,2947.8
2,82,Pod Development,30.25,35.52,36.33,41.68,0.0,0.621,HEAT_STRESS,High Stress,700.0
6,63,Flowering & Pegging,26.55,31.31,33.58,50.03,0.0,0.693,MOISTURE_STRESS,Moderate Stress,700.0
1,85,Pod Development,51.31,25.29,28.51,78.11,0.0,0.599,NORMAL,Normal,2728.0
1,39,Flowering & Pegging,27.03,37.93,38.96,35.59,0.0,0.645,HEAT_STRESS,High Stress,700.0
3,63,Flowering & Pegging,14.37,36.05,36.12,36.71,0.0,0.7,COMBINED_STRESS,High Stress,700.0
4,35,Vegetative,50.08,23.18,27.89,53.34,12.0,0.733,NORMAL,Normal,2946.3
2,68,Pod Development,51.29,21.93,25.38,60.64,0.0,0.891,NORMAL,Normal,3289.9
2,51,Flowering & Pegging,24.13,33.77,35.33,29.48,0.0,0.679,MOISTURE_STRESS,High Stress,700.0
1,106,Maturation,52.63,23.8,28.58,73.11,0.0,0.818,NORMAL,Normal,3138.3
6,73,Pod Development,59.15,25.29,30.26,71.32,12.0,0.869,NORMAL,Normal,3196.0
6,19,Vegetative,23.43,38.35,39.37,33.56,0.0,0.633,COMBINED_STRESS,High Stress,700.0
4,88,Pod Development,26.7,34.39,34.14,41.05,0.0,0.719,MOISTURE_STRESS,Moderate Stress,700.0
6,47,Flowering & Pegging,57.55,22.97,26.51,69.19,0.0,0.725,NORMAL,Normal,2971.4
4,103,Maturation,19.31,36.67,38.67,40.59,0.0,0.868,COMBINED_STRESS,High Stress,742.7
4,64,Flowering & Pegging,16.13,34.31,35.24,33.44,0.0,0.559,MOISTURE_STRESS,High Stress,700.0
4,94,Maturation,47.78,21.48,24.64,67.71,4.0,0.815,NORMAL,Normal,3144.7
4,53,Flowering & Pegging,23.34,32.2,32.43,35.78,0.0,0.738,MOISTURE_STRESS,High Stress,700.0
1,19,Vegetative,52.29,24.31,27.25,67.25,0.0,0.752,NORMAL,Normal,3043.4
4,97,Maturation,45.95,24.18,27.01,62.4,0.0,0.699,NORMAL,Normal,2804.8
3,109,Maturation,52.34,24.33,28.3,68.63,0.0,0.853,NORMAL,Normal,3167.2
4,93,Maturation,59.09,22.13,25.84,58.35,0.0,0.861,NORMAL,Normal,3090.7
6,44,Flowering & Pegging,58.31,20.88,25.85,61.22,0.0,0.879,NORMAL,Normal,3145.6
5,18,Vegetative,54.58,25.73,31.59,74.18,0.0,0.718,NORMAL,Normal,2449.6
3,56,Flowering & Pegging,17.3,33.72,33.82,51.22,0.0,0.505,MOISTURE_STRESS,High Stress,700.0
1,28,Vegetative,19.43,40.0,40.46,49.25,0.0,0.552,COMBINED_STRESS,High Stress,700.0
1,46,Flowering & Pegging,50.2,22.59,25.62,57.38,0.0,0.876,NORMAL,Normal,3197.3
4,16,Vegetative,47.01,26.02,29.18,63.94,0.0,0.766,NORMAL,Normal,3011.8
3,92,Maturation,54.65,23.37,28.3,62.55,0.0,0.876,NORMAL,Normal,3236.1
6,42,Flowering & Pegging,33.88,31.77,34.3,32.39,0.0,0.678,MOISTURE_STRESS,Moderate Stress,700.0
4,72,Pod Development,24.89,35.21,36.96,29.85,0.0,0.661,COMBINED_STRESS,High Stress,700.0
2,107,Maturation,50.46,24.17,27.71,63.0,0.0,0.705,NORMAL,Normal,2883.8
4,101,Maturation,76.38,22.11,29.2,77.31,57.07,0.755,NORMAL,Normal,2792.0
1,69,Pod Development,55.25,21.66,25.29,58.66,0.0,0.762,NORMAL,Normal,3006.1
4,102,Maturation,19.57,38.17,39.11,39.29,0.0,0.394,COMBINED_STRESS,High Stress,700.0
2,39,Flowering & Pegging,27.72,30.67,32.46,33.54,0.0,0.725,MOISTURE_STRESS,Moderate Stress,700.0
6,55,Flowering & Pegging,59.98,21.72,26.16,69.23,12.0,0.817,NORMAL,Normal,3187.2
6,60,Flowering & Pegging,56.16,28.7,33.32,59.0,4.0,0.833,HEAT_STRESS,Moderate Stress,1994.8
3,68,Pod Development,51.52,24.19,28.5,64.25,0.0,0.797,NORMAL,Normal,3085.2
4,77,Pod Development,20.49,31.45,30.42,36.08,0.0,0.573,MOISTURE_STRESS,High Stress,700.0
2,30,Vegetative,27.9,32.16,35.0,38.44,0.0,0.824,MOISTURE_STRESS,Moderate Stress,982.9
1,33,Vegetative,59.48,22.46,27.43,56.9,0.0,0.893,NORMAL,Normal,3117.1
5,34,Vegetative,55.89,18.8,24.04,55.28,0.0,0.793,NORMAL,Normal,3077.3
4,84,Pod Development,19.34,34.76,35.11,50.57,0.0,0.747,MOISTURE_STRESS,High Stress,700.0
5,32,Vegetative,52.48,26.72,30.88,68.81,0.0,0.693,NORMAL,Normal,2959.5
1,23,Vegetative,27.4,30.76,31.98,40.51,0.0,0.584,MOISTURE_STRESS,Moderate Stress,994.8
6,36,Flowering & Pegging,16.71,37.73,39.69,36.82,0.0,0.545,COMBINED_STRESS,High Stress,700.0
3,26,Vegetative,51.31,25.54,28.77,73.85,0.0,0.84,NORMAL,Normal,3224.5
1,70,Pod Development,60.93,23.17,28.17,57.32,0.0,0.868,NORMAL,Normal,3198.8
3,61,Flowering & Pegging,18.23,38.59,37.5,27.9,0.0,0.654,COMBINED_STRESS,High Stress,700.0
1,77,Pod Development,10.0,39.25,38.54,32.95,0.0,0.563,COMBINED_STRESS,High Stress,700.0
3,54,Flowering & Pegging,18.27,37.09,36.81,28.53,0.0,0.522,COMBINED_STRESS,High Stress,700.0
5,26,Vegetative,24.3,30.77,31.45,46.61,0.0,0.588,MOISTURE_STRESS,High Stress,916.6
3,42,Flowering & Pegging,61.05,21.19,26.65,60.73,0.0,0.822,NORMAL,Normal,3165.6
3,37,Flowering & Pegging,58.35,23.44,29.53,61.86,0.0,0.834,NORMAL,Normal,3161.0
6,78,Pod Development,20.47,33.3,33.22,33.04,0.0,0.584,MOISTURE_STRESS,High Stress,700.0
4,55,Flowering & Pegging,17.56,32.91,31.75,41.03,0.0,0.629,MOISTURE_STRESS,High Stress,700.0
4,110,Maturation,51.59,25.88,28.33,62.53,6.0,0.777,NORMAL,Normal,3059.2
5,56,Flowering & Pegging,52.86,24.06,28.92,73.28,0.0,0.911,NORMAL,Normal,3232.8
6,60,Flowering & Pegging,27.26,28.31,28.45,32.93,0.0,0.71,MOISTURE_STRESS,Moderate Stress,700.0
5,80,Pod Development,49.92,22.85,25.49,73.41,0.0,0.846,NORMAL,Normal,3144.6
1,93,Maturation,30.24,31.31,32.28,30.06,0.0,0.739,MOISTURE_STRESS,Moderate Stress,1405.8
4,44,Flowering & Pegging,44.69,27.99,33.28,61.98,0.0,0.801,HEAT_STRESS,Moderate Stress,1854.6
5,108,Maturation,48.8,22.46,25.9,60.24,0.0,0.871,NORMAL,Normal,3147.4
1,60,Flowering & Pegging,53.93,23.84,29.72,63.9,0.0,0.887,NORMAL,Normal,3203.6
6,77,Pod Development,19.86,33.38,34.11,43.48,0.0,0.802,MOISTURE_STRESS,High Stress,700.0
4,56,Flowering & Pegging,26.67,31.99,33.03,29.72,0.0,0.69,MOISTURE_STRESS,Moderate Stress,700.0
4,104,Maturation,43.27,24.78,25.16,61.38,0.0,0.786,NORMAL,Normal,2997.3
3,33,Vegetative,20.83,40.0,40.04,34.53,0.0,0.919,COMBINED_STRESS,High Stress,700.0
5,15,Vegetative,52.07,28.99,31.97,64.93,0.0,0.758,NORMAL,Normal,2418.7
6,58,Flowering & Pegging,57.81,22.44,27.76,64.79,0.0,0.845,NORMAL,Normal,3168.1
6,80,Pod Development,58.6,23.99,27.35,56.13,2.0,0.845,NORMAL,Normal,3145.6
4,41,Flowering & Pegging,42.61,24.61,25.23,62.33,0.0,0.906,NORMAL,Normal,3227.7
3,59,Flowering & Pegging,24.21,34.76,34.85,43.39,0.0,0.7,MOISTURE_STRESS,High Stress,700.0
3,80,Pod Development,27.56,29.11,31.36,39.6,0.0,0.666,MOISTURE_STRESS,Moderate Stress,700.0
6,109,Maturation,16.9,37.16,36.16,25.95,0.0,0.755,COMBINED_STRESS,High Stress,787.3
6,41,Flowering & Pegging,31.63,33.13,32.71,59.66,0.0,0.762,MOISTURE_STRESS,Moderate Stress,700.0
5,41,Flowering & Pegging,51.65,21.92,25.63,59.48,0.0,0.757,NORMAL,Normal,2919.5
6,58,Flowering & Pegging,19.79,35.31,35.78,40.69,0.0,0.587,COMBINED_STRESS,High Stress,700.0
4,38,Flowering & Pegging,47.16,19.97,21.87,60.49,0.0,0.813,NORMAL,Normal,2751.0
6,40,Flowering & Pegging,58.33,22.77,27.27,73.06,12.0,0.777,NORMAL,Normal,3006.2
2,32,Vegetative,18.56,38.34,36.15,41.66,0.0,0.851,COMBINED_STRESS,High Stress,700.0
3,71,Pod Development,22.47,37.43,39.29,45.61,0.0,0.42,COMBINED_STRESS,High Stress,700.0
5,44,Flowering & Pegging,28.63,35.12,36.06,35.54,0.0,0.879,HEAT_STRESS,High Stress,700.0
3,87,Pod Development,53.54,23.27,27.81,60.15,6.0,0.851,NORMAL,Normal,3184.0
6,88,Pod Development,19.94,37.9,38.24,38.59,0.0,0.794,COMBINED_STRESS,High Stress,700.0
5,53,Flowering & Pegging,81.5,18.0,23.9,75.26,63.63,0.484,WATERLOGGING_STRESS,Moderate Stress,1846.6
3,60,Flowering & Pegging,51.98,26.16,29.8,70.13,0.0,0.814,NORMAL,Normal,3050.8
6,19,Vegetative,56.52,27.01,33.45,76.14,4.0,0.737,HEAT_STRESS,Moderate Stress,2164.7
4,15,Vegetative,46.75,28.96,31.84,67.57,0.0,0.761,NORMAL,Normal,2423.3
3,29,Vegetative,22.25,34.97,36.7,41.98,0.0,0.799,COMBINED_STRESS,High Stress,700.0
6,76,Pod Development,27.03,32.59,33.28,31.79,0.0,0.728,MOISTURE_STRESS,Moderate Stress,700.0
4,99,Maturation,47.65,25.01,28.56,69.49,4.0,0.85,NORMAL,Normal,3152.1
3,61,Flowering & Pegging,17.34,34.69,35.87,38.32,0.0,0.711,COMBINED_STRESS,High Stress,700.0
4,104,Maturation,17.52,35.4,34.01,29.13,0.0,0.688,MOISTURE_STRESS,High Stress,826.1
3,95,Maturation,25.74,32.33,34.06,40.17,0.0,0.741,MOISTURE_STRESS,High Stress,1178.1
4,110,Maturation,48.87,25.18,27.16,63.85,0.0,0.898,NORMAL,Normal,3205.4
6,30,Vegetative,24.52,35.25,38.22,31.85,0.0,0.671,COMBINED_STRESS,High Stress,700.0
5,105,Maturation,59.59,23.57,29.33,65.46,0.0,0.795,NORMAL,Normal,3122.0
5,106,Maturation,55.88,19.32,23.28,67.11,0.0,0.749,NORMAL,Normal,2948.6
6,88,Pod Development,51.99,21.98,26.06,66.16,0.0,0.924,NORMAL,Normal,3263.0
2,60,Flowering & Pegging,80.54,18.0,24.38,83.7,43.27,0.671,WATERLOGGING_STRESS,Moderate Stress,2127.3
3,54,Flowering & Pegging,53.2,25.59,29.92,72.39,0.0,0.822,NORMAL,Normal,3198.4
5,19,Vegetative,51.99,22.61,28.4,60.94,0.0,0.738,NORMAL,Normal,2991.8
3,83,Pod Development,80.22,18.0,21.97,83.1,53.73,0.615,WATERLOGGING_STRESS,Moderate Stress,2105.6
5,93,Maturation,52.26,19.51,21.69,67.82,4.0,0.734,NORMAL,Normal,2718.0
6,34,Vegetative,26.33,30.69,31.82,41.12,0.0,0.529,MOISTURE_STRESS,Moderate Stress,889.5
6,51,Flowering & Pegging,63.26,23.64,28.76,55.45,22.0,0.672,NORMAL,Normal,2806.5
4,50,Flowering & Pegging,41.6,19.78,22.67,64.2,0.0,0.83,NORMAL,Normal,1921.1
6,53,Flowering & Pegging,90.45,18.0,24.32,79.49,64.86,0.696,WATERLOGGING_STRESS,Moderate Stress,856.5
5,63,Flowering & Pegging,23.64,37.51,39.96,37.48,0.0,0.695,COMBINED_STRESS,High Stress,700.0
4,75,Pod Development,50.18,24.13,28.08,62.55,12.0,0.742,NORMAL,Normal,2912.9
1,34,Vegetative,51.35,22.41,25.34,67.59,0.0,0.839,NORMAL,Normal,3188.8
6,101,Maturation,28.11,37.75,39.77,37.15,0.0,0.611,HEAT_STRESS,High Stress,896.6
3,83,Pod Development,48.84,21.05,24.28,60.2,0.0,0.856,NORMAL,Normal,3124.7
2,58,Flowering & Pegging,50.09,24.87,26.86,79.44,0.0,0.745,NORMAL,Normal,2990.7
6,61,Flowering & Pegging,57.91,24.55,30.33,54.84,2.0,0.802,NORMAL,Normal,3090.5
4,46,Flowering & Pegging,25.46,26.71,26.96,37.59,0.0,0.649,MOISTURE_STRESS,High Stress,700.0
1,51,Flowering & Pegging,52.29,24.64,30.0,75.17,0.0,0.881,NORMAL,Normal,3172.0
4,18,Vegetative,13.35,37.36,36.03,40.96,0.0,0.68,COMBINED_STRESS,High Stress,700.0
1,41,Flowering & Pegging,12.18,38.3,39.68,33.1,0.0,0.544,COMBINED_STRESS,High Stress,700.0
2,79,Pod Development,24.88,30.76,31.83,46.6,0.0,0.733,MOISTURE_STRESS,High Stress,700.0
6,99,Maturation,53.01,23.45,27.17,62.13,0.0,0.907,NORMAL,Normal,3102.1
5,35,Vegetative,26.53,36.64,39.77,26.33,0.0,0.62,HEAT_STRESS,High Stress,700.0
4,57,Flowering & Pegging,28.28,32.49,34.1,40.42,0.0,0.573,MOISTURE_STRESS,Moderate Stress,700.0
1,77,Pod Development,34.35,29.31,34.28,33.92,0.0,0.701,MOISTURE_STRESS,Moderate Stress,795.9
1,59,Flowering & Pegging,51.52,19.33,22.28,70.35,0.0,0.904,NORMAL,Normal,2995.1
4,16,Vegetative,16.49,33.99,33.17,38.13,0.0,0.746,MOISTURE_STRESS,High Stress,700.0
5,28,Vegetative,26.47,32.7,32.87,43.84,0.0,0.775,MOISTURE_STRESS,Moderate Stress,1063.1
3,25,Vegetative,51.89,22.1,26.03,61.7,0.0,0.821,NORMAL,Normal,3059.5
1,95,Maturation,22.07,35.96,37.74,32.68,0.0,0.647,COMBINED_STRESS,High Stress,742.9
2,26,Vegetative,52.12,25.19,29.99,68.07,4.0,0.832,NORMAL,Normal,3129.8
1,84,Pod Development,31.4,31.24,33.67,45.9,0.0,0.641,MOISTURE_STRESS,Moderate Stress,700.0
1,36,Flowering & Pegging,52.51,24.07,29.17,66.14,0.0,0.921,NORMAL,Normal,3311.8
6,34,Vegetative,55.95,26.05,32.01,76.81,0.0,0.89,NORMAL,Normal,2563.5
5,31,Vegetative,53.53,22.49,26.08,63.1,0.0,0.707,NORMAL,Normal,2839.1
2,88,Pod Development,62.75,21.7,25.89,82.78,6.0,0.791,NORMAL,Normal,3078.5
6,97,Maturation,31.0,31.61,32.9,33.0,0.0,0.81,MOISTURE_STRESS,Moderate Stress,1545.3
3,25,Vegetative,54.57,22.67,28.17,62.4,4.0,0.651,NORMAL,Normal,2829.4
4,36,Flowering & Pegging,44.08,22.96,25.16,82.03,0.0,0.96,NORMAL,Normal,3230.7
2,66,Pod Development,51.37,24.34,27.26,77.09,0.0,0.903,NORMAL,Normal,3137.3
4,30,Vegetative,19.49,33.64,32.34,40.44,0.0,0.638,MOISTURE_STRESS,High Stress,700.0
2,98,Maturation,22.4,34.03,34.69,39.07,0.0,0.593,MOISTURE_STRESS,High Stress,984.3
4,18,Vegetative,45.76,22.39,24.56,55.88,2.0,0.872,NORMAL,Normal,3201.2
1,103,Maturation,21.05,40.0,42.83,36.8,0.0,0.587,COMBINED_STRESS,High Stress,700.0
2,17,Vegetative,54.22,27.21,33.33,62.99,4.0,0.82,HEAT_STRESS,Moderate Stress,2295.0
3,63,Flowering & Pegging,75.4,22.42,29.99,80.72,38.42,0.758,NORMAL,Normal,2388.2
4,56,Flowering & Pegging,10.6,40.0,40.61,24.34,0.0,0.657,COMBINED_STRESS,High Stress,700.0
6,108,Maturation,54.34,25.54,27.4,72.85,0.0,0.834,NORMAL,Normal,3206.3
3,93,Maturation,57.54,23.88,29.11,71.02,0.0,0.825,NORMAL,Normal,3036.0
6,95,Maturation,62.66,27.71,34.08,75.28,22.0,0.906,HEAT_STRESS,Moderate Stress,2566.5
5,30,Vegetative,20.0,36.76,37.14,52.57,0.0,0.847,COMBINED_STRESS,High Stress,700.0
1,43,Flowering & Pegging,15.13,40.0,41.69,25.94,0.0,0.563,COMBINED_STRESS,High Stress,700.0
3,110,Maturation,53.15,26.5,29.75,61.31,0.0,0.759,NORMAL,Normal,3014.1
1,107,Maturation,62.05,21.62,27.85,73.0,2.0,0.793,NORMAL,Normal,3056.1
1,76,Pod Development,50.88,21.41,26.24,57.16,2.0,0.865,NORMAL,Normal,3194.7
6,72,Pod Development,25.18,33.12,33.37,52.86,0.0,0.609,MOISTURE_STRESS,High Stress,700.0
5,42,Flowering & Pegging,50.86,25.84,28.16,63.79,0.0,0.848,NORMAL,Normal,3073.3
1,81,Pod Development,77.61,18.0,27.14,87.53,61.29,0.733,NORMAL,Normal,2471.4
5,49,Flowering & Pegging,18.51,37.37,37.65,43.0,0.0,0.798,COMBINED_STRESS,High Stress,700.0
1,100,Maturation,58.2,23.36,28.31,48.08,0.0,0.798,NORMAL,Normal,2904.6
5,68,Pod Development,86.79,18.0,24.67,81.15,37.29,0.674,WATERLOGGING_STRESS,Moderate Stress,1485.2
6,90,Pod Development,38.04,31.41,34.15,41.35,0.0,0.771,HEAT_STRESS,Moderate Stress,1057.0
3,26,Vegetative,52.26,25.33,28.08,65.03,0.0,0.815,NORMAL,Normal,3045.9
4,71,Pod Development,48.54,21.14,24.43,73.18,4.0,0.852,NORMAL,Normal,3163.8
3,49,Flowering & Pegging,57.95,21.4,25.72,57.15,0.0,0.884,NORMAL,Normal,3271.7
2,89,Pod Development,51.22,21.09,24.91,66.86,0.0,0.692,NORMAL,Normal,2910.1
5,77,Pod Development,58.5,23.85,28.74,66.74,6.0,0.83,NORMAL,Normal,3146.2
2,89,Pod Development,27.04,33.45,35.23,44.91,0.0,0.528,MOISTURE_STRESS,Moderate Stress,700.0
5,52,Flowering & Pegging,54.67,22.07,24.41,58.51,2.0,0.834,NORMAL,Normal,3090.7
4,44,Flowering & Pegging,73.3,23.07,30.6,87.0,46.89,0.645,NORMAL,Normal,2342.9
3,17,Vegetative,57.15,24.47,28.16,62.79,12.0,0.737,NORMAL,Normal,2854.9
6,47,Flowering & Pegging,54.74,20.39,26.52,62.45,0.0,0.79,NORMAL,Normal,2997.5
5,106,Maturation,20.29,28.94,29.1,38.37,0.0,0.767,MOISTURE_STRESS,High Stress,1212.3
4,76,Pod Development,18.96,33.75,32.69,42.33,0.0,0.699,MOISTURE_STRESS,High Stress,700.0
3,52,Flowering & Pegging,52.75,22.95,27.49,55.07,4.0,0.736,NORMAL,Normal,2967.0
2,86,Pod Development,51.82,26.01,30.57,73.22,0.0,0.839,NORMAL,Normal,3183.8
2,58,Flowering & Pegging,58.15,22.45,26.71,82.41,12.0,0.881,NORMAL,Normal,3156.0
6,108,Maturation,53.38,20.82,26.42,61.66,0.0,0.941,NORMAL,Normal,3400.0
6,21,Vegetative,52.39,27.55,30.67,69.28,0.0,0.86,NORMAL,Normal,3145.8
4,103,Maturation,20.72,28.98,29.75,51.93,0.0,0.413,MOISTURE_STRESS,High Stress,977.1
4,101,Maturation,54.75,19.94,22.15,59.98,0.0,0.809,NORMAL,Normal,2927.2
6,53,Flowering & Pegging,58.74,21.84,24.45,65.44,0.0,0.738,NORMAL,Normal,2926.7
5,56,Flowering & Pegging,51.54,20.64,24.37,73.82,0.0,0.838,NORMAL,Normal,3157.0
5,25,Vegetative,19.19,32.74,34.11,39.88,0.0,0.8,MOISTURE_STRESS,High Stress,700.0
3,57,Flowering & Pegging,55.36,24.01,27.6,69.28,2.0,0.804,NORMAL,Normal,3084.6
5,54,Flowering & Pegging,21.05,33.66,36.21,42.99,0.0,0.679,COMBINED_STRESS,High Stress,700.0
1,78,Pod Development,53.75,22.54,25.97,58.05,0.0,0.856,NORMAL,Normal,3129.0
1,33,Vegetative,52.34,23.78,28.54,60.54,4.0,0.834,NORMAL,Normal,3033.6
1,17,Vegetative,23.31,34.43,36.16,39.32,0.0,0.682,COMBINED_STRESS,High Stress,700.0
2,98,Maturation,52.35,26.11,29.77,72.65,0.0,0.816,NORMAL,Normal,3098.5
6,57,Flowering & Pegging,27.0,33.92,33.84,35.96,0.0,0.647,MOISTURE_STRESS,Moderate Stress,700.0
1,99,Maturation,55.96,23.93,28.14,62.21,12.0,0.815,NORMAL,Normal,3155.7
1,99,Maturation,19.69,33.58,33.28,43.38,0.0,0.804,MOISTURE_STRESS,High Stress,1103.2
4,30,Vegetative,68.95,22.4,28.32,86.31,58.93,0.755,NORMAL,Normal,2578.5
4,36,Flowering & Pegging,47.26,25.85,28.67,61.97,0.0,0.839,NORMAL,Normal,3176.7
1,17,Vegetative,16.27,37.62,39.59,40.71,0.0,0.608,COMBINED_STRESS,High Stress,700.0
4,48,Flowering & Pegging,23.13,29.12,28.83,33.95,0.0,0.765,MOISTURE_STRESS,High Stress,700.0
3,86,Pod Development,55.02,25.5,29.41,62.18,4.0,0.79,NORMAL,Normal,3067.9
1,32,Vegetative,29.0,36.39,37.42,41.2,0.0,0.632,HEAT_STRESS,High Stress,700.0
3,96,Maturation,57.01,28.45,32.28,68.82,12.0,0.878,NORMAL,Normal,2631.3
1,70,Pod Development,85.51,19.39,26.99,87.59,36.57,0.704,WATERLOGGING_STRESS,Moderate Stress,1766.1
6,40,Flowering & Pegging,62.2,20.84,25.42,69.56,0.0,0.869,NORMAL,Normal,3109.4
2,33,Vegetative,25.17,35.12,37.95,34.26,0.0,0.579,COMBINED_STRESS,High Stress,700.0
5,36,Flowering & Pegging,20.37,30.62,30.45,34.48,0.0,0.698,MOISTURE_STRESS,High Stress,700.0
5,51,Flowering & Pegging,64.57,18.71,24.54,67.47,0.0,0.78,NORMAL,Normal,3119.1
2,67,Pod Development,53.71,28.97,32.95,68.16,0.0,0.669,HEAT_STRESS,Moderate Stress,1973.6
1,15,Vegetative,29.08,35.57,38.97,33.04,0.0,0.671,HEAT_STRESS,High Stress,700.0
6,72,Pod Development,63.01,21.9,26.41,60.22,0.0,0.732,NORMAL,Normal,2916.5
1,18,Vegetative,51.03,23.86,27.31,73.18,0.0,0.883,NORMAL,Normal,3116.6
2,24,Vegetative,51.45,22.82,26.93,64.23,0.0,0.927,NORMAL,Normal,3304.8
4,42,Flowering & Pegging,22.77,34.69,34.62,48.63,0.0,0.699,MOISTURE_STRESS,High Stress,700.0
3,76,Pod Development,82.07,18.99,27.51,85.6,11.94,0.405,WATERLOGGING_STRESS,Moderate Stress,1823.2
2,91,Maturation,52.15,25.0,29.72,54.45,0.0,0.83,NORMAL,Normal,3121.5
3,19,Vegetative,21.52,34.2,35.66,36.59,0.0,0.685,COMBINED_STRESS,High Stress,700.0
3,21,Vegetative,16.72,36.17,36.2,32.12,0.0,0.8,COMBINED_STRESS,High Stress,700.0
2,72,Pod Development,50.54,24.64,28.36,71.6,0.0,0.695,NORMAL,Normal,2883.5
4,71,Pod Development,44.39,25.78,30.12,56.01,0.0,0.869,NORMAL,Normal,3219.4
2,41,Flowering & Pegging,31.72,29.59,30.1,34.64,0.0,0.618,MOISTURE_STRESS,Moderate Stress,826.2
4,37,Flowering & Pegging,46.31,26.7,29.6,60.15,0.0,0.718,NORMAL,Normal,2877.8
5,17,Vegetative,35.89,34.61,36.42,40.97,0.0,0.767,HEAT_STRESS,High Stress,1144.3
5,72,Pod Development,52.04,24.29,26.97,61.78,0.0,0.801,NORMAL,Normal,3087.4
2,24,Vegetative,58.0,18.5,23.25,63.11,2.0,0.823,NORMAL,Normal,3102.9
4,55,Flowering & Pegging,47.01,24.21,26.38,65.8,4.0,0.959,NORMAL,Normal,3294.4
1,58,Flowering & Pegging,11.17,35.59,34.88,35.6,0.0,0.742,MOISTURE_STRESS,High Stress,700.0
3,90,Pod Development,24.34,38.23,37.26,51.82,0.0,0.698,COMBINED_STRESS,High Stress,700.0
6,39,Flowering & Pegging,60.17,23.88,29.89,71.79,12.0,0.864,NORMAL,Normal,3195.7
3,110,Maturation,22.33,31.35,30.93,34.81,0.0,0.595,MOISTURE_STRESS,High Stress,1168.2
5,104,Maturation,54.9,26.12,29.63,62.44,0.0,0.878,NORMAL,Normal,3217.8
1,31,Vegetative,60.47,22.12,26.32,59.87,0.0,0.783,NORMAL,Normal,2991.8
3,78,Pod Development,52.78,24.66,29.28,75.25,4.0,0.861,NORMAL,Normal,3036.2
5,92,Maturation,51.49,21.87,27.07,69.28,0.0,0.821,NORMAL,Normal,3134.9
6,23,Vegetative,64.0,21.99,28.18,59.07,22.0,0.693,NORMAL,Normal,2859.3
5,22,Vegetative,25.3,34.19,36.61,31.2,0.0,0.761,COMBINED_STRESS,High Stress,780.7
6,60,Flowering & Pegging,54.08,25.49,28.51,66.78,4.0,0.664,NORMAL,Normal,2847.9
2,41,Flowering & Pegging,32.17,28.57,29.14,44.6,0.0,0.889,MOISTURE_STRESS,Moderate Stress,1011.8
4,26,Vegetative,18.66,36.18,38.83,36.86,0.0,0.662,COMBINED_STRESS,High Stress,700.0
6,103,Maturation,59.91,20.77,25.93,71.24,12.0,0.923,NORMAL,Normal,3400.0
6,43,Flowering & Pegging,26.88,38.38,41.19,33.86,0.0,0.482,HEAT_STRESS,High Stress,700.0
1,28,Vegetative,21.57,36.03,37.78,36.84,0.0,0.55,COMBINED_STRESS,High Stress,700.0
4,25,Vegetative,48.11,24.83,28.71,73.09,4.0,0.795,NORMAL,Normal,3082.6
3,64,Flowering & Pegging,51.85,22.75,24.68,74.72,0.0,0.827,NORMAL,Normal,3048.3
6,45,Flowering & Pegging,58.24,21.23,24.72,64.68,0.0,0.861,NORMAL,Normal,3209.4
6,67,Pod Development,59.3,24.37,27.88,59.44,12.0,0.672,NORMAL,Normal,2906.7
2,85,Pod Development,51.46,28.0,31.71,75.87,0.0,0.726,NORMAL,Normal,2170.9
2,56,Flowering & Pegging,23.05,34.59,37.09,40.18,0.0,0.683,COMBINED_STRESS,High Stress,700.0
2,58,Flowering & Pegging,53.02,29.35,34.34,72.85,4.0,0.835,HEAT_STRESS,Moderate Stress,1872.4
6,24,Vegetative,52.56,24.62,28.45,54.73,0.0,0.886,NORMAL,Normal,3228.7
3,86,Pod Development,28.43,33.86,34.36,45.34,0.0,0.351,MOISTURE_STRESS,Moderate Stress,700.0
3,16,Vegetative,50.32,23.56,26.93,62.75,2.0,0.8,NORMAL,Normal,3041.2
5,62,Flowering & Pegging,13.0,32.86,33.5,39.37,0.0,0.722,MOISTURE_STRESS,High Stress,700.0
6,57,Flowering & Pegging,61.61,21.57,27.81,66.56,22.0,0.741,NORMAL,Normal,2957.9
4,54,Flowering & Pegging,46.2,21.2,24.52,75.22,0.0,0.823,NORMAL,Normal,3059.2
4,26,Vegetative,53.76,24.4,27.73,64.11,22.0,0.821,NORMAL,Normal,3113.9
6,16,Vegetative,28.98,29.03,31.2,48.7,0.0,0.752,MOISTURE_STRESS,Moderate Stress,1212.4
3,91,Maturation,54.96,24.79,29.08,59.68,0.0,0.947,NORMAL,Normal,3323.3
5,35,Vegetative,33.5,30.75,32.91,38.73,0.0,0.806,MOISTURE_STRESS,Moderate Stress,1333.8
4,104,Maturation,19.23,38.23,38.85,29.1,0.0,0.404,COMBINED_STRESS,High Stress,700.0
1,81,Pod Development,24.37,32.87,33.84,38.32,0.0,0.709,MOISTURE_STRESS,High Stress,700.0
2,37,Flowering & Pegging,24.2,31.56,33.97,40.9,0.0,0.665,MOISTURE_STRESS,High Stress,700.0
5,69,Pod Development,50.62,21.61,25.75,61.58,0.0,0.822,NORMAL,Normal,3099.4
1,39,Flowering & Pegging,52.36,21.09,26.03,62.79,0.0,0.723,NORMAL,Normal,2962.8
4,75,Pod Development,16.22,35.28,34.46,38.41,0.0,0.481,MOISTURE_STRESS,High Stress,700.0
5,37,Flowering & Pegging,53.9,22.9,27.55,68.48,0.0,0.774,NORMAL,Normal,3107.1
5,97,Maturation,61.44,20.66,26.27,63.72,22.0,0.766,NORMAL,Normal,3008.6
5,96,Maturation,26.85,31.94,32.7,34.69,0.0,0.82,MOISTURE_STRESS,Moderate Stress,1351.2
1,87,Pod Development,28.4,32.47,35.61,42.94,0.0,0.526,HEAT_STRESS,High Stress,700.0
3,54,Flowering & Pegging,53.24,25.63,30.51,62.26,0.0,0.7,NORMAL,Normal,2862.8
2,82,Pod Development,50.58,26.74,30.11,62.2,0.0,0.704,NORMAL,Normal,2858.3
5,68,Pod Development,16.07,33.81,33.76,36.79,0.0,0.577,MOISTURE_STRESS,High Stress,700.0
1,97,Maturation,83.08,18.35,26.1,76.96,23.94,0.534,WATERLOGGING_STRESS,Moderate Stress,2123.2
4,16,Vegetative,42.7,28.61,31.75,75.45,0.0,0.843,NORMAL,Normal,2632.2
5,86,Pod Development,60.44,20.15,24.85,69.68,0.0,0.804,NORMAL,Normal,3090.2
3,18,Vegetative,54.16,24.74,28.93,79.81,4.0,0.663,NORMAL,Normal,2882.8
1,71,Pod Development,23.52,31.54,33.57,34.29,0.0,0.55,MOISTURE_STRESS,High Stress,700.0
5,94,Maturation,23.41,31.89,32.73,25.14,0.0,0.678,MOISTURE_STRESS,High Stress,1129.6
5,84,Pod Development,60.5,22.33,27.47,70.79,0.0,0.822,NORMAL,Normal,3030.8
5,108,Maturation,24.68,34.75,36.5,30.63,0.0,0.621,COMBINED_STRESS,High Stress,916.7
2,41,Flowering & Pegging,53.49,24.6,27.56,58.51,6.0,0.868,NORMAL,Normal,3298.5
2,93,Maturation,51.91,22.53,24.6,65.27,0.0,0.737,NORMAL,Normal,2934.4
4,77,Pod Development,49.33,21.56,24.52,59.25,0.0,0.7,NORMAL,Normal,2820.5
4,60,Flowering & Pegging,58.18,24.79,29.74,57.47,2.0,0.877,NORMAL,Normal,3158.8
5,41,Flowering & Pegging,33.59,33.14,34.02,57.81,0.0,0.547,MOISTURE_STRESS,Moderate Stress,700.0
3,106,Maturation,21.29,32.86,33.92,43.35,0.0,0.86,MOISTURE_STRESS,High Stress,1107.6
3,36,Flowering & Pegging,24.79,36.72,38.86,39.63,0.0,0.59,COMBINED_STRESS,High Stress,700.0
3,98,Maturation,21.45,38.17,37.06,38.16,0.0,0.541,COMBINED_STRESS,High Stress,700.0
4,25,Vegetative,47.86,21.75,23.21,68.73,0.0,0.816,NORMAL,Normal,3165.2
4,88,Pod Development,18.23,37.43,36.96,33.53,0.0,0.662,COMBINED_STRESS,High Stress,700.0
1,94,Maturation,20.57,30.11,29.67,45.49,0.0,0.696,MOISTURE_STRESS,High Stress,1134.4
6,75,Pod Development,58.52,22.02,26.13,61.74,0.0,0.873,NORMAL,Normal,3179.1
1,68,Pod Development,21.35,36.59,36.62,35.57,0.0,0.691,COMBINED_STRESS,High Stress,700.0
5,54,Flowering & Pegging,51.62,21.14,23.52,61.43,0.0,0.792,NORMAL,Normal,3050.6
2,33,Vegetative,23.19,36.53,35.9,36.98,0.0,0.714,COMBINED_STRESS,High Stress,700.0
4,57,Flowering & Pegging,44.94,27.51,29.62,68.73,0.0,0.864,NORMAL,Normal,3137.4
1,80,Pod Development,29.47,34.6,35.18,42.06,0.0,0.696,MOISTURE_STRESS,Moderate Stress,700.0
5,50,Flowering & Pegging,24.78,31.57,33.15,42.62,0.0,0.607,MOISTURE_STRESS,High Stress,700.0
3,99,Maturation,56.58,23.77,27.6,58.52,12.0,0.95,NORMAL,Normal,3232.9
4,61,Flowering & Pegging,46.08,26.63,29.43,71.5,0.0,0.868,NORMAL,Normal,3177.0
4,89,Pod Development,44.54,31.32,35.53,73.78,0.0,0.702,HEAT_STRESS,High Stress,1539.2
5,71,Pod Development,53.76,19.53,23.45,65.09,0.0,0.734,NORMAL,Normal,2875.4
1,36,Flowering & Pegging,50.37,21.99,26.06,49.23,2.0,0.761,NORMAL,Normal,3029.0
5,34,Vegetative,50.27,21.87,25.48,71.23,0.0,0.805,NORMAL,Normal,3151.0
6,55,Flowering & Pegging,24.42,33.74,32.95,51.06,0.0,0.693,MOISTURE_STRESS,High Stress,700.0
6,90,Pod Development,16.29,31.65,32.42,38.36,0.0,0.783,MOISTURE_STRESS,High Stress,700.0
6,82,Pod Development,56.24,22.97,26.89,64.38,0.0,0.738,NORMAL,Normal,2922.5
6,34,Vegetative,20.03,39.39,41.92,38.46,0.0,0.437,COMBINED_STRESS,High Stress,700.0
4,65,Flowering & Pegging,43.99,24.54,27.36,68.8,0.0,0.862,NORMAL,Normal,3197.7
6,67,Pod Development,54.1,24.89,28.57,73.66,0.0,0.811,NORMAL,Normal,3055.4
5,106,Maturation,53.79,21.0,23.78,61.74,0.0,0.791,NORMAL,Normal,3083.4
5,90,Pod Development,20.32,35.49,33.78,45.67,0.0,0.738,MOISTURE_STRESS,High Stress,700.0
6,21,Vegetative,20.28,40.0,41.65,49.93,0.0,0.431,COMBINED_STRESS,High Stress,700.0
2,95,Maturation,57.24,23.3,27.19,64.84,0.0,0.822,NORMAL,Normal,3200.3
6,16,Vegetative,28.18,35.91,39.93,30.77,0.0,0.806,HEAT_STRESS,High Stress,700.0
5,40,Flowering & Pegging,49.57,26.58,30.51,65.36,0.0,0.721,NORMAL,Normal,2913.3
3,18,Vegetative,23.41,29.38,30.63,47.8,0.0,0.702,MOISTURE_STRESS,High Stress,1039.9
4,94,Maturation,47.03,30.25,34.91,79.65,0.0,0.717,HEAT_STRESS,Moderate Stress,2120.6
3,52,Flowering & Pegging,50.94,26.01,29.31,70.11,0.0,0.749,NORMAL,Normal,3079.1
2,51,Flowering & Pegging,23.16,33.07,33.16,34.59,0.0,0.766,MOISTURE_STRESS,High Stress,700.0
2,16,Vegetative,50.62,22.36,25.26,64.51,0.0,0.862,NORMAL,Normal,3100.7
5,49,Flowering & Pegging,51.67,24.1,27.29,71.31,0.0,0.671,NORMAL,Normal,2831.4
4,73,Pod Development,18.02,37.5,37.61,45.42,0.0,0.612,COMBINED_STRESS,High Stress,700.0
4,97,Maturation,45.26,24.03,26.75,72.67,0.0,0.756,NORMAL,Normal,2972.2
6,18,Vegetative,56.54,23.24,27.49,69.81,4.0,0.671,NORMAL,Normal,2964.2
6,24,Vegetative,54.13,24.88,28.3,65.01,0.0,0.732,NORMAL,Normal,2963.3
4,108,Maturation,47.81,24.89,25.97,65.88,4.0,0.778,NORMAL,Normal,2948.2
3,65,Flowering & Pegging,53.5,27.54,32.47,56.59,2.0,0.835,NORMAL,Normal,2149.8
1,96,Maturation,50.77,22.87,27.6,53.49,0.0,0.826,NORMAL,Normal,3101.6
1,41,Flowering & Pegging,50.45,21.57,26.36,63.7,0.0,0.888,NORMAL,Normal,3177.2
6,43,Flowering & Pegging,54.14,20.44,23.98,58.21,0.0,0.77,NORMAL,Normal,2979.5
3,85,Pod Development,31.91,34.1,37.44,37.1,0.0,0.589,HEAT_STRESS,High Stress,700.0
5,70,Pod Development,51.57,21.23,26.36,63.09,0.0,0.85,NORMAL,Normal,3133.6
5,24,Vegetative,29.7,27.51,30.48,36.76,0.0,0.603,MOISTURE_STRESS,Moderate Stress,1398.8
3,17,Vegetative,25.89,34.74,35.55,52.6,0.0,0.701,COMBINED_STRESS,High Stress,791.2
5,95,Maturation,14.22,35.75,33.58,38.23,0.0,0.638,MOISTURE_STRESS,High Stress,700.0
1,80,Pod Development,56.52,23.53,30.15,72.18,12.0,0.701,NORMAL,Normal,2889.7
3,107,Maturation,26.95,34.31,37.38,37.55,0.0,0.602,HEAT_STRESS,High Stress,988.3
3,49,Flowering & Pegging,54.38,26.41,31.12,69.26,0.0,0.839,NORMAL,Normal,2393.2
6,32,Vegetative,53.0,19.23,23.87,69.46,0.0,0.718,NORMAL,Normal,2936.3
3,35,Vegetative,46.79,22.24,27.14,55.41,0.0,0.907,NORMAL,Normal,3242.6
5,69,Pod Development,53.18,23.51,27.13,62.44,0.0,0.881,NORMAL,Normal,3135.4
2,50,Flowering & Pegging,14.93,30.73,30.08,39.13,0.0,0.739,MOISTURE_STRESS,High Stress,700.0
6,24,Vegetative,56.83,24.97,30.84,71.78,0.0,0.877,NORMAL,Normal,3240.2
3,55,Flowering & Pegging,28.08,29.49,30.64,40.65,0.0,0.707,MOISTURE_STRESS,Moderate Stress,700.0
1,23,Vegetative,84.41,18.0,24.67,79.79,55.51,0.616,WATERLOGGING_STRESS,Moderate Stress,2009.5
1,71,Pod Development,27.0,38.76,41.3,32.5,0.0,0.778,HEAT_STRESS,High Stress,700.0
3,89,Pod Development,82.73,18.0,21.74,85.86,44.1,0.542,WATERLOGGING_STRESS,Moderate Stress,1679.8
3,33,Vegetative,54.17,26.05,31.03,62.49,0.0,0.828,NORMAL,Normal,2586.0
2,98,Maturation,53.33,23.64,28.45,71.52,4.0,0.781,NORMAL,Normal,3023.8
2,99,Maturation,22.89,33.33,35.12,42.15,0.0,0.653,MOISTURE_STRESS,High Stress,933.3
3,80,Pod Development,16.04,38.96,37.89,41.21,0.0,0.64,COMBINED_STRESS,High Stress,700.0
6,18,Vegetative,56.39,26.02,31.13,61.99,0.0,0.933,NORMAL,Normal,2774.6
4,62,Flowering & Pegging,21.47,31.01,32.67,35.25,0.0,0.515,MOISTURE_STRESS,High Stress,700.0
3,41,Flowering & Pegging,25.7,30.3,33.14,32.77,0.0,0.641,MOISTURE_STRESS,High Stress,700.0
4,39,Flowering & Pegging,45.9,22.69,25.18,59.15,0.0,0.871,NORMAL,Normal,3214.7
5,83,Pod Development,52.05,26.38,30.62,67.94,2.0,0.891,NORMAL,Normal,3242.4
1,84,Pod Development,25.1,39.05,40.44,35.52,0.0,0.714,COMBINED_STRESS,High Stress,700.0
5,55,Flowering & Pegging,54.82,21.65,26.19,73.92,2.0,0.695,NORMAL,Normal,2842.0
6,88,Pod Development,29.17,30.61,31.36,43.53,0.0,0.641,MOISTURE_STRESS,Moderate Stress,700.0
6,61,Flowering & Pegging,19.67,32.31,32.39,48.82,0.0,0.538,MOISTURE_STRESS,High Stress,700.0
1,63,Flowering & Pegging,23.38,29.42,29.85,47.24,0.0,0.622,MOISTURE_STRESS,High Stress,700.0
6,72,Pod Development,34.93,37.03,39.55,35.23,0.0,0.754,HEAT_STRESS,High Stress,700.0
4,87,Pod Development,12.22,31.07,31.23,44.81,0.0,0.795,MOISTURE_STRESS,High Stress,700.0
5,18,Vegetative,60.45,24.01,30.21,59.09,2.0,0.89,NORMAL,Normal,3153.3
6,56,Flowering & Pegging,55.41,23.39,29.07,68.47,0.0,0.83,NORMAL,Normal,3082.6
4,104,Maturation,44.77,25.75,28.01,71.68,0.0,0.819,NORMAL,Normal,3063.8
1,54,Flowering & Pegging,57.68,23.55,29.67,73.64,12.0,0.731,NORMAL,Normal,2944.2
1,38,Flowering & Pegging,53.99,21.94,25.87,66.12,0.0,0.737,NORMAL,Normal,2954.2
2,95,Maturation,28.15,38.55,40.53,42.47,0.0,0.535,HEAT_STRESS,High Stress,717.3
6,71,Pod Development,64.23,19.77,24.43,69.13,2.0,0.848,NORMAL,Normal,3157.0
1,36,Flowering & Pegging,33.02,36.7,39.57,37.41,0.0,0.637,HEAT_STRESS,High Stress,700.0
3,77,Pod Development,52.48,26.51,32.57,75.99,4.0,0.941,HEAT_STRESS,Moderate Stress,2392.8
4,20,Vegetative,26.27,33.61,35.29,49.57,0.0,0.714,MOISTURE_STRESS,Moderate Stress,899.3
4,27,Vegetative,23.45,39.12,39.11,36.29,0.0,0.793,COMBINED_STRESS,High Stress,700.0
4,50,Flowering & Pegging,25.42,32.26,32.83,22.55,0.0,0.692,MOISTURE_STRESS,High Stress,700.0
5,83,Pod Development,18.28,35.41,34.39,49.02,0.0,0.729,MOISTURE_STRESS,High Stress,700.0
6,65,Flowering & Pegging,83.55,18.0,25.87,82.16,52.8,0.689,WATERLOGGING_STRESS,Moderate Stress,1760.1
3,54,Flowering & Pegging,52.28,22.19,25.06,61.69,0.0,0.838,NORMAL,Normal,3067.5
2,107,Maturation,52.55,21.86,27.07,68.15,4.0,0.73,NORMAL,Normal,3032.2
6,49,Flowering & Pegging,23.34,32.67,31.59,40.49,0.0,0.738,MOISTURE_STRESS,High Stress,700.0
6,43,Flowering & Pegging,53.58,21.31,24.59,57.31,0.0,0.721,NORMAL,Normal,2904.2
5,92,Maturation,51.88,22.56,26.81,64.75,0.0,0.782,NORMAL,Normal,3049.4
5,23,Vegetative,51.95,22.47,26.04,73.81,0.0,0.796,NORMAL,Normal,2989.7
5,69,Pod Development,81.93,18.46,25.6,84.56,62.64,0.621,WATERLOGGING_STRESS,Moderate Stress,2093.9
2,93,Maturation,20.04,34.71,35.84,37.61,0.0,0.796,COMBINED_STRESS,High Stress,889.1
4,39,Flowering & Pegging,51.6,23.56,26.03,51.81,2.0,0.862,NORMAL,Normal,3133.2
2,15,Vegetative,52.72,25.27,29.61,66.36,0.0,0.768,NORMAL,Normal,3013.0
1,24,Vegetative,60.63,20.86,26.2,60.46,0.0,0.799,NORMAL,Normal,3080.5
1,105,Maturation,50.86,18.82,19.72,63.88,0.0,0.774,NORMAL,Normal,2410.6
6,19,Vegetative,59.07,21.83,26.83,78.54,12.0,0.848,NORMAL,Normal,3050.5
3,67,Pod Development,24.78,38.08,39.32,35.17,0.0,0.822,COMBINED_STRESS,High Stress,700.0
3,91,Maturation,52.21,22.57,26.35,68.15,0.0,0.711,NORMAL,Normal,2983.3
1,32,Vegetative,52.34,22.97,28.71,67.57,0.0,0.868,NORMAL,Normal,3088.7
3,16,Vegetative,52.97,20.56,23.7,67.71,4.0,0.704,NORMAL,Normal,2910.1
6,60,Flowering & Pegging,51.5,23.63,25.66,62.54,0.0,0.775,NORMAL,Normal,3006.4
1,81,Pod Development,25.99,34.0,35.36,42.7,0.0,0.689,MOISTURE_STRESS,High Stress,700.0
6,46,Flowering & Pegging,17.24,38.85,40.3,32.29,0.0,0.515,COMBINED_STRESS,High Stress,700.0
1,40,Flowering & Pegging,24.26,31.5,31.11,40.62,0.0,0.548,MOISTURE_STRESS,High Stress,700.0
6,50,Flowering & Pegging,31.37,32.69,33.69,53.11,0.0,0.789,MOISTURE_STRESS,Moderate Stress,700.0
5,22,Vegetative,38.24,29.33,32.35,42.69,0.0,0.847,NORMAL,Normal,1654.8
3,107,Maturation,31.54,30.9,33.07,36.56,0.0,0.6,MOISTURE_STRESS,Moderate Stress,1355.4
5,35,Vegetative,55.01,21.2,26.01,61.1,0.0,0.85,NORMAL,Normal,3197.7
1,40,Flowering & Pegging,58.43,21.61,24.47,62.32,0.0,0.82,NORMAL,Normal,3057.0
5,96,Maturation,60.14,22.0,26.92,65.03,22.0,0.688,NORMAL,Normal,2780.8
3,45,Flowering & Pegging,34.7,34.01,36.22,26.83,0.0,0.487,HEAT_STRESS,High Stress,700.0
6,33,Vegetative,53.56,24.39,27.85,66.19,0.0,0.929,NORMAL,Normal,3244.2
4,85,Pod Development,44.03,25.77,27.43,60.11,0.0,0.946,NORMAL,Normal,3392.1
2,89,Pod Development,26.98,28.91,29.41,56.85,0.0,0.704,MOISTURE_STRESS,Moderate Stress,771.3
5,64,Flowering & Pegging,52.55,24.47,28.41,68.16,0.0,0.975,NORMAL,Normal,3314.7
3,23,Vegetative,33.17,31.76,35.95,32.74,0.0,0.597,HEAT_STRESS,High Stress,957.1
1,22,Vegetative,53.37,21.61,26.42,58.85,0.0,0.759,NORMAL,Normal,2975.4
4,52,Flowering & Pegging,51.45,21.37,26.97,58.66,12.0,0.752,NORMAL,Normal,2958.4
1,99,Maturation,52.78,23.89,28.95,67.09,0.0,0.684,NORMAL,Normal,2884.2
1,84,Pod Development,53.82,23.28,26.45,73.22,4.0,0.775,NORMAL,Normal,2970.5
6,62,Flowering & Pegging,27.48,36.34,37.3,24.79,0.0,0.677,HEAT_STRESS,High Stress,700.0
4,68,Pod Development,48.06,21.26,22.48,70.01,0.0,0.98,NORMAL,Normal,3238.6
5,88,Pod Development,20.13,38.73,39.13,31.87,0.0,0.522,COMBINED_STRESS,High Stress,700.0
6,65,Flowering & Pegging,38.17,30.25,33.95,28.04,0.0,0.589,HEAT_STRESS,Moderate Stress,700.0
5,49,Flowering & Pegging,63.74,23.26,27.77,65.45,2.0,0.881,NORMAL,Normal,3231.9
6,76,Pod Development,56.61,22.53,26.91,60.82,0.0,0.808,NORMAL,Normal,3055.2
1,15,Vegetative,57.01,24.7,29.12,66.99,2.0,0.87,NORMAL,Normal,3203.6
2,17,Vegetative,28.34,31.93,34.34,34.7,0.0,0.657,MOISTURE_STRESS,Moderate Stress,914.6
4,28,Vegetative,50.16,20.13,25.12,61.75,0.0,0.88,NORMAL,Normal,3199.7
1,81,Pod Development,86.33,18.0,26.24,83.49,30.7,0.684,WATERLOGGING_STRESS,Moderate Stress,1494.9
4,108,Maturation,45.22,24.16,29.02,70.02,0.0,0.852,NORMAL,Normal,3152.8
4,54,Flowering & Pegging,14.15,37.62,37.9,39.81,0.0,0.85,COMBINED_STRESS,High Stress,700.0
5,43,Flowering & Pegging,50.79,23.29,26.87,71.42,0.0,0.672,NORMAL,Normal,2828.6
1,49,Flowering & Pegging,23.84,34.67,35.95,52.8,0.0,0.456,COMBINED_STRESS,High Stress,700.0
2,88,Pod Development,51.66,23.38,26.98,62.33,4.0,0.81,NORMAL,Normal,3181.1
4,62,Flowering & Pegging,20.05,35.05,35.5,37.97,0.0,0.767,COMBINED_STRESS,High Stress,700.0
4,52,Flowering & Pegging,46.0,26.75,30.35,57.41,0.0,0.848,NORMAL,Normal,3167.4
4,62,Flowering & Pegging,46.97,30.31,34.38,76.07,4.0,0.843,HEAT_STRESS,Moderate Stress,1821.7
2,95,Maturation,27.4,39.82,40.61,45.01,0.0,0.712,HEAT_STRESS,High Stress,795.6
5,23,Vegetative,52.36,24.8,29.44,68.7,0.0,0.759,NORMAL,Normal,2853.3
1,53,Flowering & Pegging,60.16,26.21,30.27,61.51,6.0,0.88,NORMAL,Normal,3134.7
3,37,Flowering & Pegging,13.13,40.0,37.78,37.25,0.0,0.82,COMBINED_STRESS,High Stress,700.0
2,77,Pod Development,50.93,28.42,33.26,65.22,0.0,0.803,HEAT_STRESS,Moderate Stress,2083.7
1,100,Maturation,51.15,24.05,29.81,77.32,0.0,0.725,NORMAL,Normal,3001.1
2,88,Pod Development,54.51,22.21,26.37,65.61,4.0,0.739,NORMAL,Normal,2875.0
1,29,Vegetative,57.22,21.51,25.23,76.54,12.0,0.768,NORMAL,Normal,2964.2
2,62,Flowering & Pegging,54.27,23.75,28.87,64.47,2.0,0.917,NORMAL,Normal,3316.1
2,96,Maturation,54.97,22.97,28.28,66.43,4.0,0.807,NORMAL,Normal,3041.1
2,46,Flowering & Pegging,51.8,26.2,29.54,80.91,0.0,0.822,NORMAL,Normal,3049.1
2,68,Pod Development,51.98,27.32,30.66,60.21,0.0,0.801,NORMAL,Normal,3016.1
5,97,Maturation,52.94,25.31,29.86,69.35,0.0,0.633,NORMAL,Normal,2871.8
3,82,Pod Development,24.36,31.74,31.48,58.55,0.0,0.585,MOISTURE_STRESS,High Stress,700.0
2,59,Flowering & Pegging,59.4,24.12,30.76,64.83,2.0,0.882,NORMAL,Normal,3144.5
1,57,Flowering & Pegging,51.87,26.29,29.25,61.84,2.0,0.88,NORMAL,Normal,3159.5
2,67,Pod Development,50.38,22.06,24.09,67.65,0.0,0.651,NORMAL,Normal,2791.5
4,51,Flowering & Pegging,11.46,36.61,36.45,34.08,0.0,0.724,COMBINED_STRESS,High Stress,700.0
3,32,Vegetative,28.43,34.8,35.52,42.32,0.0,0.742,HEAT_STRESS,High Stress,888.4
4,53,Flowering & Pegging,20.98,37.74,39.52,31.14,0.0,0.605,COMBINED_STRESS,High Stress,700.0
3,38,Flowering & Pegging,19.5,28.43,27.37,37.73,0.0,0.636,MOISTURE_STRESS,High Stress,700.0
4,49,Flowering & Pegging,45.93,21.88,23.78,67.06,4.0,0.69,NORMAL,Normal,2818.2
4,41,Flowering & Pegging,47.09,22.9,26.3,80.61,0.0,0.736,NORMAL,Normal,3031.9
2,25,Vegetative,51.78,26.39,28.93,65.05,6.0,0.888,NORMAL,Normal,3224.0
3,82,Pod Development,20.65,38.89,39.97,27.6,0.0,0.552,COMBINED_STRESS,High Stress,700.0
1,107,Maturation,71.74,20.31,27.54,83.48,35.93,0.582,NORMAL,Normal,2456.8
6,56,Flowering & Pegging,33.64,33.94,34.54,33.78,0.0,0.647,MOISTURE_STRESS,Moderate Stress,700.0
1,93,Maturation,20.45,37.12,38.84,34.27,0.0,0.569,COMBINED_STRESS,High Stress,738.2
6,88,Pod Development,83.39,19.5,28.7,86.18,59.6,0.678,WATERLOGGING_STRESS,Moderate Stress,1949.6
1,96,Maturation,26.07,35.3,35.29,40.11,0.0,0.696,MOISTURE_STRESS,Moderate Stress,1161.1
6,92,Maturation,56.51,22.86,27.5,71.26,4.0,0.9,NORMAL,Normal,3193.5
3,83,Pod Development,52.39,21.97,25.12,72.44,0.0,0.722,NORMAL,Normal,2910.2
4,82,Pod Development,43.13,24.38,25.61,65.76,0.0,0.856,NORMAL,Normal,3207.0
4,77,Pod Development,43.73,22.54,25.32,65.82,6.0,0.885,NORMAL,Normal,3136.8
5,32,Vegetative,23.47,31.84,32.23,38.48,0.0,0.57,MOISTURE_STRESS,High Stress,800.5
4,28,Vegetative,50.29,24.2,28.45,57.13,0.0,0.971,NORMAL,Normal,3400.0
6,94,Maturation,27.63,29.6,32.0,30.63,0.0,0.549,MOISTURE_STRESS,Moderate Stress,1187.6
3,96,Maturation,16.49,37.75,39.53,23.54,0.0,0.528,COMBINED_STRESS,High Stress,700.0
6,88,Pod Development,22.83,30.71,31.23,35.58,0.0,0.568,MOISTURE_STRESS,High Stress,700.0
5,85,Pod Development,54.05,24.88,28.71,64.53,4.0,0.805,NORMAL,Normal,3043.4
2,26,Vegetative,51.7,25.29,28.21,75.35,0.0,0.864,NORMAL,Normal,3131.4
4,15,Vegetative,19.16,32.2,31.82,39.2,0.0,0.686,MOISTURE_STRESS,High Stress,700.0
3,78,Pod Development,57.47,25.15,31.22,55.57,2.0,0.837,NORMAL,Normal,2528.4
4,38,Flowering & Pegging,52.29,19.93,24.62,66.77,2.0,0.946,NORMAL,Normal,3373.1
6,101,Maturation,89.81,18.0,24.04,79.36,32.8,0.712,WATERLOGGING_STRESS,Moderate Stress,1782.6
6,81,Pod Development,53.66,23.52,29.31,63.95,2.0,0.839,NORMAL,Normal,3052.4
4,28,Vegetative,46.83,21.79,25.39,56.94,0.0,0.864,NORMAL,Normal,3163.9
4,76,Pod Development,44.96,27.53,29.5,62.68,0.0,0.77,NORMAL,Normal,3072.1
4,65,Flowering & Pegging,48.33,24.84,28.38,59.81,0.0,0.801,NORMAL,Normal,3073.2
2,19,Vegetative,50.22,21.11,24.61,62.93,0.0,0.783,NORMAL,Normal,2946.1
4,36,Flowering & Pegging,46.21,27.07,28.96,61.25,0.0,0.815,NORMAL,Normal,3115.9
6,76,Pod Development,20.01,36.91,38.88,39.53,0.0,0.677,COMBINED_STRESS,High Stress,700.0
5,67,Pod Development,30.06,35.3,36.2,36.04,0.0,0.51,HEAT_STRESS,High Stress,700.0
4,55,Flowering & Pegging,46.03,24.82,27.81,69.78,4.0,0.664,NORMAL,Normal,2854.9
2,61,Flowering & Pegging,56.5,24.07,28.5,62.2,0.0,0.849,NORMAL,Normal,3186.2
6,39,Flowering & Pegging,55.99,25.93,30.89,73.42,4.0,0.724,NORMAL,Normal,2883.5
4,104,Maturation,20.41,34.37,36.69,41.69,0.0,0.491,COMBINED_STRESS,High Stress,815.9
3,71,Pod Development,56.73,24.11,29.51,71.91,12.0,0.805,NORMAL,Normal,3053.2
2,108,Maturation,82.93,18.0,23.75,90.38,49.29,0.647,WATERLOGGING_STRESS,Moderate Stress,2243.8
4,76,Pod Development,44.91,23.66,26.32,69.33,2.0,0.94,NORMAL,Normal,3311.3
2,76,Pod Development,55.42,23.96,29.94,64.4,4.0,0.741,NORMAL,Normal,2861.3
6,94,Maturation,54.71,21.92,26.05,71.63,0.0,0.784,NORMAL,Normal,3034.3
4,28,Vegetative,47.64,24.19,27.63,69.76,0.0,0.831,NORMAL,Normal,3017.6
1,59,Flowering & Pegging,56.71,23.61,26.82,52.91,0.0,0.849,NORMAL,Normal,3087.6
3,100,Maturation,55.49,23.93,29.32,66.55,4.0,0.831,NORMAL,Normal,3075.4
4,85,Pod Development,14.86,34.35,33.78,39.17,0.0,0.675,MOISTURE_STRESS,High Stress,700.0
6,90,Pod Development,37.62,28.01,30.16,50.78,0.0,0.849,MOISTURE_STRESS,Moderate Stress,1800.5
5,78,Pod Development,18.95,35.32,34.71,47.55,0.0,0.64,MOISTURE_STRESS,High Stress,700.0
1,24,Vegetative,82.07,18.0,28.07,90.7,48.64,0.437,WATERLOGGING_STRESS,Moderate Stress,2012.3
5,62,Flowering & Pegging,53.82,23.95,27.74,80.39,0.0,0.825,NORMAL,Normal,3108.3
1,54,Flowering & Pegging,56.1,24.97,29.0,56.04,0.0,0.84,NORMAL,Normal,3177.2
6,28,Vegetative,33.03,34.5,36.67,39.85,0.0,0.705,HEAT_STRESS,High Stress,949.5
4,91,Maturation,20.92,36.82,39.37,42.34,0.0,0.581,COMBINED_STRESS,High Stress,700.0
3,18,Vegetative,24.58,28.05,29.41,41.14,0.0,0.632,MOISTURE_STRESS,High Stress,1074.1
3,90,Pod Development,54.39,25.13,29.37,70.1,4.0,0.615,NORMAL,Normal,2769.4
6,56,Flowering & Pegging,87.29,18.0,26.71,77.47,62.58,0.52,WATERLOGGING_STRESS,Moderate Stress,1159.9
5,73,Pod Development,20.96,35.21,36.92,30.53,0.0,0.689,COMBINED_STRESS,High Stress,700.0
4,110,Maturation,20.15,33.55,34.42,37.99,0.0,0.719,MOISTURE_STRESS,High Stress,886.8
4,50,Flowering & Pegging,80.29,18.0,21.16,82.51,43.98,0.661,WATERLOGGING_STRESS,Moderate Stress,1796.1
2,63,Flowering & Pegging,54.9,19.79,24.22,67.85,0.0,0.897,NORMAL,Normal,3310.2
5,24,Vegetative,52.72,20.35,25.47,58.3,0.0,0.815,NORMAL,Normal,3042.4
4,47,Flowering & Pegging,43.41,22.51,25.08,66.89,0.0,0.808,NORMAL,Normal,3105.2
1,85,Pod Development,62.04,20.79,25.81,73.85,0.0,0.795,NORMAL,Normal,2982.9
6,107,Maturation,52.83,23.69,27.47,66.13,0.0,0.809,NORMAL,Normal,3212.3
4,63,Flowering & Pegging,22.41,31.9,31.56,44.92,0.0,0.714,MOISTURE_STRESS,High Stress,700.0
2,103,Maturation,19.26,33.47,33.31,57.74,0.0,0.777,MOISTURE_STRESS,High Stress,953.0
5,91,Maturation,29.39,36.06,38.48,35.82,0.0,0.545,HEAT_STRESS,High Stress,957.5
6,55,Flowering & Pegging,51.92,18.0,20.35,69.1,0.0,0.814,NORMAL,Normal,2258.7
1,34,Vegetative,27.76,32.29,35.33,43.54,0.0,0.703,MOISTURE_STRESS,Moderate Stress,898.4
5,32,Vegetative,60.68,21.46,28.2,65.44,22.0,0.74,NORMAL,Normal,2959.7
1,57,Flowering & Pegging,24.71,30.88,31.26,33.92,0.0,0.707,MOISTURE_STRESS,High Stress,700.0
3,45,Flowering & Pegging,16.38,30.55,30.44,35.82,0.0,0.697,MOISTURE_STRESS,High Stress,700.0
1,51,Flowering & Pegging,51.36,21.84,26.67,66.0,0.0,0.742,NORMAL,Normal,2898.0
3,79,Pod Development,20.49,33.95,33.78,47.11,0.0,0.766,MOISTURE_STRESS,High Stress,700.0
4,31,Vegetative,19.83,31.29,30.91,37.5,0.0,0.749,MOISTURE_STRESS,High Stress,774.4
4,21,Vegetative,16.15,36.93,37.68,32.79,0.0,0.709,COMBINED_STRESS,High Stress,700.0
2,78,Pod Development,54.42,24.52,29.54,64.54,4.0,0.892,NORMAL,Normal,3200.0
1,38,Flowering & Pegging,21.36,33.8,36.2,55.3,0.0,0.692,COMBINED_STRESS,High Stress,700.0
4,95,Maturation,24.69,33.16,33.35,46.31,0.0,0.658,MOISTURE_STRESS,High Stress,1145.2
4,78,Pod Development,44.32,26.08,28.45,60.77,0.0,0.772,NORMAL,Normal,3045.9
4,104,Maturation,78.0,20.03,27.99,72.63,52.66,0.559,NORMAL,Normal,2312.6
6,56,Flowering & Pegging,18.67,30.6,29.56,48.8,0.0,0.71,MOISTURE_STRESS,High Stress,700.0
1,42,Flowering & Pegging,54.58,22.02,26.4,70.14,4.0,0.739,NORMAL,Normal,2950.3
3,63,Flowering & Pegging,61.03,22.88,27.87,65.1,22.0,0.631,NORMAL,Normal,2895.0
1,21,Vegetative,53.2,24.73,29.34,77.42,4.0,0.722,NORMAL,Normal,2946.5
1,57,Flowering & Pegging,59.59,23.7,29.75,59.21,0.0,0.823,NORMAL,Normal,3226.1
3,17,Vegetative,22.64,32.39,33.79,42.65,0.0,0.716,MOISTURE_STRESS,High Stress,769.8
5,29,Vegetative,27.74,32.92,32.98,51.6,0.0,0.779,MOISTURE_STRESS,Moderate Stress,1092.2
4,100,Maturation,14.43,40.0,38.72,30.4,0.0,0.627,COMBINED_STRESS,High Stress,700.0
1,110,Maturation,51.46,22.75,26.88,57.64,0.0,0.647,NORMAL,Normal,2785.3
1,48,Flowering & Pegging,30.54,31.27,32.91,46.34,0.0,0.691,MOISTURE_STRESS,Moderate Stress,700.0
4,58,Flowering & Pegging,52.25,23.46,26.44,70.03,22.0,0.883,NORMAL,Normal,3226.8
6,42,Flowering & Pegging,58.11,21.27,25.38,69.29,0.0,0.848,NORMAL,Normal,3257.3
1,42,Flowering & Pegging,51.1,21.87,25.34,66.67,0.0,0.83,NORMAL,Normal,3124.2
6,70,Pod Development,28.77,31.9,32.65,31.14,0.0,0.761,MOISTURE_STRESS,Moderate Stress,700.0
4,30,Vegetative,12.99,38.8,36.89,35.1,0.0,0.805,COMBINED_STRESS,High Stress,700.0
5,109,Maturation,23.17,32.24,32.51,47.71,0.0,0.62,MOISTURE_STRESS,High Stress,1150.8
6,59,Flowering & Pegging,55.62,23.19,29.19,74.24,0.0,0.82,NORMAL,Normal,3102.2
1,40,Flowering & Pegging,51.83,22.03,24.42,57.41,0.0,0.765,NORMAL,Normal,3062.6
1,61,Flowering & Pegging,50.74,27.02,29.64,68.81,0.0,0.725,NORMAL,Normal,2969.5
6,16,Vegetative,81.28,18.0,24.43,84.03,60.21,0.498,WATERLOGGING_STRESS,Moderate Stress,2110.0
5,75,Pod Development,52.11,22.86,26.25,81.3,0.0,0.813,NORMAL,Normal,3058.0
2,87,Pod Development,52.36,22.09,25.39,65.18,0.0,0.79,NORMAL,Normal,3129.4
1,69,Pod Development,51.76,25.13,27.89,56.45,0.0,0.676,NORMAL,Normal,2904.9
3,39,Flowering & Pegging,16.32,36.79,36.82,44.87,0.0,0.624,COMBINED_STRESS,High Stress,700.0
2,20,Vegetative,30.01,31.51,33.74,32.34,0.0,0.652,MOISTURE_STRESS,Moderate Stress,1061.6
1,50,Flowering & Pegging,55.18,25.99,29.4,70.54,4.0,0.77,NORMAL,Normal,2954.0
4,56,Flowering & Pegging,46.89,27.98,30.28,70.39,0.0,0.551,NORMAL,Normal,2590.3
1,19,Vegetative,52.45,26.17,29.63,68.18,0.0,0.911,NORMAL,Normal,3264.3
4,61,Flowering & Pegging,78.95,20.43,27.39,69.4,51.75,0.517,NORMAL,Normal,2140.0
5,64,Flowering & Pegging,84.14,18.0,24.35,80.46,52.66,0.641,WATERLOGGING_STRESS,Moderate Stress,1753.2
2,31,Vegetative,25.72,32.69,34.79,46.47,0.0,0.546,MOISTURE_STRESS,High Stress,797.5
2,107,Maturation,21.58,30.79,31.08,31.85,0.0,0.749,MOISTURE_STRESS,High Stress,1096.5
5,15,Vegetative,48.62,23.89,27.16,57.78,2.0,0.854,NORMAL,Normal,3162.1
6,56,Flowering & Pegging,58.58,25.59,30.35,63.54,12.0,0.717,NORMAL,Normal,2975.5
6,75,Pod Development,55.11,23.09,25.79,61.63,0.0,0.822,NORMAL,Normal,3092.0
6,54,Flowering & Pegging,32.31,29.91,31.78,35.39,0.0,0.587,MOISTURE_STRESS,Moderate Stress,700.0
6,55,Flowering & Pegging,55.29,24.25,27.83,72.75,0.0,0.795,NORMAL,Normal,2981.5
6,26,Vegetative,54.23,22.52,27.13,67.85,0.0,0.775,NORMAL,Normal,2988.0
5,41,Flowering & Pegging,51.99,22.62,26.78,76.33,0.0,0.761,NORMAL,Normal,3026.6
6,38,Flowering & Pegging,55.91,22.42,26.85,64.82,0.0,0.695,NORMAL,Normal,2908.8
6,60,Flowering & Pegging,28.18,31.28,32.29,46.84,0.0,0.748,MOISTURE_STRESS,Moderate Stress,700.0
4,69,Pod Development,45.56,25.11,28.32,67.27,0.0,0.71,NORMAL,Normal,2879.7
5,63,Flowering & Pegging,57.96,22.33,25.42,58.65,0.0,0.78,NORMAL,Normal,3002.0
2,106,Maturation,51.88,23.72,27.48,66.55,6.0,0.796,NORMAL,Normal,3000.0
3,57,Flowering & Pegging,24.34,33.53,34.34,41.57,0.0,0.792,MOISTURE_STRESS,High Stress,700.0
6,30,Vegetative,83.56,18.0,22.9,86.34,50.16,0.646,WATERLOGGING_STRESS,Moderate Stress,2112.7
4,103,Maturation,48.58,21.97,26.68,65.88,0.0,0.82,NORMAL,Normal,3127.3
5,29,Vegetative,53.75,30.33,35.6,71.33,0.0,0.855,HEAT_STRESS,High Stress,2009.5
5,96,Maturation,42.88,23.34,25.07,58.44,0.0,0.827,NORMAL,Normal,3076.6
4,109,Maturation,26.65,35.21,36.54,28.35,0.0,0.817,HEAT_STRESS,High Stress,1243.9
5,103,Maturation,54.25,26.34,30.91,65.56,0.0,0.877,NORMAL,Normal,3240.2
5,107,Maturation,19.91,33.08,34.42,38.26,0.0,0.841,MOISTURE_STRESS,High Stress,989.6
5,24,Vegetative,60.11,27.12,33.29,68.58,22.0,0.686,HEAT_STRESS,Moderate Stress,2155.6
5,27,Vegetative,56.86,21.83,25.54,62.23,0.0,0.833,NORMAL,Normal,3076.8
4,109,Maturation,21.47,35.84,36.8,28.92,0.0,0.72,COMBINED_STRESS,High Stress,894.1
2,36,Flowering & Pegging,24.83,28.38,30.02,28.03,0.0,0.641,MOISTURE_STRESS,High Stress,700.0
4,70,Pod Development,17.61,34.16,32.8,47.73,0.0,0.701,MOISTURE_STRESS,High Stress,700.0
2,23,Vegetative,52.58,24.16,28.7,73.45,0.0,0.789,NORMAL,Normal,3113.7
2,52,Flowering & Pegging,52.27,22.24,25.08,56.77,0.0,0.791,NORMAL,Normal,3117.0
4,74,Pod Development,15.66,34.03,34.62,49.04,0.0,0.803,MOISTURE_STRESS,High Stress,700.0
2,72,Pod Development,53.1,25.81,30.26,70.02,4.0,0.723,NORMAL,Normal,2873.0
1,52,Flowering & Pegging,56.21,26.81,31.98,70.73,0.0,0.759,NORMAL,Normal,2148.7
2,45,Flowering & Pegging,16.67,35.91,36.05,33.49,0.0,0.67,COMBINED_STRESS,High Stress,700.0
1,73,Pod Development,53.29,19.56,24.06,56.5,0.0,0.912,NORMAL,Normal,3290.5
6,53,Flowering & Pegging,23.85,34.91,37.14,42.65,0.0,0.714,COMBINED_STRESS,High Stress,700.0
3,97,Maturation,54.57,23.89,28.95,70.76,6.0,0.835,NORMAL,Normal,3110.3
4,110,Maturation,25.61,31.7,30.84,43.82,0.0,0.559,MOISTURE_STRESS,High Stress,1287.3
2,89,Pod Development,54.29,24.62,27.87,65.22,0.0,0.74,NORMAL,Normal,2953.2
2,57,Flowering & Pegging,52.33,22.64,25.69,67.87,0.0,0.804,NORMAL,Normal,3085.9
5,84,Pod Development,30.57,34.21,36.95,45.46,0.0,0.751,HEAT_STRESS,High Stress,700.0
2,23,Vegetative,54.5,22.76,25.1,66.15,4.0,0.784,NORMAL,Normal,3066.8
3,37,Flowering & Pegging,56.8,24.04,27.4,51.61,0.0,0.98,NORMAL,Normal,3400.0
4,68,Pod Development,25.12,36.78,39.38,37.51,0.0,0.845,COMBINED_STRESS,High Stress,700.0
1,44,Flowering & Pegging,52.44,22.51,27.67,69.62,0.0,0.728,NORMAL,Normal,2959.5
4,29,Vegetative,24.2,32.62,33.34,39.74,0.0,0.543,MOISTURE_STRESS,High Stress,792.7
4,41,Flowering & Pegging,44.51,28.53,31.32,52.9,0.0,0.726,NORMAL,Normal,2255.6
4,56,Flowering & Pegging,20.03,32.22,31.85,48.78,0.0,0.722,MOISTURE_STRESS,High Stress,700.0
1,100,Maturation,23.21,31.28,32.36,37.79,0.0,0.638,MOISTURE_STRESS,High Stress,1079.9
1,47,Flowering & Pegging,52.88,23.88,28.23,64.12,0.0,0.708,NORMAL,Normal,2895.3
6,16,Vegetative,28.77,30.41,31.24,46.03,0.0,0.766,MOISTURE_STRESS,Moderate Stress,1244.8
1,50,Flowering & Pegging,52.3,23.84,26.77,78.6,0.0,0.857,NORMAL,Normal,3210.2
6,81,Pod Development,65.36,23.15,27.02,57.67,0.0,0.84,NORMAL,Normal,3107.0
4,71,Pod Development,42.89,24.33,26.36,59.2,6.0,0.785,NORMAL,Normal,3022.1
5,27,Vegetative,22.9,38.1,39.33,30.76,0.0,0.544,COMBINED_STRESS,High Stress,700.0
1,77,Pod Development,49.53,24.83,27.24,64.89,0.0,0.874,NORMAL,Normal,3165.0
2,60,Flowering & Pegging,51.49,22.64,27.36,57.75,0.0,0.753,NORMAL,Normal,2920.7
2,71,Pod Development,59.14,23.25,26.85,66.46,0.0,0.861,NORMAL,Normal,3147.5
5,24,Vegetative,53.92,23.91,29.57,62.76,0.0,0.741,NORMAL,Normal,2976.4
6,39,Flowering & Pegging,25.36,35.09,36.59,30.5,0.0,0.763,COMBINED_STRESS,High Stress,700.0
3,48,Flowering & Pegging,51.62,24.26,27.84,59.39,2.0,0.833,NORMAL,Normal,3067.4
2,71,Pod Development,33.65,30.36,32.44,30.67,0.0,0.773,MOISTURE_STRESS,Moderate Stress,934.1
6,39,Flowering & Pegging,33.71,30.09,32.2,38.36,0.0,0.857,MOISTURE_STRESS,Moderate Stress,700.0
5,23,Vegetative,29.67,30.35,30.47,34.22,0.0,0.636,MOISTURE_STRESS,Moderate Stress,1367.6
1,19,Vegetative,26.7,33.03,34.33,53.22,0.0,0.599,MOISTURE_STRESS,Moderate Stress,814.3
1,72,Pod Development,56.8,22.91,26.55,71.41,12.0,0.831,NORMAL,Normal,3130.2
3,49,Flowering & Pegging,50.86,24.5,27.13,67.8,0.0,0.838,NORMAL,Normal,3157.7
6,85,Pod Development,54.73,22.46,26.11,62.77,0.0,0.858,NORMAL,Normal,3066.2
3,25,Vegetative,52.56,21.49,25.75,57.83,6.0,0.849,NORMAL,Normal,3193.6
6,53,Flowering & Pegging,15.79,33.1,31.99,53.6,0.0,0.728,MOISTURE_STRESS,High Stress,700.0
2,55,Flowering & Pegging,88.29,21.58,32.17,85.96,48.02,0.612,WATERLOGGING_STRESS,Moderate Stress,700.0
2,73,Pod Development,50.58,25.91,30.53,59.31,0.0,0.654,NORMAL,Normal,2852.1
1,86,Pod Development,56.53,25.59,29.17,57.5,6.0,0.971,NORMAL,Normal,3325.6
2,36,Flowering & Pegging,27.96,35.78,36.98,27.2,0.0,0.666,HEAT_STRESS,High Stress,700.0
6,59,Flowering & Pegging,39.31,31.77,34.22,49.89,0.0,0.626,HEAT_STRESS,Moderate Stress,731.8
6,76,Pod Development,57.64,23.8,28.45,63.38,0.0,0.867,NORMAL,Normal,3151.3
3,76,Pod Development,51.02,20.44,23.5,62.94,0.0,0.875,NORMAL,Normal,3280.0
4,21,Vegetative,47.79,21.97,25.85,59.95,0.0,0.754,NORMAL,Normal,2899.3
6,57,Flowering & Pegging,22.34,36.37,39.54,33.69,0.0,0.525,COMBINED_STRESS,High Stress,700.0
5,44,Flowering & Pegging,60.02,22.78,27.17,71.66,2.0,0.809,NORMAL,Normal,3111.6
1,91,Maturation,50.92,27.47,30.33,74.34,0.0,0.917,NORMAL,Normal,3273.7
5,108,Maturation,18.18,37.19,39.11,35.94,0.0,0.535,COMBINED_STRESS,High Stress,700.0
1,32,Vegetative,23.56,33.65,34.43,25.43,0.0,0.621,MOISTURE_STRESS,High Stress,700.0
4,75,Pod Development,26.95,32.93,34.92,47.98,0.0,0.477,MOISTURE_STRESS,Moderate Stress,700.0
4,23,Vegetative,50.39,24.14,26.78,58.73,0.0,0.839,NORMAL,Normal,3081.6
6,109,Maturation,50.93,23.67,28.35,62.28,0.0,0.894,NORMAL,Normal,3225.8
3,39,Flowering & Pegging,21.38,31.91,32.38,45.52,0.0,0.617,MOISTURE_STRESS,High Stress,700.0
5,49,Flowering & Pegging,47.7,21.92,23.29,61.34,0.0,0.923,NORMAL,Normal,3273.8
5,87,Pod Development,51.82,29.11,32.64,61.0,0.0,0.912,HEAT_STRESS,Moderate Stress,2370.1
3,24,Vegetative,60.74,20.68,25.52,57.32,2.0,0.911,NORMAL,Normal,3303.0
6,88,Pod Development,56.53,19.14,23.6,57.43,0.0,0.827,NORMAL,Normal,3177.0
5,93,Maturation,64.24,19.41,24.43,61.34,0.0,0.86,NORMAL,Normal,3195.2
3,19,Vegetative,19.68,36.99,39.51,41.34,0.0,0.555,COMBINED_STRESS,High Stress,700.0
6,58,Flowering & Pegging,55.36,24.92,28.64,68.57,0.0,0.84,NORMAL,Normal,3131.5
6,50,Flowering & Pegging,53.22,23.08,29.18,73.81,0.0,0.824,NORMAL,Normal,3187.2
5,103,Maturation,22.84,37.29,39.21,32.73,0.0,0.526,COMBINED_STRESS,High Stress,700.0
4,82,Pod Development,11.92,37.93,35.57,31.08,0.0,0.667,COMBINED_STRESS,High Stress,700.0
3,64,Flowering & Pegging,22.34,30.17,32.07,41.98,0.0,0.739,MOISTURE_STRESS,High Stress,700.0
4,38,Flowering & Pegging,13.37,33.46,33.16,48.67,0.0,0.618,MOISTURE_STRESS,High Stress,700.0
1,91,Maturation,52.25,29.18,32.84,78.33,0.0,0.811,HEAT_STRESS,Moderate Stress,2397.4
3,21,Vegetative,54.65,24.84,26.79,67.92,0.0,0.861,NORMAL,Normal,3227.9
3,77,Pod Development,51.74,18.0,18.22,72.92,0.0,0.876,NORMAL,Normal,1729.1
3,71,Pod Development,20.99,33.11,33.11,44.09,0.0,0.695,MOISTURE_STRESS,High Stress,700.0
6,73,Pod Development,56.29,25.17,28.77,62.29,0.0,0.73,NORMAL,Normal,3026.3
1,105,Maturation,50.53,26.88,29.3,73.16,0.0,0.693,NORMAL,Normal,2961.9
5,61,Flowering & Pegging,79.06,18.0,24.75,85.25,49.28,0.453,NORMAL,Normal,2057.1
2,31,Vegetative,49.36,24.48,25.48,64.95,2.0,0.878,NORMAL,Normal,3239.7
2,50,Flowering & Pegging,17.26,32.94,32.86,56.17,0.0,0.65,MOISTURE_STRESS,High Stress,700.0
4,55,Flowering & Pegging,43.16,21.93,24.98,69.02,2.0,0.792,NORMAL,Normal,3018.9
2,81,Pod Development,53.26,28.66,33.34,56.09,0.0,0.752,HEAT_STRESS,Moderate Stress,2113.4
5,85,Pod Development,18.78,40.0,41.78,44.42,0.0,0.568,COMBINED_STRESS,High Stress,700.0
6,69,Pod Development,62.85,21.19,26.78,68.57,22.0,0.733,NORMAL,Normal,2934.8
6,22,Vegetative,54.07,25.68,30.44,62.4,0.0,0.728,NORMAL,Normal,2925.2
1,61,Flowering & Pegging,31.29,30.42,32.39,38.04,0.0,0.635,MOISTURE_STRESS,Moderate Stress,700.0
6,105,Maturation,53.28,28.19,33.1,57.6,0.0,0.97,HEAT_STRESS,Moderate Stress,2680.7
4,66,Pod Development,25.16,34.69,35.18,44.84,0.0,0.754,MOISTURE_STRESS,High Stress,700.0
4,98,Maturation,52.32,27.26,33.3,70.52,22.0,0.723,HEAT_STRESS,Moderate Stress,2373.4
4,103,Maturation,49.25,26.17,29.07,60.61,2.0,0.885,NORMAL,Normal,3161.7
6,45,Flowering & Pegging,23.75,33.22,35.24,40.01,0.0,0.569,MOISTURE_STRESS,High Stress,700.0
1,70,Pod Development,20.27,35.13,36.17,34.49,0.0,0.453,COMBINED_STRESS,High Stress,700.0
6,41,Flowering & Pegging,53.5,25.34,31.14,68.49,0.0,0.764,NORMAL,Normal,2261.9
6,41,Flowering & Pegging,63.23,23.16,28.02,61.61,0.0,0.895,NORMAL,Normal,3231.1
1,20,Vegetative,52.73,23.54,27.88,60.83,0.0,0.787,NORMAL,Normal,3037.7
6,68,Pod Development,31.68,29.71,31.1,45.42,0.0,0.706,MOISTURE_STRESS,Moderate Stress,851.9
4,44,Flowering & Pegging,48.2,23.39,27.29,59.05,0.0,0.865,NORMAL,Normal,3200.8
4,90,Pod Development,44.74,22.06,23.45,60.24,0.0,0.623,NORMAL,Normal,2725.8
2,73,Pod Development,50.82,22.04,23.63,67.1,4.0,0.811,NORMAL,Normal,3051.3
2,90,Pod Development,51.87,25.06,26.8,73.04,0.0,0.746,NORMAL,Normal,2959.7
6,84,Pod Development,56.24,22.49,24.31,58.59,0.0,0.787,NORMAL,Normal,3003.5
6,18,Vegetative,58.38,26.21,30.39,59.56,0.0,0.803,NORMAL,Normal,3105.0
5,105,Maturation,21.43,33.81,33.25,44.43,0.0,0.766,MOISTURE_STRESS,High Stress,1058.6
2,73,Pod Development,51.85,21.99,24.87,66.14,0.0,0.874,NORMAL,Normal,3149.9
5,76,Pod Development,89.31,18.0,24.16,79.52,45.27,0.611,WATERLOGGING_STRESS,Moderate Stress,1193.6
2,95,Maturation,27.01,31.42,32.34,43.27,0.0,0.678,MOISTURE_STRESS,Moderate Stress,1171.9
2,65,Flowering & Pegging,55.84,22.45,27.15,62.99,0.0,0.763,NORMAL,Normal,3048.3
5,108,Maturation,52.55,23.61,27.59,56.69,0.0,0.793,NORMAL,Normal,3060.8
1,23,Vegetative,24.23,37.03,38.86,35.52,0.0,0.762,COMBINED_STRESS,High Stress,700.0
4,107,Maturation,45.13,23.33,24.6,67.08,0.0,0.727,NORMAL,Normal,2978.9
2,62,Flowering & Pegging,53.62,22.8,27.17,47.39,4.0,0.757,NORMAL,Normal,2959.7
1,53,Flowering & Pegging,26.69,31.72,32.92,39.33,0.0,0.827,MOISTURE_STRESS,Moderate Stress,700.0
5,65,Flowering & Pegging,30.76,30.22,32.39,53.94,0.0,0.636,MOISTURE_STRESS,Moderate Stress,700.0
4,55,Flowering & Pegging,25.81,34.68,36.79,35.84,0.0,0.506,COMBINED_STRESS,High Stress,700.0
2,26,Vegetative,51.45,23.93,27.11,74.86,0.0,0.761,NORMAL,Normal,3016.6
6,17,Vegetative,55.1,25.14,31.24,65.32,0.0,0.791,NORMAL,Normal,2469.4
1,22,Vegetative,51.02,22.73,27.49,67.05,0.0,0.893,NORMAL,Normal,3143.2
6,101,Maturation,56.9,23.64,27.91,61.22,0.0,0.882,NORMAL,Normal,3197.6
6,24,Vegetative,59.97,22.35,27.08,68.28,12.0,0.927,NORMAL,Normal,3182.2
1,45,Flowering & Pegging,57.82,24.13,29.87,55.38,2.0,0.778,NORMAL,Normal,3005.4
4,44,Flowering & Pegging,22.93,31.65,33.02,39.23,0.0,0.677,MOISTURE_STRESS,High Stress,700.0
4,61,Flowering & Pegging,16.81,32.09,31.81,37.73,0.0,0.705,MOISTURE_STRESS,High Stress,700.0
3,38,Flowering & Pegging,26.58,34.75,36.75,32.83,0.0,0.747,HEAT_STRESS,High Stress,700.0
4,104,Maturation,21.73,34.52,36.07,55.53,0.0,0.744,COMBINED_STRESS,High Stress,973.5
2,106,Maturation,49.77,23.85,27.92,77.89,0.0,0.85,NORMAL,Normal,3019.0
5,77,Pod Development,50.62,21.04,24.61,71.31,0.0,0.739,NORMAL,Normal,2953.8
6,40,Flowering & Pegging,52.9,22.41,27.6,72.17,0.0,0.808,NORMAL,Normal,3188.5
6,59,Flowering & Pegging,60.05,20.38,24.35,63.49,2.0,0.863,NORMAL,Normal,3135.8
4,51,Flowering & Pegging,45.95,22.53,25.67,74.75,0.0,0.734,NORMAL,Normal,2886.3
6,64,Flowering & Pegging,55.53,21.9,26.23,66.21,0.0,0.827,NORMAL,Normal,3153.7
3,21,Vegetative,52.17,21.56,25.62,69.15,0.0,0.81,NORMAL,Normal,3120.2
2,64,Flowering & Pegging,19.93,34.87,33.47,39.34,0.0,0.595,MOISTURE_STRESS,High Stress,700.0
5,79,Pod Development,29.83,33.97,35.84,42.75,0.0,0.591,HEAT_STRESS,High Stress,700.0
3,51,Flowering & Pegging,24.22,32.89,32.52,42.1,0.0,0.584,MOISTURE_STRESS,High Stress,700.0
4,18,Vegetative,48.01,24.11,25.75,47.47,2.0,0.908,NORMAL,Normal,3255.7
6,22,Vegetative,27.14,35.93,39.79,34.18,0.0,0.667,HEAT_STRESS,High Stress,700.0
6,90,Pod Development,22.47,33.86,34.41,41.0,0.0,0.624,MOISTURE_STRESS,High Stress,700.0
5,26,Vegetative,29.64,37.02,37.75,30.51,0.0,0.667,HEAT_STRESS,High Stress,739.4
5,110,Maturation,29.75,32.76,34.61,47.08,0.0,0.753,MOISTURE_STRESS,Moderate Stress,1407.8
1,46,Flowering & Pegging,60.43,25.04,28.01,64.85,2.0,0.959,NORMAL,Normal,3299.1
3,107,Maturation,20.83,37.29,38.47,28.53,0.0,0.463,COMBINED_STRESS,High Stress,700.0
5,100,Maturation,32.36,38.04,42.08,43.2,0.0,0.698,HEAT_STRESS,High Stress,846.5
2,103,Maturation,58.86,23.61,27.87,64.23,12.0,0.634,NORMAL,Normal,2767.2
2,100,Maturation,59.43,22.41,27.01,73.75,0.0,0.834,NORMAL,Normal,3121.4
6,102,Maturation,57.26,25.09,30.8,65.77,4.0,0.857,NORMAL,Normal,3161.1
2,56,Flowering & Pegging,22.28,35.26,37.15,33.9,0.0,0.558,COMBINED_STRESS,High Stress,700.0
5,65,Flowering & Pegging,65.68,19.56,26.07,71.85,0.0,0.964,NORMAL,Normal,3335.9
4,49,Flowering & Pegging,13.19,35.52,34.69,39.07,0.0,0.73,MOISTURE_STRESS,High Stress,700.0
3,88,Pod Development,18.81,35.55,35.16,30.04,0.0,0.826,MOISTURE_STRESS,High Stress,700.0
3,71,Pod Development,31.32,30.29,32.05,45.82,0.0,0.701,MOISTURE_STRESS,Moderate Stress,712.0
1,19,Vegetative,53.25,27.46,30.97,68.99,4.0,0.754,NORMAL,Normal,3005.4
4,73,Pod Development,45.96,28.01,29.66,57.22,0.0,0.693,NORMAL,Normal,2982.9
6,29,Vegetative,54.75,23.25,26.72,69.94,0.0,0.709,NORMAL,Normal,2842.6
3,36,Flowering & Pegging,49.48,26.78,30.76,65.95,0.0,0.706,NORMAL,Normal,2926.5
5,99,Maturation,19.38,32.85,34.61,58.85,0.0,0.56,MOISTURE_STRESS,High Stress,741.9
4,106,Maturation,20.76,35.74,37.05,37.87,0.0,0.598,COMBINED_STRESS,High Stress,910.3
5,56,Flowering & Pegging,12.87,40.0,39.46,29.93,0.0,0.661,COMBINED_STRESS,High Stress,700.0
2,74,Pod Development,59.63,21.35,25.69,60.2,2.0,0.695,NORMAL,Normal,2996.9
5,85,Pod Development,23.18,31.78,33.23,61.56,0.0,0.778,MOISTURE_STRESS,High Stress,700.0
3,110,Maturation,53.09,23.14,28.01,57.46,0.0,0.696,NORMAL,Normal,2851.2
3,56,Flowering & Pegging,29.18,33.46,33.93,31.28,0.0,0.709,MOISTURE_STRESS,Moderate Stress,700.0
3,32,Vegetative,52.52,26.59,29.91,61.23,0.0,0.94,NORMAL,Normal,3325.3
3,25,Vegetative,51.99,28.39,32.82,66.54,0.0,0.751,HEAT_STRESS,Moderate Stress,2348.4
6,80,Pod Development,37.05,31.19,33.07,44.96,0.0,0.578,MOISTURE_STRESS,Moderate Stress,961.4
6,81,Pod Development,13.28,31.41,30.48,56.86,0.0,0.604,MOISTURE_STRESS,High Stress,700.0
5,20,Vegetative,51.5,27.22,29.72,70.48,0.0,0.708,NORMAL,Normal,2884.5
2,71,Pod Development,50.58,23.29,26.43,62.03,0.0,0.736,NORMAL,Normal,2980.0
5,19,Vegetative,53.58,26.61,30.6,64.87,4.0,0.706,NORMAL,Normal,2829.5
3,42,Flowering & Pegging,86.67,18.0,22.62,64.74,53.38,0.537,WATERLOGGING_STRESS,Moderate Stress,1113.6
4,25,Vegetative,78.86,18.64,26.9,85.29,62.64,0.779,NORMAL,Normal,2640.2
1,71,Pod Development,53.34,24.59,26.81,61.59,0.0,0.775,NORMAL,Normal,3001.9
3,64,Flowering & Pegging,50.81,23.23,28.41,76.58,0.0,0.703,NORMAL,Normal,2961.2
4,63,Flowering & Pegging,51.69,21.6,26.15,69.51,12.0,0.818,NORMAL,Normal,3166.3
3,92,Maturation,30.7,31.7,32.66,51.71,0.0,0.686,MOISTURE_STRESS,Moderate Stress,1463.4
6,106,Maturation,14.98,34.55,35.98,36.93,0.0,0.387,COMBINED_STRESS,High Stress,700.0
1,42,Flowering & Pegging,49.75,23.38,25.06,54.21,0.0,0.76,NORMAL,Normal,3000.4
2,33,Vegetative,25.07,37.13,38.02,36.77,0.0,0.49,COMBINED_STRESS,High Stress,700.0
4,107,Maturation,51.31,24.91,28.7,71.31,6.0,0.857,NORMAL,Normal,3224.5
5,110,Maturation,53.11,20.29,22.87,64.65,0.0,0.861,NORMAL,Normal,3115.2
6,79,Pod Development,54.83,23.4,26.33,56.8,6.0,0.883,NORMAL,Normal,3185.1
6,21,Vegetative,29.05,38.54,41.82,29.1,0.0,0.741,HEAT_STRESS,High Stress,700.0
6,65,Flowering & Pegging,22.97,36.44,35.6,27.97,0.0,0.938,COMBINED_STRESS,High Stress,700.0
2,74,Pod Development,57.91,21.38,26.54,63.44,0.0,0.866,NORMAL,Normal,3093.4
1,55,Flowering & Pegging,24.61,35.13,35.51,34.29,0.0,0.592,COMBINED_STRESS,High Stress,700.0
4,72,Pod Development,45.6,27.23,29.04,62.43,0.0,0.776,NORMAL,Normal,2981.8
3,58,Flowering & Pegging,54.51,25.88,30.81,75.8,4.0,0.873,NORMAL,Normal,3204.2
4,31,Vegetative,45.28,27.22,29.72,64.21,0.0,0.803,NORMAL,Normal,3131.7
6,65,Flowering & Pegging,55.39,23.66,28.89,75.56,0.0,0.947,NORMAL,Normal,3285.2
2,105,Maturation,55.36,23.8,28.22,68.44,0.0,0.899,NORMAL,Normal,3223.0
2,49,Flowering & Pegging,31.89,32.63,34.91,42.05,0.0,0.944,MOISTURE_STRESS,Moderate Stress,700.0
5,69,Pod Development,83.49,23.06,33.32,77.11,48.2,0.705,WATERLOGGING_STRESS,Moderate Stress,1283.6
2,83,Pod Development,51.37,22.82,27.66,69.78,0.0,0.586,NORMAL,Normal,2744.0
6,35,Vegetative,13.13,39.03,37.43,55.94,0.0,0.698,COMBINED_STRESS,High Stress,700.0
3,75,Pod Development,21.39,40.0,42.7,43.02,0.0,0.915,COMBINED_STRESS,High Stress,700.0
4,32,Vegetative,28.98,31.92,33.73,32.06,0.0,0.66,MOISTURE_STRESS,Moderate Stress,1005.0
1,91,Maturation,20.87,33.42,33.1,42.01,0.0,0.503,MOISTURE_STRESS,High Stress,890.7
5,73,Pod Development,26.84,40.0,43.62,36.8,0.0,0.544,HEAT_STRESS,High Stress,700.0
3,109,Maturation,48.31,23.32,25.93,64.71,2.0,0.889,NORMAL,Normal,3242.7
6,81,Pod Development,28.33,29.01,30.0,27.32,0.0,0.597,MOISTURE_STRESS,Moderate Stress,929.4
2,56,Flowering & Pegging,53.56,25.89,31.06,54.93,0.0,0.793,NORMAL,Normal,2348.6
1,15,Vegetative,31.27,33.03,35.83,37.26,0.0,0.562,HEAT_STRESS,High Stress,877.9
3,35,Vegetative,24.45,32.3,31.8,41.82,0.0,0.756,MOISTURE_STRESS,High Stress,826.2
6,40,Flowering & Pegging,55.52,23.18,27.26,69.09,0.0,0.728,NORMAL,Normal,2963.6
2,59,Flowering & Pegging,80.53,18.0,24.51,79.64,52.23,0.59,WATERLOGGING_STRESS,Moderate Stress,2101.1
3,35,Vegetative,51.83,22.9,27.64,64.82,0.0,0.938,NORMAL,Normal,3334.3
2,110,Maturation,53.33,21.91,24.96,72.74,0.0,0.782,NORMAL,Normal,2984.5
5,89,Pod Development,57.83,21.58,25.07,57.84,0.0,0.82,NORMAL,Normal,3102.8
4,108,Maturation,19.52,37.65,37.81,30.94,0.0,0.703,COMBINED_STRESS,High Stress,816.5
3,75,Pod Development,47.91,23.25,26.97,63.69,2.0,0.89,NORMAL,Normal,3139.7
2,85,Pod Development,16.27,38.52,38.1,26.4,0.0,0.98,COMBINED_STRESS,High Stress,700.0
4,38,Flowering & Pegging,44.58,24.43,26.29,52.99,0.0,0.854,NORMAL,Normal,3206.9
4,56,Flowering & Pegging,44.17,25.38,30.28,72.04,0.0,0.699,NORMAL,Normal,2918.2
2,23,Vegetative,53.38,22.62,25.22,51.87,0.0,0.644,NORMAL,Normal,2890.1
3,101,Maturation,23.06,36.23,37.58,30.59,0.0,0.623,COMBINED_STRESS,High Stress,889.6
5,44,Flowering & Pegging,51.96,27.9,31.63,65.2,4.0,0.745,NORMAL,Normal,2137.5
3,45,Flowering & Pegging,53.15,20.88,24.94,78.13,0.0,0.769,NORMAL,Normal,3103.8
6,38,Flowering & Pegging,55.55,23.25,27.98,61.52,0.0,0.834,NORMAL,Normal,3056.1
2,28,Vegetative,31.84,27.45,29.91,38.24,0.0,0.652,MOISTURE_STRESS,Moderate Stress,1545.5
3,48,Flowering & Pegging,85.26,18.83,24.98,88.17,33.5,0.527,WATERLOGGING_STRESS,Moderate Stress,1409.8
2,32,Vegetative,24.64,36.2,36.59,37.22,0.0,0.678,COMBINED_STRESS,High Stress,700.0
5,45,Flowering & Pegging,54.39,22.15,27.48,67.26,4.0,0.787,NORMAL,Normal,3112.7
5,17,Vegetative,27.68,34.73,35.33,39.55,0.0,0.533,MOISTURE_STRESS,Moderate Stress,862.3
1,101,Maturation,50.87,27.82,30.88,57.95,0.0,0.769,NORMAL,Normal,3004.5
4,74,Pod Development,71.35,18.0,23.5,77.29,27.97,0.585,NORMAL,Normal,2279.4
6,70,Pod Development,19.6,36.34,37.07,35.16,0.0,0.537,COMBINED_STRESS,High Stress,700.0
6,21,Vegetative,56.25,23.77,29.33,80.13,4.0,0.751,NORMAL,Normal,2978.3
6,95,Maturation,18.22,34.42,35.02,34.75,0.0,0.688,MOISTURE_STRESS,High Stress,901.4
4,15,Vegetative,26.41,33.27,35.04,45.48,0.0,0.604,MOISTURE_STRESS,Moderate Stress,737.0
2,48,Flowering & Pegging,55.03,24.5,28.74,70.53,0.0,0.813,NORMAL,Normal,3173.8
1,31,Vegetative,21.95,35.16,34.07,32.56,0.0,0.503,MOISTURE_STRESS,High Stress,700.0
3,25,Vegetative,87.3,18.0,26.58,84.29,44.85,0.726,WATERLOGGING_STRESS,Moderate Stress,1765.5
5,23,Vegetative,28.45,31.54,31.92,34.75,0.0,0.748,MOISTURE_STRESS,Moderate Stress,1095.1
5,110,Maturation,57.73,20.97,25.68,65.97,2.0,0.815,NORMAL,Normal,3151.6
1,41,Flowering & Pegging,27.74,35.99,39.86,36.98,0.0,0.591,HEAT_STRESS,High Stress,700.0
2,102,Maturation,32.82,30.81,30.89,33.06,0.0,0.721,MOISTURE_STRESS,Moderate Stress,1824.3
6,52,Flowering & Pegging,28.7,33.67,37.21,41.38,0.0,0.696,HEAT_STRESS,High Stress,700.0
2,24,Vegetative,51.64,19.62,23.32,71.18,0.0,0.911,NORMAL,Normal,3317.4
4,44,Flowering & Pegging,74.91,18.28,24.38,90.63,54.55,0.743,NORMAL,Normal,2430.7
3,101,Maturation,50.62,19.39,23.45,74.58,0.0,0.801,NORMAL,Normal,3030.3
3,40,Flowering & Pegging,52.54,25.49,29.78,73.84,0.0,0.673,NORMAL,Normal,2850.8
6,98,Maturation,29.31,29.26,30.05,52.58,0.0,0.681,MOISTURE_STRESS,Moderate Stress,1583.2
4,25,Vegetative,19.11,33.64,34.32,44.56,0.0,0.558,MOISTURE_STRESS,High Stress,700.0
6,27,Vegetative,85.89,18.0,23.66,78.73,46.62,0.651,WATERLOGGING_STRESS,Moderate Stress,1798.6
6,107,Maturation,29.37,32.2,34.71,36.47,0.0,0.776,MOISTURE_STRESS,Moderate Stress,1382.5
4,55,Flowering & Pegging,45.88,24.42,26.03,51.06,0.0,0.772,NORMAL,Normal,2940.8
6,94,Maturation,25.41,37.48,39.25,35.72,0.0,0.44,COMBINED_STRESS,High Stress,722.2
4,105,Maturation,18.93,32.83,33.96,32.42,0.0,0.552,MOISTURE_STRESS,High Stress,793.1
6,97,Maturation,52.87,26.01,30.02,68.52,0.0,0.708,NORMAL,Normal,2799.6
6,74,Pod Development,60.28,21.22,26.7,62.7,0.0,0.844,NORMAL,Normal,3064.8
5,45,Flowering & Pegging,27.74,32.79,34.59,33.63,0.0,0.775,MOISTURE_STRESS,Moderate Stress,700.0
5,109,Maturation,29.85,32.03,33.81,33.56,0.0,0.534,MOISTURE_STRESS,Moderate Stress,1111.3
4,17,Vegetative,26.44,32.19,33.68,44.86,0.0,0.801,MOISTURE_STRESS,Moderate Stress,1033.4
6,27,Vegetative,57.09,22.66,28.51,68.56,4.0,0.716,NORMAL,Normal,2862.3
1,108,Maturation,17.21,38.88,38.19,37.31,0.0,0.486,COMBINED_STRESS,High Stress,700.0
2,109,Maturation,54.38,22.61,26.09,58.57,0.0,0.826,NORMAL,Normal,3060.0
1,91,Maturation,31.4,33.95,36.24,29.63,0.0,0.692,HEAT_STRESS,High Stress,1227.6
4,56,Flowering & Pegging,46.04,22.2,25.5,55.98,0.0,0.702,NORMAL,Normal,2868.1
5,33,Vegetative,51.86,24.68,27.78,58.59,0.0,0.714,NORMAL,Normal,2863.6
1,19,Vegetative,19.04,35.02,34.55,48.8,0.0,0.741,MOISTURE_STRESS,High Stress,700.0
4,87,Pod Development,16.34,37.57,37.76,37.76,0.0,0.684,COMBINED_STRESS,High Stress,700.0
5,36,Flowering & Pegging,53.53,27.98,33.84,67.93,4.0,0.651,HEAT_STRESS,Moderate Stress,1692.3
4,38,Flowering & Pegging,48.79,21.82,26.58,59.34,4.0,0.772,NORMAL,Normal,2957.9
1,92,Maturation,51.53,26.36,29.49,68.45,0.0,0.703,NORMAL,Normal,2884.1
2,16,Vegetative,19.28,35.64,33.01,41.83,0.0,0.649,MOISTURE_STRESS,High Stress,700.0
5,110,Maturation,24.62,27.05,30.3,40.68,0.0,0.719,MOISTURE_STRESS,High Stress,1420.6
2,50,Flowering & Pegging,52.62,24.13,28.19,65.72,0.0,0.796,NORMAL,Normal,2966.2
3,73,Pod Development,61.3,22.91,30.32,74.81,22.0,0.638,NORMAL,Normal,2858.4
2,109,Maturation,52.95,23.67,26.58,66.61,0.0,0.908,NORMAL,Normal,3168.6
1,97,Maturation,27.72,33.53,33.62,37.41,0.0,0.61,MOISTURE_STRESS,Moderate Stress,1143.4
6,25,Vegetative,20.05,32.7,32.83,32.88,0.0,0.606,MOISTURE_STRESS,High Stress,700.0
4,100,Maturation,27.49,34.45,34.32,38.89,0.0,0.548,MOISTURE_STRESS,Moderate Stress,1120.2
6,53,Flowering & Pegging,56.48,25.11,28.14,67.97,0.0,0.69,NORMAL,Normal,2878.3
3,19,Vegetative,51.75,21.31,25.79,70.72,0.0,0.781,NORMAL,Normal,3135.2
4,68,Pod Development,45.89,25.09,29.09,75.58,0.0,0.782,NORMAL,Normal,2999.3
1,59,Flowering & Pegging,52.1,23.46,27.19,65.1,0.0,0.871,NORMAL,Normal,3267.7
3,75,Pod Development,58.72,23.2,27.2,66.53,12.0,0.758,NORMAL,Normal,3107.6
4,105,Maturation,46.28,27.9,30.3,74.44,4.0,0.791,NORMAL,Normal,2980.6
5,67,Pod Development,51.59,24.95,29.91,73.11,0.0,0.824,NORMAL,Normal,3094.8
3,21,Vegetative,26.56,34.22,35.49,44.98,0.0,0.605,MOISTURE_STRESS,Moderate Stress,763.7
5,42,Flowering & Pegging,60.21,24.33,30.17,56.77,2.0,0.98,NORMAL,Normal,3361.7
5,26,Vegetative,52.89,21.13,25.4,69.38,0.0,0.859,NORMAL,Normal,3150.6
4,61,Flowering & Pegging,21.2,33.01,33.14,53.17,0.0,0.69,MOISTURE_STRESS,High Stress,700.0
3,52,Flowering & Pegging,50.43,19.9,23.66,56.93,0.0,0.714,NORMAL,Normal,2821.7
1,73,Pod Development,59.5,26.24,30.2,58.87,2.0,0.853,NORMAL,Normal,3176.2
4,90,Pod Development,45.8,24.51,27.2,71.05,0.0,0.682,NORMAL,Normal,2859.3
3,50,Flowering & Pegging,57.17,20.78,26.2,75.8,12.0,0.844,NORMAL,Normal,3149.4
1,92,Maturation,23.96,34.93,34.41,45.54,0.0,0.726,MOISTURE_STRESS,High Stress,1141.9
6,107,Maturation,53.24,23.76,28.37,62.68,0.0,0.829,NORMAL,Normal,3160.9
4,82,Pod Development,24.31,34.62,36.28,41.58,0.0,0.782,COMBINED_STRESS,High Stress,700.0
5,83,Pod Development,23.39,38.08,39.15,42.2,0.0,0.549,COMBINED_STRESS,High Stress,700.0
5,16,Vegetative,58.33,21.8,25.09,60.92,0.0,0.865,NORMAL,Normal,3283.3
2,31,Vegetative,20.37,31.95,32.11,45.61,0.0,0.742,MOISTURE_STRESS,High Stress,700.0
4,54,Flowering & Pegging,44.9,24.16,27.86,63.9,0.0,0.745,NORMAL,Normal,2851.0
5,41,Flowering & Pegging,57.5,20.63,25.15,69.36,12.0,0.815,NORMAL,Normal,2986.2
6,77,Pod Development,85.8,18.0,25.21,85.76,50.41,0.459,WATERLOGGING_STRESS,Moderate Stress,1463.9
3,53,Flowering & Pegging,24.78,31.37,31.67,46.5,0.0,0.61,MOISTURE_STRESS,High Stress,700.0
6,24,Vegetative,56.9,28.06,31.98,72.32,12.0,0.84,NORMAL,Normal,2520.6
1,30,Vegetative,53.74,24.26,27.69,60.53,0.0,0.859,NORMAL,Normal,3085.0
5,110,Maturation,52.59,25.84,28.48,54.07,0.0,0.857,NORMAL,Normal,3168.7
4,73,Pod Development,18.39,35.36,36.44,42.08,0.0,0.471,COMBINED_STRESS,High Stress,700.0
5,48,Flowering & Pegging,54.72,26.73,32.26,77.47,4.0,0.753,NORMAL,Normal,2159.6
6,15,Vegetative,54.73,20.62,23.63,70.43,0.0,0.76,NORMAL,Normal,2995.0
3,79,Pod Development,26.55,35.62,38.81,41.37,0.0,0.59,HEAT_STRESS,High Stress,700.0
2,79,Pod Development,52.92,24.46,29.18,56.68,0.0,0.635,NORMAL,Normal,2865.8
2,51,Flowering & Pegging,25.01,34.89,35.5,36.41,0.0,0.711,COMBINED_STRESS,High Stress,700.0
5,105,Maturation,21.18,33.28,32.56,35.5,0.0,0.671,MOISTURE_STRESS,High Stress,1060.9
6,95,Maturation,54.4,22.52,26.77,70.57,0.0,0.917,NORMAL,Normal,3304.7
4,46,Flowering & Pegging,73.56,19.18,26.84,77.64,42.55,0.459,NORMAL,Normal,2129.9
1,67,Pod Development,21.9,36.76,38.58,35.98,0.0,0.575,COMBINED_STRESS,High Stress,700.0
1,25,Vegetative,88.99,19.18,26.92,85.81,49.22,0.599,WATERLOGGING_STRESS,Moderate Stress,1565.5
1,90,Pod Development,92.11,18.0,24.23,79.2,42.65,0.592,WATERLOGGING_STRESS,Moderate Stress,831.8
6,43,Flowering & Pegging,56.98,24.06,29.65,62.84,4.0,0.669,NORMAL,Normal,2735.0
1,34,Vegetative,52.11,23.78,28.28,58.4,6.0,0.905,NORMAL,Normal,3308.3
2,94,Maturation,19.74,34.21,35.52,26.85,0.0,0.727,COMBINED_STRESS,High Stress,920.4
4,51,Flowering & Pegging,26.01,39.1,41.54,42.99,0.0,0.691,HEAT_STRESS,High Stress,700.0
2,41,Flowering & Pegging,86.04,19.16,27.26,75.68,57.48,0.541,WATERLOGGING_STRESS,Moderate Stress,1308.2
4,92,Maturation,51.83,23.04,26.56,65.85,0.0,0.753,NORMAL,Normal,3036.1
1,71,Pod Development,19.74,30.02,30.67,32.17,0.0,0.807,MOISTURE_STRESS,High Stress,700.0
6,25,Vegetative,34.75,30.89,33.09,44.21,0.0,0.816,MOISTURE_STRESS,Moderate Stress,1438.1
3,101,Maturation,24.19,37.83,38.72,43.06,0.0,0.708,COMBINED_STRESS,High Stress,817.1
3,50,Flowering & Pegging,31.25,34.6,38.51,34.44,0.0,0.566,HEAT_STRESS,High Stress,700.0
2,65,Flowering & Pegging,51.17,22.17,25.55,62.81,0.0,0.904,NORMAL,Normal,3264.5
5,57,Flowering & Pegging,54.67,20.78,26.04,67.82,0.0,0.841,NORMAL,Normal,3048.7
1,19,Vegetative,24.48,31.34,32.24,43.61,0.0,0.761,MOISTURE_STRESS,High Stress,963.5
6,91,Maturation,26.48,32.47,35.51,40.55,0.0,0.636,HEAT_STRESS,High Stress,1109.8
2,71,Pod Development,21.21,33.91,33.76,39.62,0.0,0.658,MOISTURE_STRESS,High Stress,700.0
5,70,Pod Development,28.3,30.89,32.92,26.27,0.0,0.684,MOISTURE_STRESS,Moderate Stress,700.0
1,42,Flowering & Pegging,28.59,31.3,32.87,46.17,0.0,0.612,MOISTURE_STRESS,Moderate Stress,700.0
3,69,Pod Development,26.95,34.75,34.99,41.65,0.0,0.755,MOISTURE_STRESS,Moderate Stress,700.0
4,52,Flowering & Pegging,45.4,23.82,26.74,73.28,4.0,0.775,NORMAL,Normal,3047.0
6,82,Pod Development,34.39,32.24,35.06,34.99,0.0,0.596,MOISTURE_STRESS,Moderate Stress,700.0
5,92,Maturation,53.31,21.99,25.22,63.74,0.0,0.842,NORMAL,Normal,3225.1
1,74,Pod Development,16.61,35.7,36.04,25.69,0.0,0.716,COMBINED_STRESS,High Stress,700.0
6,102,Maturation,58.13,23.29,29.27,64.1,4.0,0.734,NORMAL,Normal,2925.5
1,23,Vegetative,20.83,32.51,33.82,43.43,0.0,0.595,MOISTURE_STRESS,High Stress,700.0
4,37,Flowering & Pegging,44.7,27.67,28.42,64.42,0.0,0.781,NORMAL,Normal,2973.5
1,71,Pod Development,53.24,22.1,26.55,68.14,0.0,0.576,NORMAL,Normal,2686.1
5,86,Pod Development,58.28,23.68,28.76,69.15,2.0,0.841,NORMAL,Normal,3178.2
4,51,Flowering & Pegging,45.27,24.4,26.7,65.91,0.0,0.85,NORMAL,Normal,3077.3
1,61,Flowering & Pegging,22.47,36.13,36.3,24.45,0.0,0.838,COMBINED_STRESS,High Stress,700.0
3,64,Flowering & Pegging,49.93,27.25,31.41,74.58,0.0,0.777,NORMAL,Normal,2238.4
5,21,Vegetative,21.69,33.89,33.8,28.63,0.0,0.614,MOISTURE_STRESS,High Stress,700.0
6,36,Flowering & Pegging,28.01,37.86,39.43,42.83,0.0,0.646,HEAT_STRESS,High Stress,700.0
4,75,Pod Development,45.26,24.85,27.12,61.2,0.0,0.861,NORMAL,Normal,3235.4
3,51,Flowering & Pegging,54.08,25.07,29.42,65.43,0.0,0.809,NORMAL,Normal,3041.4
1,89,Pod Development,31.24,29.34,30.63,47.15,0.0,0.674,MOISTURE_STRESS,Moderate Stress,1058.7
2,43,Flowering & Pegging,27.14,29.22,30.13,40.94,0.0,0.627,MOISTURE_STRESS,Moderate Stress,700.0
4,43,Flowering & Pegging,67.82,20.88,26.39,74.55,46.02,0.543,NORMAL,Normal,2649.0
4,15,Vegetative,45.31,25.87,26.95,75.48,0.0,0.951,NORMAL,Normal,3342.6
4,24,Vegetative,23.18,32.82,34.71,38.83,0.0,0.677,MOISTURE_STRESS,High Stress,752.5
4,56,Flowering & Pegging,49.8,24.03,25.81,58.06,0.0,0.827,NORMAL,Normal,3105.6
2,81,Pod Development,51.06,22.66,26.7,68.18,0.0,0.736,NORMAL,Normal,3003.0
1,73,Pod Development,80.49,18.0,24.5,83.48,70.96,0.6,WATERLOGGING_STRESS,Moderate Stress,2279.6
3,94,Maturation,12.75,34.56,33.51,54.45,0.0,0.602,MOISTURE_STRESS,High Stress,725.9
5,72,Pod Development,57.67,24.81,27.49,60.88,2.0,0.943,NORMAL,Normal,3323.0
4,60,Flowering & Pegging,17.18,37.21,37.65,36.36,0.0,0.651,COMBINED_STRESS,High Stress,700.0
5,81,Pod Development,27.68,29.4,31.92,37.46,0.0,0.709,MOISTURE_STRESS,Moderate Stress,700.0
4,58,Flowering & Pegging,48.19,25.07,27.31,57.35,0.0,0.853,NORMAL,Normal,3146.2
1,86,Pod Development,55.64,26.25,30.09,65.24,12.0,0.854,NORMAL,Normal,3157.3
4,21,Vegetative,43.77,30.62,33.78,69.2,0.0,0.885,HEAT_STRESS,Moderate Stress,2407.4
3,28,Vegetative,50.71,25.92,29.26,60.85,0.0,0.739,NORMAL,Normal,2924.3
5,19,Vegetative,50.91,24.23,29.88,63.29,0.0,0.728,NORMAL,Normal,2893.6
4,65,Flowering & Pegging,49.03,24.76,26.43,61.41,2.0,0.889,NORMAL,Normal,3078.3
5,33,Vegetative,51.47,24.55,27.65,59.2,0.0,0.783,NORMAL,Normal,3016.0
3,110,Maturation,17.73,36.36,35.75,48.67,0.0,0.717,COMBINED_STRESS,High Stress,885.0
3,85,Pod Development,55.43,22.91,27.85,70.83,12.0,0.73,NORMAL,Normal,2913.8
3,27,Vegetative,51.69,26.38,28.93,70.92,0.0,0.851,NORMAL,Normal,3110.3
5,59,Flowering & Pegging,52.56,22.39,26.32,68.22,0.0,0.832,NORMAL,Normal,3077.7
6,91,Maturation,54.26,25.19,29.58,79.35,0.0,0.904,NORMAL,Normal,3249.9
5,73,Pod Development,51.36,22.77,26.56,61.35,0.0,0.778,NORMAL,Normal,2967.7
3,53,Flowering & Pegging,28.3,33.21,33.52,36.73,0.0,0.523,MOISTURE_STRESS,Moderate Stress,700.0
5,64,Flowering & Pegging,55.85,24.02,29.52,60.19,0.0,0.936,NORMAL,Normal,3266.5
6,53,Flowering & Pegging,56.39,23.84,29.24,71.29,0.0,0.733,NORMAL,Normal,2963.8
6,94,Maturation,60.2,25.74,30.15,75.05,12.0,0.732,NORMAL,Normal,2817.6
6,105,Maturation,31.28,31.48,32.66,39.74,0.0,0.692,MOISTURE_STRESS,Moderate Stress,1463.5
5,97,Maturation,31.57,32.86,35.45,48.49,0.0,0.721,MOISTURE_STRESS,Moderate Stress,1279.2
2,69,Pod Development,51.54,24.2,28.49,68.11,4.0,0.76,NORMAL,Normal,3015.1
5,78,Pod Development,59.17,25.15,30.35,78.2,12.0,0.688,NORMAL,Normal,2931.5
3,27,Vegetative,28.45,32.95,32.53,54.73,0.0,0.755,MOISTURE_STRESS,Moderate Stress,1152.3
1,36,Flowering & Pegging,54.52,24.92,28.82,59.91,2.0,0.762,NORMAL,Normal,2921.1
5,33,Vegetative,25.29,36.51,37.29,32.04,0.0,0.629,COMBINED_STRESS,High Stress,700.0
4,81,Pod Development,44.66,27.38,29.95,69.58,0.0,0.856,NORMAL,Normal,3086.6
1,96,Maturation,27.84,37.6,38.11,30.55,0.0,0.889,HEAT_STRESS,High Stress,1059.3
2,53,Flowering & Pegging,26.12,35.37,37.14,41.02,0.0,0.649,HEAT_STRESS,High Stress,700.0
1,40,Flowering & Pegging,53.62,23.81,29.21,54.75,4.0,0.872,NORMAL,Normal,3174.7
6,102,Maturation,29.72,33.55,34.01,29.32,0.0,0.698,MOISTURE_STRESS,Moderate Stress,1283.3
4,17,Vegetative,53.98,23.15,29.0,62.89,22.0,0.939,NORMAL,Normal,3293.4
2,28,Vegetative,55.54,20.97,26.32,61.54,2.0,0.909,NORMAL,Normal,3291.3
1,99,Maturation,25.95,35.14,36.89,49.97,0.0,0.815,COMBINED_STRESS,High Stress,1116.9
3,43,Flowering & Pegging,18.15,36.91,38.9,36.36,0.0,0.605,COMBINED_STRESS,High Stress,700.0
5,70,Pod Development,53.45,23.0,27.8,66.72,0.0,0.625,NORMAL,Normal,2795.0
6,27,Vegetative,29.23,32.03,35.57,36.24,0.0,0.691,HEAT_STRESS,High Stress,1009.6
1,107,Maturation,20.21,32.95,33.99,35.84,0.0,0.666,MOISTURE_STRESS,High Stress,920.9
2,78,Pod Development,51.81,24.83,29.6,70.3,0.0,0.98,NORMAL,Normal,3400.0
3,90,Pod Development,57.94,22.02,26.31,62.75,0.0,0.777,NORMAL,Normal,3034.5
4,95,Maturation,46.0,24.53,28.2,58.68,6.0,0.736,NORMAL,Normal,2954.7
5,87,Pod Development,50.02,23.37,25.56,69.68,0.0,0.863,NORMAL,Normal,3183.6
2,95,Maturation,53.04,24.05,27.76,67.49,0.0,0.839,NORMAL,Normal,3193.6
1,31,Vegetative,54.05,22.63,26.11,55.41,2.0,0.809,NORMAL,Normal,3105.3
1,39,Flowering & Pegging,52.81,25.85,29.07,68.97,0.0,0.747,NORMAL,Normal,2965.8
5,76,Pod Development,26.2,33.37,34.34,27.34,0.0,0.497,MOISTURE_STRESS,Moderate Stress,700.0
6,60,Flowering & Pegging,27.48,29.25,31.56,41.88,0.0,0.706,MOISTURE_STRESS,Moderate Stress,700.0
3,103,Maturation,15.89,37.87,38.84,32.98,0.0,0.687,COMBINED_STRESS,High Stress,700.0
4,91,Maturation,20.25,34.29,34.58,45.27,0.0,0.477,MOISTURE_STRESS,High Stress,849.4
4,19,Vegetative,45.55,24.68,28.13,60.55,0.0,0.721,NORMAL,Normal,2952.3
6,107,Maturation,59.81,22.63,26.51,69.31,12.0,0.655,NORMAL,Normal,2817.5
5,54,Flowering & Pegging,44.41,20.21,23.34,62.01,0.0,0.881,NORMAL,Normal,3155.2
2,29,Vegetative,59.64,21.96,26.59,58.01,12.0,0.787,NORMAL,Normal,3074.2
2,40,Flowering & Pegging,25.86,33.93,34.37,27.92,0.0,0.775,MOISTURE_STRESS,High Stress,700.0
6,52,Flowering & Pegging,23.94,31.02,32.3,47.37,0.0,0.669,MOISTURE_STRESS,High Stress,700.0
5,99,Maturation,29.61,30.57,31.25,43.79,0.0,0.602,MOISTURE_STRESS,Moderate Stress,1396.4
1,27,Vegetative,57.46,24.96,30.82,76.54,12.0,0.697,NORMAL,Normal,2915.8
4,57,Flowering & Pegging,28.25,35.68,39.14,32.61,0.0,0.663,HEAT_STRESS,High Stress,700.0
4,26,Vegetative,18.29,33.38,31.87,43.73,0.0,0.658,MOISTURE_STRESS,High Stress,700.0
4,96,Maturation,45.1,23.8,27.94,67.05,0.0,0.836,NORMAL,Normal,3140.8
4,45,Flowering & Pegging,52.58,21.29,25.79,59.92,0.0,0.88,NORMAL,Normal,3194.4
5,41,Flowering & Pegging,51.6,21.68,26.27,55.03,0.0,0.836,NORMAL,Normal,3255.1
6,41,Flowering & Pegging,19.88,37.71,38.26,35.34,0.0,0.588,COMBINED_STRESS,High Stress,700.0
5,57,Flowering & Pegging,22.15,30.18,30.87,23.45,0.0,0.748,MOISTURE_STRESS,High Stress,700.0
5,66,Pod Development,25.61,35.1,36.04,34.94,0.0,0.83,COMBINED_STRESS,High Stress,700.0
1,61,Flowering & Pegging,53.68,22.86,27.6,62.15,0.0,0.759,NORMAL,Normal,2984.6
4,56,Flowering & Pegging,49.92,19.91,22.45,61.16,0.0,0.942,NORMAL,Normal,3130.9
1,23,Vegetative,53.06,25.23,28.83,73.63,4.0,0.751,NORMAL,Normal,3033.3
6,91,Maturation,23.68,35.37,36.05,46.92,0.0,0.539,COMBINED_STRESS,High Stress,829.5
6,93,Maturation,27.44,32.67,31.85,44.62,0.0,0.731,MOISTURE_STRESS,Moderate Stress,1349.1
3,38,Flowering & Pegging,23.23,36.05,39.33,29.39,0.0,0.59,COMBINED_STRESS,High Stress,700.0
2,37,Flowering & Pegging,22.04,33.35,36.05,37.28,0.0,0.544,COMBINED_STRESS,High Stress,700.0
3,38,Flowering & Pegging,32.59,28.75,32.88,31.75,0.0,0.796,MOISTURE_STRESS,Moderate Stress,700.0
2,51,Flowering & Pegging,25.41,36.12,35.82,33.3,0.0,0.833,COMBINED_STRESS,High Stress,700.0
6,77,Pod Development,59.55,19.81,24.0,64.22,0.0,0.797,NORMAL,Normal,2989.4
5,21,Vegetative,58.65,22.08,26.58,60.89,22.0,0.685,NORMAL,Normal,2944.8
6,110,Maturation,29.16,37.97,38.52,31.08,0.0,0.632,HEAT_STRESS,High Stress,1012.6
1,46,Flowering & Pegging,28.78,37.3,39.49,38.9,0.0,0.621,HEAT_STRESS,High Stress,700.0
4,29,Vegetative,53.42,21.7,25.29,63.92,0.0,0.796,NORMAL,Normal,2998.1
2,81,Pod Development,60.36,22.55,26.53,65.62,22.0,0.899,NORMAL,Normal,3170.8
5,50,Flowering & Pegging,54.4,23.13,27.14,64.16,0.0,0.696,NORMAL,Normal,2902.7
1,90,Pod Development,28.9,33.11,35.87,56.3,0.0,0.799,HEAT_STRESS,High Stress,700.0
6,83,Pod Development,59.17,18.0,23.72,62.8,12.0,0.871,NORMAL,Normal,3139.9
6,86,Pod Development,54.72,22.95,27.16,64.61,0.0,0.746,NORMAL,Normal,2983.9
4,76,Pod Development,45.89,24.21,27.18,71.26,0.0,0.839,NORMAL,Normal,3253.7
1,63,Flowering & Pegging,54.01,23.81,28.71,65.64,0.0,0.825,NORMAL,Normal,3057.0
1,103,Maturation,84.33,18.06,25.24,83.51,76.6,0.806,WATERLOGGING_STRESS,Moderate Stress,2393.1
5,107,Maturation,52.89,28.13,33.34,69.3,0.0,0.857,HEAT_STRESS,Moderate Stress,2436.5
6,100,Maturation,52.64,26.35,30.71,76.53,0.0,0.701,NORMAL,Normal,2849.7
3,87,Pod Development,21.55,32.14,31.16,40.29,0.0,0.604,MOISTURE_STRESS,High Stress,700.0
6,79,Pod Development,58.24,22.86,27.32,64.39,0.0,0.907,NORMAL,Normal,3218.3
4,29,Vegetative,46.51,23.55,25.92,54.65,0.0,0.78,NORMAL,Normal,2955.6
6,33,Vegetative,54.98,21.8,25.55,63.74,0.0,0.823,NORMAL,Normal,3056.6
4,58,Flowering & Pegging,46.94,23.34,25.76,62.17,4.0,0.722,NORMAL,Normal,2985.8
2,41,Flowering & Pegging,26.25,31.12,31.91,39.77,0.0,0.804,MOISTURE_STRESS,Moderate Stress,700.0
6,36,Flowering & Pegging,63.52,22.45,28.22,62.71,0.0,0.922,NORMAL,Normal,3261.8
1,24,Vegetative,25.75,34.38,35.14,44.07,0.0,0.665,MOISTURE_STRESS,High Stress,806.1
6,88,Pod Development,21.97,33.72,33.45,45.84,0.0,0.903,MOISTURE_STRESS,High Stress,700.0
4,38,Flowering & Pegging,47.06,24.39,25.55,76.73,4.0,0.739,NORMAL,Normal,2953.0
2,25,Vegetative,51.56,24.95,27.07,62.92,0.0,0.742,NORMAL,Normal,2992.0
1,73,Pod Development,87.5,18.0,27.0,83.04,59.28,0.484,WATERLOGGING_STRESS,Moderate Stress,1230.9
1,54,Flowering & Pegging,52.26,25.3,28.67,62.15,0.0,0.789,NORMAL,Normal,3049.2
1,39,Flowering & Pegging,49.76,21.15,25.02,69.18,0.0,0.869,NORMAL,Normal,3145.8
2,87,Pod Development,18.46,37.79,38.48,41.8,0.0,0.517,COMBINED_STRESS,High Stress,700.0
6,66,Pod Development,56.28,23.5,26.67,67.35,4.0,0.815,NORMAL,Normal,3069.5
1,36,Flowering & Pegging,23.77,37.65,40.07,32.89,0.0,0.706,COMBINED_STRESS,High Stress,700.0
6,60,Flowering & Pegging,53.46,22.7,27.88,57.72,0.0,0.919,NORMAL,Normal,3353.4
5,76,Pod Development,28.33,31.23,30.48,42.53,0.0,0.66,MOISTURE_STRESS,Moderate Stress,837.7
3,31,Vegetative,23.71,35.68,38.38,30.08,0.0,0.543,COMBINED_STRESS,High Stress,700.0
3,65,Flowering & Pegging,20.07,33.05,33.92,59.36,0.0,0.752,MOISTURE_STRESS,High Stress,700.0
5,107,Maturation,23.82,35.28,34.6,30.99,0.0,0.778,MOISTURE_STRESS,High Stress,1120.7
1,20,Vegetative,53.91,20.65,24.39,85.95,0.0,0.813,NORMAL,Normal,3169.3
5,20,Vegetative,24.44,34.95,37.93,33.66,0.0,0.673,COMBINED_STRESS,High Stress,700.0
3,91,Maturation,56.76,22.49,26.62,61.3,0.0,0.937,NORMAL,Normal,3274.0
3,101,Maturation,51.54,23.58,27.85,69.39,0.0,0.777,NORMAL,Normal,2972.9
5,108,Maturation,46.53,26.16,29.03,50.59,6.0,0.867,NORMAL,Normal,3213.1
4,49,Flowering & Pegging,52.15,20.55,25.77,66.86,12.0,0.819,NORMAL,Normal,3135.3
5,34,Vegetative,26.21,38.3,41.31,35.04,0.0,0.509,HEAT_STRESS,High Stress,700.0
2,32,Vegetative,53.79,25.18,28.3,57.51,2.0,0.865,NORMAL,Normal,3090.2
5,20,Vegetative,59.35,24.9,32.17,61.65,22.0,0.682,NORMAL,Normal,2303.2
3,85,Pod Development,53.79,21.34,26.05,53.79,0.0,0.784,NORMAL,Normal,2965.9
2,99,Maturation,21.98,36.39,36.99,35.28,0.0,0.69,COMBINED_STRESS,High Stress,916.2
5,39,Flowering & Pegging,62.87,21.42,27.02,67.19,0.0,0.751,NORMAL,Normal,2931.1
5,101,Maturation,50.6,23.25,27.91,63.97,0.0,0.906,NORMAL,Normal,3211.6
6,54,Flowering & Pegging,56.48,22.02,26.37,60.57,0.0,0.869,NORMAL,Normal,3103.2
1,37,Flowering & Pegging,56.55,26.71,30.85,62.17,12.0,0.79,NORMAL,Normal,3072.3
2,90,Pod Development,61.27,20.98,27.19,60.7,2.0,0.847,NORMAL,Normal,3161.6
2,29,Vegetative,26.95,30.29,31.46,37.95,0.0,0.625,MOISTURE_STRESS,Moderate Stress,1064.4
5,110,Maturation,25.24,32.22,32.79,42.79,0.0,0.712,MOISTURE_STRESS,High Stress,1196.6
1,100,Maturation,55.3,20.07,22.55,66.6,0.0,0.903,NORMAL,Normal,3035.8
4,97,Maturation,50.64,25.45,30.12,59.2,0.0,0.897,NORMAL,Normal,3191.5
3,71,Pod Development,57.06,20.41,23.94,62.43,6.0,0.791,NORMAL,Normal,3045.7
3,80,Pod Development,30.96,31.06,32.75,29.82,0.0,0.799,MOISTURE_STRESS,Moderate Stress,720.4
5,30,Vegetative,50.32,24.14,26.84,68.56,0.0,0.782,NORMAL,Normal,2928.6
3,47,Flowering & Pegging,57.55,24.72,29.45,60.37,12.0,0.716,NORMAL,Normal,2943.8
3,54,Flowering & Pegging,22.31,34.98,36.26,37.32,0.0,0.862,COMBINED_STRESS,High Stress,700.0
3,57,Flowering & Pegging,54.78,20.49,25.35,61.13,4.0,0.704,NORMAL,Normal,2878.6
6,40,Flowering & Pegging,26.1,36.06,38.17,44.3,0.0,0.509,HEAT_STRESS,High Stress,700.0
2,68,Pod Development,18.17,37.5,36.9,36.13,0.0,0.676,COMBINED_STRESS,High Stress,700.0
2,72,Pod Development,54.34,23.5,26.95,63.07,0.0,0.745,NORMAL,Normal,2957.3
3,35,Vegetative,25.35,31.07,32.74,37.64,0.0,0.545,MOISTURE_STRESS,High Stress,819.2
4,71,Pod Development,45.63,24.7,28.63,71.48,0.0,0.746,NORMAL,Normal,3040.1
2,41,Flowering & Pegging,53.56,23.21,26.42,66.16,0.0,0.879,NORMAL,Normal,3251.9
4,43,Flowering & Pegging,25.65,33.17,33.87,45.58,0.0,0.567,MOISTURE_STRESS,High Stress,700.0
2,59,Flowering & Pegging,53.22,23.37,26.8,65.34,0.0,0.763,NORMAL,Normal,3021.5
2,57,Flowering & Pegging,57.43,22.57,27.22,67.89,2.0,0.848,NORMAL,Normal,3141.3
1,41,Flowering & Pegging,28.42,28.79,32.54,47.95,0.0,0.604,MOISTURE_STRESS,Moderate Stress,700.0
6,23,Vegetative,54.66,26.9,29.25,55.9,0.0,0.874,NORMAL,Normal,3163.0
6,66,Pod Development,60.72,19.55,22.8,65.31,0.0,0.791,NORMAL,Normal,3003.1
2,36,Flowering & Pegging,56.56,20.62,24.03,63.1,0.0,0.797,NORMAL,Normal,3066.9
2,41,Flowering & Pegging,44.92,27.46,31.01,68.16,0.0,0.816,NORMAL,Normal,2430.9
4,36,Flowering & Pegging,29.83,31.91,31.66,40.96,0.0,0.741,MOISTURE_STRESS,Moderate Stress,700.0
2,64,Flowering & Pegging,15.83,37.28,37.52,35.77,0.0,0.572,COMBINED_STRESS,High Stress,700.0
6,52,Flowering & Pegging,57.7,23.02,26.58,67.11,0.0,0.753,NORMAL,Normal,3063.5
6,98,Maturation,26.08,35.92,36.34,39.51,0.0,0.832,HEAT_STRESS,High Stress,1130.4
6,74,Pod Development,56.46,23.74,27.04,75.96,0.0,0.784,NORMAL,Normal,3017.4
3,90,Pod Development,61.34,24.41,29.56,65.67,0.0,0.922,NORMAL,Normal,3246.2
6,80,Pod Development,56.5,23.4,28.1,74.65,4.0,0.818,NORMAL,Normal,3102.8
5,104,Maturation,26.8,36.7,36.99,30.02,0.0,0.581,HEAT_STRESS,High Stress,889.5
1,68,Pod Development,54.31,24.12,29.49,72.55,4.0,0.804,NORMAL,Normal,3013.6
3,108,Maturation,54.68,22.61,26.6,60.67,4.0,0.808,NORMAL,Normal,2983.0
2,34,Vegetative,28.56,36.53,37.38,43.16,0.0,0.66,HEAT_STRESS,High Stress,700.0
5,19,Vegetative,15.07,36.68,34.86,44.98,0.0,0.791,MOISTURE_STRESS,High Stress,700.0
4,56,Flowering & Pegging,45.7,25.13,27.17,72.8,0.0,0.79,NORMAL,Normal,3038.4
4,109,Maturation,45.42,23.49,26.69,57.7,0.0,0.735,NORMAL,Normal,2911.8
6,25,Vegetative,31.73,31.69,33.18,37.78,0.0,0.707,MOISTURE_STRESS,Moderate Stress,1118.7
3,65,Flowering & Pegging,80.53,18.63,26.07,84.1,50.45,0.672,WATERLOGGING_STRESS,Moderate Stress,2133.5
1,38,Flowering & Pegging,19.39,33.65,32.05,47.98,0.0,0.627,MOISTURE_STRESS,High Stress,700.0
6,26,Vegetative,29.95,29.72,30.82,39.18,0.0,0.61,MOISTURE_STRESS,Moderate Stress,1376.8
3,63,Flowering & Pegging,52.92,26.35,30.42,66.33,0.0,0.789,NORMAL,Normal,2998.8
3,82,Pod Development,59.08,24.09,29.19,55.27,0.0,0.902,NORMAL,Normal,3216.3
4,50,Flowering & Pegging,26.22,32.2,32.01,26.92,0.0,0.743,MOISTURE_STRESS,Moderate Stress,700.0
2,37,Flowering & Pegging,54.14,22.75,27.03,61.38,0.0,0.817,NORMAL,Normal,3124.0
5,81,Pod Development,80.26,20.15,28.16,89.51,42.74,0.594,WATERLOGGING_STRESS,Moderate Stress,2246.5
3,53,Flowering & Pegging,48.84,22.97,24.8,65.97,0.0,0.807,NORMAL,Normal,3044.7
5,78,Pod Development,38.21,28.08,31.19,41.18,0.0,0.579,NORMAL,Normal,1295.1
6,19,Vegetative,54.35,27.48,31.05,60.08,0.0,0.811,NORMAL,Normal,2592.4
2,58,Flowering & Pegging,48.82,21.53,24.49,70.12,0.0,0.821,NORMAL,Normal,3055.6
3,70,Pod Development,31.4,35.44,37.31,32.35,0.0,0.771,HEAT_STRESS,High Stress,700.0
4,93,Maturation,20.51,34.57,36.0,33.92,0.0,0.601,COMBINED_STRESS,High Stress,853.4
3,19,Vegetative,85.84,18.54,27.51,85.88,45.44,0.652,WATERLOGGING_STRESS,Moderate Stress,1959.6
3,88,Pod Development,53.69,25.7,29.68,67.76,0.0,0.81,NORMAL,Normal,3063.8
6,110,Maturation,55.99,22.57,26.47,70.63,0.0,0.722,NORMAL,Normal,2967.1
2,104,Maturation,49.86,25.3,27.9,78.39,0.0,0.653,NORMAL,Normal,2840.1
5,49,Flowering & Pegging,51.68,24.82,27.84,79.57,0.0,0.753,NORMAL,Normal,2963.3
3,63,Flowering & Pegging,17.18,35.53,37.57,38.63,0.0,0.75,COMBINED_STRESS,High Stress,700.0
6,93,Maturation,59.0,21.33,25.36,82.69,12.0,0.649,NORMAL,Normal,2825.9
5,66,Pod Development,49.78,23.65,28.02,49.25,0.0,0.8,NORMAL,Normal,3110.8
3,100,Maturation,51.54,23.43,24.82,65.63,0.0,0.915,NORMAL,Normal,3263.3
5,101,Maturation,23.57,35.83,34.23,37.75,0.0,0.831,MOISTURE_STRESS,High Stress,1164.0
3,42,Flowering & Pegging,54.03,24.07,28.13,50.11,0.0,0.949,NORMAL,Normal,3297.5
1,101,Maturation,52.97,25.38,29.52,71.25,0.0,0.678,NORMAL,Normal,2896.0
6,81,Pod Development,33.29,29.7,29.75,49.64,0.0,0.613,MOISTURE_STRESS,Moderate Stress,1199.1
1,27,Vegetative,18.47,37.89,38.19,52.15,0.0,0.808,COMBINED_STRESS,High Stress,700.0
3,65,Flowering & Pegging,51.68,23.72,26.98,78.81,0.0,0.736,NORMAL,Normal,2928.1
2,88,Pod Development,19.68,35.75,36.41,27.03,0.0,0.686,COMBINED_STRESS,High Stress,700.0
5,25,Vegetative,25.63,36.55,37.85,34.5,0.0,0.63,COMBINED_STRESS,High Stress,700.0
6,65,Flowering & Pegging,47.41,21.21,23.04,67.75,0.0,0.692,NORMAL,Normal,2881.8
1,73,Pod Development,59.03,23.97,28.35,70.54,0.0,0.901,NORMAL,Normal,3290.0
3,85,Pod Development,80.97,18.0,23.11,82.17,19.35,0.747,WATERLOGGING_STRESS,Moderate Stress,2375.1
3,53,Flowering & Pegging,25.75,36.28,38.47,42.18,0.0,0.642,COMBINED_STRESS,High Stress,700.0
3,80,Pod Development,49.53,23.23,27.37,65.69,0.0,0.844,NORMAL,Normal,3148.3
6,40,Flowering & Pegging,92.29,18.0,21.39,74.59,31.63,0.53,WATERLOGGING_STRESS,Moderate Stress,700.0
4,15,Vegetative,44.78,26.51,29.53,62.99,0.0,0.771,NORMAL,Normal,3042.8
3,22,Vegetative,53.71,23.71,27.09,69.53,0.0,0.899,NORMAL,Normal,3282.9
1,30,Vegetative,50.36,21.43,26.54,59.81,0.0,0.726,NORMAL,Normal,2922.1
4,101,Maturation,15.89,32.91,33.64,29.28,0.0,0.655,MOISTURE_STRESS,High Stress,800.3
5,110,Maturation,52.89,19.92,22.73,66.24,0.0,0.668,NORMAL,Normal,2774.1
1,107,Maturation,59.78,19.7,26.0,55.36,6.0,0.854,NORMAL,Normal,3179.1
2,72,Pod Development,18.29,31.53,31.05,56.1,0.0,0.696,MOISTURE_STRESS,High Stress,700.0
6,101,Maturation,60.01,19.54,22.97,56.97,12.0,0.931,NORMAL,Normal,3260.3
3,37,Flowering & Pegging,50.49,26.51,30.23,66.73,0.0,0.725,NORMAL,Normal,2907.6
2,80,Pod Development,52.96,21.29,25.73,64.98,4.0,0.66,NORMAL,Normal,2784.6
2,20,Vegetative,51.97,25.13,26.65,65.13,4.0,0.731,NORMAL,Normal,2975.8
5,37,Flowering & Pegging,52.41,22.68,25.04,67.08,0.0,0.805,NORMAL,Normal,2989.2
1,27,Vegetative,60.75,22.96,29.44,62.62,22.0,0.693,NORMAL,Normal,2795.5
4,87,Pod Development,44.72,23.96,26.67,73.4,0.0,0.859,NORMAL,Normal,3185.2
4,82,Pod Development,45.08,28.33,30.38,61.24,2.0,0.93,NORMAL,Normal,3168.0
6,55,Flowering & Pegging,55.14,23.77,27.34,66.36,0.0,0.98,NORMAL,Normal,3355.6
1,71,Pod Development,76.92,19.72,27.01,88.68,26.1,0.557,NORMAL,Normal,2242.8
6,102,Maturation,53.83,22.93,27.69,69.96,0.0,0.69,NORMAL,Normal,2853.3
3,101,Maturation,52.43,19.72,22.5,58.59,2.0,0.927,NORMAL,Normal,3162.2
2,103,Maturation,51.67,25.66,27.95,70.66,0.0,0.82,NORMAL,Normal,3009.2
4,55,Flowering & Pegging,21.38,33.59,32.44,39.6,0.0,0.717,MOISTURE_STRESS,High Stress,700.0
6,30,Vegetative,54.28,22.74,29.52,66.72,0.0,0.913,NORMAL,Normal,3203.0
3,50,Flowering & Pegging,51.38,22.37,26.54,75.0,0.0,0.673,NORMAL,Normal,2940.0
3,29,Vegetative,51.72,22.02,25.45,62.33,0.0,0.682,NORMAL,Normal,2793.4
5,108,Maturation,23.83,33.9,34.21,50.51,0.0,0.751,MOISTURE_STRESS,High Stress,1131.1
2,70,Pod Development,55.13,21.87,27.05,78.86,12.0,0.715,NORMAL,Normal,2951.1
3,41,Flowering & Pegging,57.9,20.39,25.29,57.14,2.0,0.801,NORMAL,Normal,3028.2
2,46,Flowering & Pegging,54.03,21.97,25.31,70.84,0.0,0.868,NORMAL,Normal,3181.6
4,59,Flowering & Pegging,47.59,20.83,22.53,69.09,4.0,0.723,NORMAL,Normal,2761.6
1,23,Vegetative,47.45,28.67,33.17,56.21,0.0,0.87,HEAT_STRESS,Moderate Stress,2388.2
6,36,Flowering & Pegging,29.25,31.33,32.48,38.34,0.0,0.661,MOISTURE_STRESS,Moderate Stress,700.0
6,100,Maturation,95.0,18.55,28.77,85.83,30.52,0.616,WATERLOGGING_STRESS,Moderate Stress,1201.1
2,79,Pod Development,22.8,35.72,37.86,37.01,0.0,0.489,COMBINED_STRESS,High Stress,700.0
1,94,Maturation,23.09,33.56,37.05,31.69,0.0,0.634,COMBINED_STRESS,High Stress,877.7
4,69,Pod Development,47.0,26.48,28.61,73.09,4.0,0.643,NORMAL,Normal,2790.0
2,26,Vegetative,60.09,21.05,24.4,52.07,2.0,0.842,NORMAL,Normal,3112.8
4,29,Vegetative,16.93,37.29,35.76,33.03,0.0,0.589,COMBINED_STRESS,High Stress,700.0
6,58,Flowering & Pegging,55.69,19.05,24.16,61.0,2.0,0.844,NORMAL,Normal,3227.5
6,37,Flowering & Pegging,53.88,25.65,28.51,72.6,0.0,0.742,NORMAL,Normal,2974.9
1,83,Pod Development,54.66,24.0,26.78,58.26,0.0,0.863,NORMAL,Normal,3211.3
5,98,Maturation,50.03,24.58,30.06,68.58,0.0,0.805,NORMAL,Normal,3080.0
6,35,Vegetative,32.41,36.38,40.51,37.28,0.0,0.65,HEAT_STRESS,High Stress,700.0
2,46,Flowering & Pegging,56.13,19.62,24.4,74.63,12.0,0.718,NORMAL,Normal,2876.6
2,63,Flowering & Pegging,51.11,25.29,29.2,74.66,0.0,0.741,NORMAL,Normal,2930.0
3,84,Pod Development,50.49,26.81,30.02,68.58,0.0,0.771,NORMAL,Normal,2959.1
5,46,Flowering & Pegging,54.2,25.37,29.12,60.41,4.0,0.618,NORMAL,Normal,2693.8
6,107,Maturation,54.91,22.08,25.14,72.31,0.0,0.891,NORMAL,Normal,3215.2
3,44,Flowering & Pegging,55.07,22.15,25.64,58.07,4.0,0.862,NORMAL,Normal,3176.1
5,69,Pod Development,31.36,31.99,35.63,40.31,0.0,0.686,HEAT_STRESS,High Stress,700.0
5,53,Flowering & Pegging,53.78,27.05,29.33,72.32,4.0,0.583,NORMAL,Normal,2745.8
3,62,Flowering & Pegging,85.2,18.91,26.39,77.82,33.46,0.629,WATERLOGGING_STRESS,Moderate Stress,1552.7
2,29,Vegetative,25.12,33.32,33.62,44.24,0.0,0.521,MOISTURE_STRESS,High Stress,795.5
2,88,Pod Development,26.56,39.0,41.09,36.65,0.0,0.78,HEAT_STRESS,High Stress,700.0
4,88,Pod Development,20.32,33.08,33.15,45.97,0.0,0.699,MOISTURE_STRESS,High Stress,700.0
5,63,Flowering & Pegging,52.51,24.26,29.04,55.25,0.0,0.891,NORMAL,Normal,3247.7
2,41,Flowering & Pegging,21.11,31.69,31.6,36.21,0.0,0.711,MOISTURE_STRESS,High Stress,700.0
2,63,Flowering & Pegging,86.31,18.0,22.29,79.45,43.49,0.485,WATERLOGGING_STRESS,Moderate Stress,1116.2
4,16,Vegetative,47.31,24.22,27.03,68.03,0.0,0.775,NORMAL,Normal,2997.4
2,108,Maturation,26.07,36.05,37.41,32.56,0.0,0.769,HEAT_STRESS,High Stress,1008.5
5,94,Maturation,52.81,21.15,24.08,74.78,0.0,0.654,NORMAL,Normal,2741.2
1,73,Pod Development,31.5,31.57,30.92,43.42,0.0,0.78,MOISTURE_STRESS,Moderate Stress,1201.7
1,50,Flowering & Pegging,59.19,20.08,23.57,64.65,22.0,0.939,NORMAL,Normal,3243.6
4,81,Pod Development,48.34,27.42,31.23,67.83,12.0,0.746,NORMAL,Normal,2396.3
3,40,Flowering & Pegging,25.41,34.8,36.36,39.55,0.0,0.743,COMBINED_STRESS,High Stress,700.0
5,53,Flowering & Pegging,24.43,34.97,37.15,31.14,0.0,0.707,COMBINED_STRESS,High Stress,700.0
3,47,Flowering & Pegging,23.44,35.2,37.0,60.77,0.0,0.602,COMBINED_STRESS,High Stress,700.0
6,51,Flowering & Pegging,54.96,23.97,28.15,58.91,0.0,0.794,NORMAL,Normal,3057.3
1,87,Pod Development,53.27,24.05,28.12,53.2,0.0,0.78,NORMAL,Normal,3056.8
2,29,Vegetative,60.1,22.88,29.27,60.08,0.0,0.832,NORMAL,Normal,3181.5
2,85,Pod Development,52.19,26.58,30.21,71.47,0.0,0.741,NORMAL,Normal,2971.5
2,39,Flowering & Pegging,21.55,38.55,38.39,30.34,0.0,0.98,COMBINED_STRESS,High Stress,700.0
6,105,Maturation,58.43,21.77,27.53,64.1,12.0,0.638,NORMAL,Normal,2773.9
2,92,Maturation,53.66,26.87,31.62,69.77,2.0,0.93,NORMAL,Normal,2809.8
4,58,Flowering & Pegging,15.56,34.23,34.52,25.37,0.0,0.701,MOISTURE_STRESS,High Stress,700.0
1,15,Vegetative,50.92,22.04,25.07,57.85,0.0,0.673,NORMAL,Normal,2855.3
4,105,Maturation,16.67,36.04,37.82,39.28,0.0,0.509,COMBINED_STRESS,High Stress,700.0
5,67,Pod Development,25.96,38.76,40.1,31.81,0.0,0.621,COMBINED_STRESS,High Stress,700.0
2,97,Maturation,16.47,38.05,37.76,32.6,0.0,0.858,COMBINED_STRESS,High Stress,727.8
1,47,Flowering & Pegging,53.65,21.55,24.14,56.63,6.0,0.823,NORMAL,Normal,3111.4
1,87,Pod Development,51.22,21.72,25.81,66.24,0.0,0.815,NORMAL,Normal,3105.3
6,91,Maturation,54.23,24.05,27.74,71.9,6.0,0.854,NORMAL,Normal,3129.6
5,26,Vegetative,23.45,34.55,35.13,39.45,0.0,0.606,MOISTURE_STRESS,High Stress,700.0
3,31,Vegetative,54.87,20.39,25.62,64.47,0.0,0.799,NORMAL,Normal,3176.0
1,108,Maturation,76.96,18.32,24.69,82.95,48.73,0.725,NORMAL,Normal,2493.0
4,65,Flowering & Pegging,22.67,31.98,33.76,43.78,0.0,0.619,MOISTURE_STRESS,High Stress,700.0
6,69,Pod Development,49.89,24.27,28.2,66.18,0.0,0.842,NORMAL,Normal,3031.5
1,106,Maturation,52.99,26.41,30.2,69.01,4.0,0.854,NORMAL,Normal,3090.3
2,17,Vegetative,20.36,34.18,33.78,40.39,0.0,0.824,MOISTURE_STRESS,High Stress,706.7
1,15,Vegetative,26.88,29.54,29.75,48.01,0.0,0.837,MOISTURE_STRESS,Moderate Stress,1380.2
3,106,Maturation,24.2,37.7,38.45,39.47,0.0,0.571,COMBINED_STRESS,High Stress,808.8
4,18,Vegetative,19.41,38.09,39.78,34.13,0.0,0.634,COMBINED_STRESS,High Stress,700.0
5,25,Vegetative,26.18,30.0,31.68,25.53,0.0,0.65,MOISTURE_STRESS,Moderate Stress,1050.6
4,88,Pod Development,22.13,36.58,36.97,30.27,0.0,0.689,COMBINED_STRESS,High Stress,700.0
6,46,Flowering & Pegging,19.79,36.42,38.3,40.93,0.0,0.624,COMBINED_STRESS,High Stress,700.0
6,25,Vegetative,56.58,24.12,29.59,69.7,4.0,0.682,NORMAL,Normal,2811.3
1,36,Flowering & Pegging,50.86,22.44,26.55,74.88,0.0,0.819,NORMAL,Normal,3056.3
6,41,Flowering & Pegging,58.15,23.62,27.63,57.2,0.0,0.933,NORMAL,Normal,3368.1
5,86,Pod Development,25.79,36.95,37.32,35.57,0.0,0.824,COMBINED_STRESS,High Stress,700.0
2,35,Vegetative,25.0,29.99,30.01,42.78,0.0,0.779,MOISTURE_STRESS,High Stress,1271.5
4,51,Flowering & Pegging,23.11,35.24,36.49,40.05,0.0,0.631,COMBINED_STRESS,High Stress,700.0
6,101,Maturation,61.66,21.82,25.79,65.38,22.0,0.715,NORMAL,Normal,2888.7
2,71,Pod Development,53.65,22.67,28.09,63.0,0.0,0.805,NORMAL,Normal,3042.0
6,35,Vegetative,51.99,22.8,26.93,81.68,0.0,0.741,NORMAL,Normal,2997.8
2,49,Flowering & Pegging,22.91,33.01,32.58,36.68,0.0,0.773,MOISTURE_STRESS,High Stress,700.0
3,105,Maturation,53.4,23.66,26.96,71.25,4.0,0.655,NORMAL,Normal,2812.8
4,107,Maturation,47.07,24.43,27.62,65.18,0.0,0.755,NORMAL,Normal,2958.0
6,109,Maturation,32.48,35.43,38.43,22.43,0.0,0.428,HEAT_STRESS,High Stress,847.9
6,84,Pod Development,55.63,27.27,31.95,77.9,0.0,0.748,NORMAL,Normal,2304.3
4,65,Flowering & Pegging,46.52,22.3,22.81,69.93,0.0,0.964,NORMAL,Normal,3317.2
5,40,Flowering & Pegging,51.53,27.21,31.03,70.7,0.0,0.73,NORMAL,Normal,2347.9
3,28,Vegetative,19.83,30.85,30.03,30.75,0.0,0.655,MOISTURE_STRESS,High Stress,870.8
1,23,Vegetative,51.83,22.99,26.56,59.08,0.0,0.828,NORMAL,Normal,3145.8
6,63,Flowering & Pegging,64.0,22.73,27.2,73.94,22.0,0.708,NORMAL,Normal,2871.4
6,22,Vegetative,61.68,21.23,27.67,63.57,2.0,0.938,NORMAL,Normal,3274.6
6,109,Maturation,61.38,21.06,26.71,54.53,0.0,0.737,NORMAL,Normal,2964.0
5,63,Flowering & Pegging,52.24,25.68,31.89,62.62,4.0,0.722,NORMAL,Normal,2111.7
6,25,Vegetative,58.19,21.89,25.78,72.77,0.0,0.748,NORMAL,Normal,2967.2
4,70,Pod Development,53.09,22.99,25.94,60.54,2.0,0.87,NORMAL,Normal,3216.9
4,89,Pod Development,50.41,26.5,30.89,59.66,12.0,0.814,NORMAL,Normal,3094.0
3,59,Flowering & Pegging,51.39,25.24,28.5,66.23,0.0,0.515,NORMAL,Normal,2565.9
1,109,Maturation,65.29,21.1,26.69,61.07,0.0,0.923,NORMAL,Normal,3233.8
5,18,Vegetative,52.44,25.29,29.38,52.29,0.0,0.765,NORMAL,Normal,2956.0
3,50,Flowering & Pegging,50.89,27.07,31.68,71.69,0.0,0.805,NORMAL,Normal,2320.9
2,66,Pod Development,19.76,31.67,31.46,27.25,0.0,0.548,MOISTURE_STRESS,High Stress,700.0
5,19,Vegetative,20.43,37.16,38.17,36.85,0.0,0.681,COMBINED_STRESS,High Stress,700.0
3,61,Flowering & Pegging,24.49,32.55,31.89,40.93,0.0,0.715,MOISTURE_STRESS,High Stress,700.0
3,53,Flowering & Pegging,50.08,21.59,25.9,71.29,0.0,0.785,NORMAL,Normal,3147.5
3,36,Flowering & Pegging,77.69,24.49,32.09,76.9,43.81,0.598,NORMAL,Normal,1521.9
6,89,Pod Development,49.71,26.14,29.79,65.19,2.0,0.835,NORMAL,Normal,3077.2
1,82,Pod Development,51.14,26.92,31.49,64.9,0.0,0.839,NORMAL,Normal,2377.2
3,57,Flowering & Pegging,57.26,25.26,30.39,59.58,12.0,0.85,NORMAL,Normal,3142.0
3,27,Vegetative,51.38,23.3,27.85,64.68,0.0,0.719,NORMAL,Normal,2940.0
1,78,Pod Development,53.42,27.01,32.55,67.22,0.0,0.772,HEAT_STRESS,Moderate Stress,2185.3
5,106,Maturation,21.71,37.43,38.45,34.68,0.0,0.823,COMBINED_STRESS,High Stress,869.5
6,102,Maturation,54.19,23.95,29.31,79.98,0.0,0.722,NORMAL,Normal,2933.5
4,56,Flowering & Pegging,17.34,33.85,34.06,41.04,0.0,0.598,MOISTURE_STRESS,High Stress,700.0
6,32,Vegetative,62.88,22.67,27.18,51.99,0.0,0.812,NORMAL,Normal,3079.7
6,16,Vegetative,57.13,26.13,31.11,65.53,0.0,0.788,NORMAL,Normal,2573.6
2,15,Vegetative,56.17,19.48,23.35,57.89,0.0,0.803,NORMAL,Normal,3077.6
2,21,Vegetative,48.15,23.74,27.1,76.67,0.0,0.826,NORMAL,Normal,3066.3
4,56,Flowering & Pegging,19.33,35.61,33.69,35.97,0.0,0.774,MOISTURE_STRESS,High Stress,700.0
3,40,Flowering & Pegging,61.5,24.22,30.25,73.79,22.0,0.801,NORMAL,Normal,3075.2
3,98,Maturation,58.68,21.84,25.59,57.25,12.0,0.791,NORMAL,Normal,3047.3
1,60,Flowering & Pegging,81.65,21.79,28.59,85.13,32.25,0.709,WATERLOGGING_STRESS,Moderate Stress,2137.2
5,106,Maturation,54.05,24.92,29.03,66.01,0.0,0.651,NORMAL,Normal,2713.1
6,63,Flowering & Pegging,86.54,18.0,23.4,86.75,43.37,0.663,WATERLOGGING_STRESS,Moderate Stress,1325.5
5,29,Vegetative,51.11,20.83,24.9,68.09,0.0,0.749,NORMAL,Normal,2978.8
1,88,Pod Development,54.29,18.83,22.94,72.13,12.0,0.87,NORMAL,Normal,3161.8
1,71,Pod Development,54.68,20.27,25.13,60.57,0.0,0.757,NORMAL,Normal,2985.5
2,54,Flowering & Pegging,21.6,35.68,35.06,33.15,0.0,0.713,MOISTURE_STRESS,High Stress,700.0
1,71,Pod Development,24.26,35.3,36.51,26.08,0.0,0.677,COMBINED_STRESS,High Stress,700.0
2,67,Pod Development,23.82,36.14,37.89,30.48,0.0,0.816,COMBINED_STRESS,High Stress,700.0
3,57,Flowering & Pegging,24.91,32.47,33.6,41.9,0.0,0.733,MOISTURE_STRESS,High Stress,700.0
1,69,Pod Development,26.89,37.24,39.07,38.79,0.0,0.705,HEAT_STRESS,High Stress,700.0
1,19,Vegetative,85.95,18.92,27.11,86.89,44.72,0.351,WATERLOGGING_STRESS,Moderate Stress,1579.6
3,55,Flowering & Pegging,25.78,32.82,34.02,47.3,0.0,0.604,MOISTURE_STRESS,High Stress,700.0
5,36,Flowering & Pegging,26.45,37.19,38.97,31.8,0.0,0.673,HEAT_STRESS,High Stress,700.0
2,18,Vegetative,75.33,18.0,23.65,75.56,44.78,0.268,NUTRIENT_DEFICIT,Moderate Stress,1894.9
2,68,Pod Development,52.81,25.15,28.23,71.11,0.0,0.809,NORMAL,Normal,3017.8
2,92,Maturation,30.61,32.69,34.33,43.12,0.0,0.86,MOISTURE_STRESS,Moderate Stress,1571.3
5,52,Flowering & Pegging,56.12,22.2,27.47,65.19,0.0,0.886,NORMAL,Normal,3174.9
6,34,Vegetative,18.71,31.81,31.96,34.81,0.0,0.722,MOISTURE_STRESS,High Stress,700.0
6,35,Vegetative,60.31,24.33,30.44,54.4,0.0,0.845,NORMAL,Normal,3161.5
3,32,Vegetative,60.71,20.98,26.01,65.33,0.0,0.874,NORMAL,Normal,3184.8
4,17,Vegetative,45.0,26.37,28.6,73.41,0.0,0.694,NORMAL,Normal,2843.9
2,99,Maturation,55.39,21.99,26.56,58.43,0.0,0.817,NORMAL,Normal,3013.8
1,93,Maturation,52.91,21.46,23.89,72.81,0.0,0.915,NORMAL,Normal,3249.0
4,19,Vegetative,12.53,36.93,35.83,56.65,0.0,0.641,COMBINED_STRESS,High Stress,700.0
1,47,Flowering & Pegging,54.64,24.14,28.36,71.74,0.0,0.754,NORMAL,Normal,2984.6
2,45,Flowering & Pegging,18.53,34.77,34.29,44.16,0.0,0.548,MOISTURE_STRESS,High Stress,700.0
1,58,Flowering & Pegging,58.1,25.82,29.9,61.97,0.0,0.777,NORMAL,Normal,3108.7
6,40,Flowering & Pegging,25.85,33.87,34.57,51.81,0.0,0.565,MOISTURE_STRESS,High Stress,700.0
2,80,Pod Development,83.48,18.0,21.65,85.24,33.21,0.626,WATERLOGGING_STRESS,Moderate Stress,1586.3
6,91,Maturation,55.63,24.95,29.76,68.63,4.0,0.83,NORMAL,Normal,3047.3
1,80,Pod Development,52.47,25.86,30.16,76.55,0.0,0.764,NORMAL,Normal,3014.9
1,109,Maturation,52.71,22.81,26.46,71.13,0.0,0.705,NORMAL,Normal,2981.2
5,58,Flowering & Pegging,75.42,19.7,27.53,92.77,52.38,0.508,NORMAL,Normal,2070.5
5,74,Pod Development,13.35,34.46,34.85,34.62,0.0,0.803,MOISTURE_STRESS,High Stress,700.0
4,71,Pod Development,79.79,19.74,27.0,90.98,44.99,0.628,NORMAL,Normal,2322.6
6,26,Vegetative,19.82,32.59,32.91,57.19,0.0,0.614,MOISTURE_STRESS,High Stress,700.0
3,89,Pod Development,61.8,19.65,26.27,73.39,0.0,0.889,NORMAL,Normal,3253.2
5,31,Vegetative,27.53,29.28,29.73,45.33,0.0,0.379,MOISTURE_STRESS,Moderate Stress,1068.1
6,56,Flowering & Pegging,55.37,22.92,27.31,74.15,0.0,0.774,NORMAL,Normal,3093.8
1,104,Maturation,27.84,32.95,33.92,48.47,0.0,0.718,MOISTURE_STRESS,Moderate Stress,1369.8
5,40,Flowering & Pegging,25.59,31.05,33.55,43.56,0.0,0.732,MOISTURE_STRESS,High Stress,700.0
1,89,Pod Development,25.86,32.15,33.76,50.53,0.0,0.555,MOISTURE_STRESS,High Stress,700.0
1,21,Vegetative,56.33,23.21,27.11,65.83,0.0,0.88,NORMAL,Normal,3254.9
1,104,Maturation,86.83,18.0,26.17,80.83,44.05,0.555,WATERLOGGING_STRESS,Moderate Stress,1756.4
5,76,Pod Development,45.33,26.18,29.54,62.61,0.0,0.872,NORMAL,Normal,3080.6
6,77,Pod Development,31.0,35.74,37.4,36.82,0.0,0.87,HEAT_STRESS,High Stress,700.0
2,59,Flowering & Pegging,52.71,22.45,27.92,69.86,0.0,0.929,NORMAL,Normal,3293.9
6,35,Vegetative,55.01,23.75,27.87,61.98,0.0,0.808,NORMAL,Normal,3216.2
6,83,Pod Development,55.15,24.07,27.99,67.8,0.0,0.952,NORMAL,Normal,3227.9
5,81,Pod Development,84.17,19.01,24.38,83.37,37.54,0.602,WATERLOGGING_STRESS,Moderate Stress,1846.9
2,73,Pod Development,21.88,35.07,37.0,43.09,0.0,0.522,COMBINED_STRESS,High Stress,700.0
1,62,Flowering & Pegging,52.68,22.3,27.58,72.34,0.0,0.907,NORMAL,Normal,3236.6
1,15,Vegetative,51.45,21.64,27.35,62.11,0.0,0.724,NORMAL,Normal,2933.1
6,26,Vegetative,52.58,20.84,26.71,61.48,2.0,0.805,NORMAL,Normal,3052.8
5,44,Flowering & Pegging,52.53,25.74,31.13,66.58,0.0,0.92,NORMAL,Normal,2561.1
5,96,Maturation,52.16,25.45,30.48,64.79,0.0,0.772,NORMAL,Normal,3011.6
3,47,Flowering & Pegging,51.93,21.39,25.22,64.91,0.0,0.784,NORMAL,Normal,3003.9
3,18,Vegetative,51.59,21.15,24.5,66.65,0.0,0.82,NORMAL,Normal,3136.0
5,109,Maturation,23.45,34.43,37.44,22.7,0.0,0.733,COMBINED_STRESS,High Stress,951.0
4,86,Pod Development,11.19,38.68,35.74,45.0,0.0,0.861,COMBINED_STRESS,High Stress,700.0
6,86,Pod Development,22.88,35.74,37.49,39.12,0.0,0.858,COMBINED_STRESS,High Stress,700.0
1,50,Flowering & Pegging,21.08,34.07,35.08,34.95,0.0,0.786,MOISTURE_STRESS,High Stress,700.0
3,83,Pod Development,53.32,23.27,28.19,49.31,0.0,0.916,NORMAL,Normal,3105.4
2,37,Flowering & Pegging,19.42,34.79,34.8,54.27,0.0,0.66,MOISTURE_STRESS,High Stress,700.0
1,85,Pod Development,50.09,26.31,30.43,68.24,0.0,0.738,NORMAL,Normal,2943.6
4,54,Flowering & Pegging,43.33,25.06,28.45,60.14,0.0,0.773,NORMAL,Normal,3000.6
2,17,Vegetative,25.04,33.2,34.62,39.24,0.0,0.656,MOISTURE_STRESS,High Stress,745.9
2,96,Maturation,60.9,22.7,28.41,73.29,22.0,0.897,NORMAL,Normal,3237.0
2,40,Flowering & Pegging,56.42,20.6,25.34,68.83,0.0,0.807,NORMAL,Normal,3057.7
6,72,Pod Development,55.29,22.94,26.46,63.37,0.0,0.735,NORMAL,Normal,3066.5
2,45,Flowering & Pegging,26.31,36.5,36.08,34.02,0.0,0.706,HEAT_STRESS,High Stress,700.0
3,70,Pod Development,51.05,26.89,30.66,81.4,0.0,0.847,NORMAL,Normal,3116.4
6,88,Pod Development,25.84,31.62,31.77,54.01,0.0,0.651,MOISTURE_STRESS,High Stress,700.0
2,44,Flowering & Pegging,20.17,37.67,38.38,33.24,0.0,0.56,COMBINED_STRESS,High Stress,700.0
2,57,Flowering & Pegging,17.92,33.42,34.18,42.37,0.0,0.783,MOISTURE_STRESS,High Stress,700.0
2,99,Maturation,53.98,21.18,25.06,70.23,6.0,0.819,NORMAL,Normal,3048.0
4,46,Flowering & Pegging,45.35,30.29,32.37,75.11,0.0,0.864,NORMAL,Normal,2203.6
1,78,Pod Development,24.99,31.61,31.31,44.38,0.0,0.587,MOISTURE_STRESS,High Stress,700.0
1,83,Pod Development,27.34,30.65,32.11,38.48,0.0,0.768,MOISTURE_STRESS,Moderate Stress,700.0
3,20,Vegetative,53.99,22.41,26.97,70.02,4.0,0.8,NORMAL,Normal,3058.3
3,89,Pod Development,29.84,29.67,31.36,41.66,0.0,0.724,MOISTURE_STRESS,Moderate Stress,727.7
6,57,Flowering & Pegging,22.09,32.69,34.94,46.25,0.0,0.69,MOISTURE_STRESS,High Stress,700.0
6,106,Maturation,56.09,19.53,25.1,80.4,4.0,0.807,NORMAL,Normal,3023.2
6,56,Flowering & Pegging,59.24,23.96,29.57,60.38,0.0,0.831,NORMAL,Normal,3120.1
2,62,Flowering & Pegging,52.27,26.34,30.83,67.93,0.0,0.797,NORMAL,Normal,3048.3
6,19,Vegetative,88.64,19.05,25.64,88.79,56.16,0.809,WATERLOGGING_STRESS,Moderate Stress,1740.6
5,68,Pod Development,52.49,22.99,25.44,67.29,2.0,0.918,NORMAL,Normal,3135.0
3,101,Maturation,17.08,35.09,37.19,35.47,0.0,0.364,COMBINED_STRESS,High Stress,700.0
6,75,Pod Development,60.74,23.18,28.42,69.86,12.0,0.819,NORMAL,Normal,3046.5
5,87,Pod Development,57.72,21.25,24.58,71.95,6.0,0.824,NORMAL,Normal,3119.3
3,27,Vegetative,21.04,33.77,36.05,22.92,0.0,0.64,COMBINED_STRESS,High Stress,700.0
3,19,Vegetative,53.23,21.16,24.45,74.39,0.0,0.755,NORMAL,Normal,2901.6
5,82,Pod Development,52.63,24.37,29.53,66.59,0.0,0.658,NORMAL,Normal,2774.2
3,15,Vegetative,27.74,36.93,38.93,33.56,0.0,0.644,HEAT_STRESS,High Stress,700.0
1,109,Maturation,32.55,36.09,39.95,33.46,0.0,0.56,HEAT_STRESS,High Stress,907.4
3,83,Pod Development,24.52,33.81,33.02,43.52,0.0,0.742,MOISTURE_STRESS,High Stress,700.0
3,89,Pod Development,51.52,22.37,26.06,52.46,0.0,0.886,NORMAL,Normal,3223.7
5,49,Flowering & Pegging,27.39,32.48,35.06,45.66,0.0,0.717,MOISTURE_STRESS,Moderate Stress,700.0
6,47,Flowering & Pegging,54.23,23.0,27.26,66.53,0.0,0.738,NORMAL,Normal,2970.8
1,107,Maturation,50.99,24.19,28.11,62.7,0.0,0.707,NORMAL,Normal,2846.0
2,81,Pod Development,51.86,21.93,26.36,62.14,0.0,0.669,NORMAL,Normal,2810.3
5,98,Maturation,27.3,31.71,31.4,47.49,0.0,0.84,MOISTURE_STRESS,Moderate Stress,1353.7
6,81,Pod Development,26.29,34.94,36.83,34.34,0.0,0.694,HEAT_STRESS,High Stress,700.0
4,97,Maturation,21.61,36.9,37.56,31.07,0.0,0.635,COMBINED_STRESS,High Stress,800.3
3,39,Flowering & Pegging,49.32,27.82,30.27,85.72,0.0,0.746,NORMAL,Normal,2989.4
5,101,Maturation,52.21,25.07,28.77,67.5,0.0,0.865,NORMAL,Normal,3213.1
6,65,Flowering & Pegging,31.96,27.71,29.99,51.06,0.0,0.783,MOISTURE_STRESS,Moderate Stress,1005.7
1,89,Pod Development,50.53,20.83,22.9,63.31,0.0,0.775,NORMAL,Normal,3000.9
2,83,Pod Development,31.23,32.65,36.22,55.62,0.0,0.743,HEAT_STRESS,High Stress,700.0
5,56,Flowering & Pegging,58.18,19.58,22.33,60.81,0.0,0.759,NORMAL,Normal,2746.4
2,100,Maturation,54.18,24.49,29.04,76.45,0.0,0.902,NORMAL,Normal,3209.7
4,25,Vegetative,21.97,30.35,31.7,44.26,0.0,0.664,MOISTURE_STRESS,High Stress,797.0
6,97,Maturation,54.37,23.47,27.36,68.93,0.0,0.875,NORMAL,Normal,3154.1
6,16,Vegetative,61.58,22.89,28.06,63.48,0.0,0.883,NORMAL,Normal,3191.6
5,50,Flowering & Pegging,19.83,33.72,34.62,45.69,0.0,0.823,MOISTURE_STRESS,High Stress,700.0
1,22,Vegetative,23.96,34.2,35.48,46.2,0.0,0.804,MOISTURE_STRESS,High Stress,736.2
1,17,Vegetative,52.41,24.59,27.87,60.41,0.0,0.801,NORMAL,Normal,3034.6
4,98,Maturation,47.0,24.49,25.86,60.94,0.0,0.838,NORMAL,Normal,3124.7
2,100,Maturation,47.21,26.23,28.11,61.51,0.0,0.842,NORMAL,Normal,3101.9
5,67,Pod Development,53.59,24.0,26.87,72.04,4.0,0.621,NORMAL,Normal,2663.6
4,15,Vegetative,46.11,30.83,35.57,67.21,0.0,0.759,HEAT_STRESS,High Stress,1846.1
6,31,Vegetative,55.29,23.56,27.73,65.51,0.0,0.77,NORMAL,Normal,3017.3
2,74,Pod Development,57.64,25.02,31.05,62.71,0.0,0.895,NORMAL,Normal,2658.6
1,85,Pod Development,25.49,33.21,34.37,42.43,0.0,0.679,MOISTURE_STRESS,High Stress,700.0
2,88,Pod Development,25.46,33.25,35.56,30.25,0.0,0.591,COMBINED_STRESS,High Stress,700.0
5,39,Flowering & Pegging,21.76,33.64,35.08,35.56,0.0,0.54,MOISTURE_STRESS,High Stress,700.0
2,38,Flowering & Pegging,55.64,21.79,25.41,61.51,0.0,0.896,NORMAL,Normal,3180.0
3,25,Vegetative,22.53,37.05,36.98,44.84,0.0,0.65,COMBINED_STRESS,High Stress,700.0
3,24,Vegetative,24.05,35.6,36.28,44.91,0.0,0.897,COMBINED_STRESS,High Stress,821.7
6,66,Pod Development,38.3,30.22,33.0,42.22,0.0,0.498,HEAT_STRESS,Moderate Stress,1033.7
6,89,Pod Development,34.81,33.31,36.18,45.35,0.0,0.809,HEAT_STRESS,High Stress,700.0
3,102,Maturation,51.89,22.45,27.75,58.66,0.0,0.79,NORMAL,Normal,2978.5
3,74,Pod Development,49.45,22.52,25.11,70.09,0.0,0.79,NORMAL,Normal,3020.0
5,54,Flowering & Pegging,32.89,32.24,33.43,33.22,0.0,0.825,MOISTURE_STRESS,Moderate Stress,700.0
3,40,Flowering & Pegging,52.95,20.1,24.8,69.54,0.0,0.658,NORMAL,Normal,2799.2
2,19,Vegetative,84.39,18.0,26.16,80.19,25.42,0.582,WATERLOGGING_STRESS,Moderate Stress,1927.5
2,58,Flowering & Pegging,53.81,26.47,29.44,72.13,12.0,0.815,NORMAL,Normal,3081.0
4,105,Maturation,45.54,25.88,29.21,61.64,0.0,0.68,NORMAL,Normal,2843.3
1,77,Pod Development,22.84,39.21,39.75,32.31,0.0,0.812,COMBINED_STRESS,High Stress,700.0
4,25,Vegetative,44.63,21.88,24.75,78.0,0.0,0.786,NORMAL,Normal,3037.0
3,61,Flowering & Pegging,50.21,22.72,25.21,65.6,0.0,0.628,NORMAL,Normal,2846.9
4,21,Vegetative,46.34,25.96,28.19,67.35,0.0,0.702,NORMAL,Normal,2955.6
1,97,Maturation,53.38,20.48,24.36,63.3,0.0,0.714,NORMAL,Normal,2883.1
5,45,Flowering & Pegging,82.38,18.07,27.23,85.79,26.76,0.629,WATERLOGGING_STRESS,Moderate Stress,1959.0
6,95,Maturation,22.38,32.77,34.07,47.27,0.0,0.731,MOISTURE_STRESS,High Stress,1067.8
3,47,Flowering & Pegging,20.9,36.46,36.5,27.86,0.0,0.456,COMBINED_STRESS,High Stress,700.0
6,74,Pod Development,60.11,22.71,27.87,61.21,0.0,0.835,NORMAL,Normal,3194.8
3,24,Vegetative,57.75,22.89,27.18,72.43,12.0,0.814,NORMAL,Normal,3139.2
6,64,Flowering & Pegging,26.64,34.28,34.57,32.0,0.0,0.625,MOISTURE_STRESS,Moderate Stress,700.0
5,36,Flowering & Pegging,50.37,24.01,26.71,73.11,0.0,0.884,NORMAL,Normal,3124.2
4,97,Maturation,16.59,38.41,37.93,32.61,0.0,0.732,COMBINED_STRESS,High Stress,734.4
4,76,Pod Development,49.42,20.15,23.36,51.11,0.0,0.937,NORMAL,Normal,3185.5
4,58,Flowering & Pegging,51.32,23.3,27.06,56.04,0.0,0.881,NORMAL,Normal,3174.0
2,36,Flowering & Pegging,46.02,23.04,24.7,65.18,0.0,0.899,NORMAL,Normal,3259.4
3,65,Flowering & Pegging,89.87,18.0,24.05,80.8,48.02,0.613,WATERLOGGING_STRESS,Moderate Stress,828.9
3,61,Flowering & Pegging,60.54,22.6,28.28,65.32,2.0,0.86,NORMAL,Normal,3177.6
1,36,Flowering & Pegging,52.12,21.33,23.32,60.73,0.0,0.683,NORMAL,Normal,2773.4
3,15,Vegetative,51.63,26.09,31.31,72.66,0.0,0.723,NORMAL,Normal,2471.0
1,28,Vegetative,52.57,23.58,28.46,72.23,0.0,0.777,NORMAL,Normal,3040.4
5,39,Flowering & Pegging,26.67,32.8,34.23,37.24,0.0,0.753,MOISTURE_STRESS,Moderate Stress,700.0
2,30,Vegetative,53.34,28.39,31.36,69.13,0.0,0.725,NORMAL,Normal,2358.8
4,105,Maturation,76.82,18.0,24.38,81.45,65.29,0.4,NUTRIENT_DEFICIT,Moderate Stress,2058.7
5,67,Pod Development,52.03,23.3,26.8,48.7,0.0,0.676,NORMAL,Normal,2874.7
5,95,Maturation,58.12,22.81,27.25,66.13,12.0,0.734,NORMAL,Normal,2927.5
1,83,Pod Development,53.48,19.63,25.15,81.65,0.0,0.866,NORMAL,Normal,3194.8
1,79,Pod Development,26.46,32.65,34.6,52.0,0.0,0.694,MOISTURE_STRESS,Moderate Stress,700.0
3,26,Vegetative,19.78,34.92,34.06,34.5,0.0,0.668,MOISTURE_STRESS,High Stress,700.0
1,88,Pod Development,32.96,32.29,33.87,43.01,0.0,0.572,MOISTURE_STRESS,Moderate Stress,700.0
6,48,Flowering & Pegging,54.9,26.57,29.68,58.62,0.0,0.923,NORMAL,Normal,3253.6
2,56,Flowering & Pegging,52.3,24.21,27.56,58.39,0.0,0.849,NORMAL,Normal,3132.5
4,59,Flowering & Pegging,43.89,21.3,24.42,62.09,0.0,0.784,NORMAL,Normal,3030.8
1,48,Flowering & Pegging,53.57,25.86,30.24,72.54,0.0,0.78,NORMAL,Normal,3051.2
5,18,Vegetative,76.36,18.29,26.02,80.84,46.6,0.576,NORMAL,Normal,2305.7
4,67,Pod Development,44.68,23.45,26.04,60.55,0.0,0.84,NORMAL,Normal,3200.1
1,107,Maturation,53.91,24.71,28.09,64.62,0.0,0.928,NORMAL,Normal,3203.8
5,93,Maturation,54.91,21.03,24.77,64.33,2.0,0.865,NORMAL,Normal,3199.9
1,98,Maturation,56.33,20.84,24.81,62.38,0.0,0.838,NORMAL,Normal,3058.4
4,23,Vegetative,23.1,33.32,34.55,41.89,0.0,0.728,MOISTURE_STRESS,High Stress,761.2
3,53,Flowering & Pegging,62.23,25.02,29.62,60.12,0.0,0.849,NORMAL,Normal,3069.9
5,35,Vegetative,27.52,37.53,38.94,42.93,0.0,0.597,HEAT_STRESS,High Stress,700.0
3,39,Flowering & Pegging,27.32,37.55,39.23,38.66,0.0,0.518,HEAT_STRESS,High Stress,700.0
5,75,Pod Development,22.83,38.48,42.26,33.66,0.0,0.618,COMBINED_STRESS,High Stress,700.0
1,92,Maturation,17.0,32.66,32.36,49.95,0.0,0.746,MOISTURE_STRESS,High Stress,863.4
6,73,Pod Development,53.67,24.12,30.44,56.39,0.0,0.742,NORMAL,Normal,3003.7
1,75,Pod Development,77.25,20.1,27.3,83.64,41.89,0.547,NORMAL,Normal,2209.1
1,36,Flowering & Pegging,88.62,18.0,26.09,91.78,49.5,0.544,WATERLOGGING_STRESS,Moderate Stress,992.8
4,57,Flowering & Pegging,56.73,22.41,25.81,70.99,0.0,0.771,NORMAL,Normal,3102.9
6,60,Flowering & Pegging,57.01,21.87,27.16,66.98,0.0,0.941,NORMAL,Normal,3238.8
6,25,Vegetative,61.76,25.3,30.91,68.14,12.0,0.65,NORMAL,Normal,2706.2
4,86,Pod Development,47.99,25.69,27.94,54.15,2.0,0.944,NORMAL,Normal,3344.0
5,24,Vegetative,22.42,31.75,32.78,24.93,0.0,0.742,MOISTURE_STRESS,High Stress,816.3
3,44,Flowering & Pegging,54.5,21.4,26.01,60.37,0.0,0.98,NORMAL,Normal,3386.3
6,109,Maturation,19.58,39.29,39.69,32.37,0.0,0.668,COMBINED_STRESS,High Stress,700.0
5,88,Pod Development,20.48,38.45,40.37,34.43,0.0,0.601,COMBINED_STRESS,High Stress,700.0
4,34,Vegetative,21.12,33.66,33.59,58.29,0.0,0.741,MOISTURE_STRESS,High Stress,700.0
4,108,Maturation,47.31,26.63,31.48,63.03,0.0,0.848,NORMAL,Normal,2679.3
1,21,Vegetative,21.68,35.5,36.12,40.35,0.0,0.6,COMBINED_STRESS,High Stress,700.0
1,63,Flowering & Pegging,32.5,30.8,31.85,38.62,0.0,0.759,MOISTURE_STRESS,Moderate Stress,700.0
3,54,Flowering & Pegging,57.25,20.55,26.79,71.54,12.0,0.812,NORMAL,Normal,3155.0
5,61,Flowering & Pegging,79.24,20.62,29.22,76.08,34.83,0.31,NUTRIENT_DEFICIT,Moderate Stress,1808.1
2,62,Flowering & Pegging,15.94,38.85,40.16,34.23,0.0,0.829,COMBINED_STRESS,High Stress,700.0
3,81,Pod Development,54.14,28.69,31.57,67.97,0.0,0.818,NORMAL,Normal,2356.2
6,104,Maturation,54.6,25.37,28.62,67.37,0.0,0.69,NORMAL,Normal,2893.3
3,58,Flowering & Pegging,23.35,35.01,36.72,38.28,0.0,0.714,COMBINED_STRESS,High Stress,700.0
4,69,Pod Development,44.72,24.02,25.29,59.2,0.0,0.845,NORMAL,Normal,3164.7
1,49,Flowering & Pegging,54.75,24.89,30.26,70.94,4.0,0.678,NORMAL,Normal,2906.5
5,106,Maturation,27.76,32.39,33.92,49.03,0.0,0.671,MOISTURE_STRESS,Moderate Stress,1232.0
4,37,Flowering & Pegging,19.17,35.78,36.26,48.52,0.0,0.648,COMBINED_STRESS,High Stress,700.0
1,41,Flowering & Pegging,52.97,21.22,24.85,74.46,0.0,0.656,NORMAL,Normal,2747.8
3,15,Vegetative,52.94,24.97,28.57,70.8,4.0,0.98,NORMAL,Normal,3400.0
1,69,Pod Development,56.48,22.65,26.99,68.63,2.0,0.882,NORMAL,Normal,3278.6
5,77,Pod Development,53.07,24.55,28.68,56.99,0.0,0.894,NORMAL,Normal,3179.1
6,31,Vegetative,26.77,32.13,32.9,38.42,0.0,0.768,MOISTURE_STRESS,Moderate Stress,1046.2
5,34,Vegetative,22.88,31.38,30.36,46.74,0.0,0.619,MOISTURE_STRESS,High Stress,1035.4
5,85,Pod Development,15.12,32.72,30.7,44.17,0.0,0.858,MOISTURE_STRESS,High Stress,700.0
5,40,Flowering & Pegging,61.8,27.05,32.58,66.73,0.0,0.824,HEAT_STRESS,Moderate Stress,2139.7
1,107,Maturation,32.55,34.18,35.75,53.07,0.0,0.727,HEAT_STRESS,High Stress,1257.4
4,58,Flowering & Pegging,44.39,29.66,31.29,79.63,0.0,0.733,NORMAL,Normal,2152.4
1,109,Maturation,53.26,22.19,26.77,60.29,0.0,0.7,NORMAL,Normal,2871.0
3,25,Vegetative,52.86,29.09,34.04,70.65,0.0,0.766,HEAT_STRESS,Moderate Stress,2128.2
2,28,Vegetative,21.43,34.73,35.67,37.17,0.0,0.706,COMBINED_STRESS,High Stress,700.0
1,95,Maturation,27.85,36.8,39.07,28.4,0.0,0.761,HEAT_STRESS,High Stress,903.7
5,34,Vegetative,56.11,22.49,27.89,57.15,12.0,0.864,NORMAL,Normal,3141.2
4,60,Flowering & Pegging,53.71,21.65,25.29,69.64,22.0,0.81,NORMAL,Normal,3050.6
3,46,Flowering & Pegging,24.99,36.12,37.87,48.59,0.0,0.823,COMBINED_STRESS,High Stress,700.0
6,63,Flowering & Pegging,56.1,24.18,29.31,54.04,2.0,0.98,NORMAL,Normal,3303.7
5,27,Vegetative,36.44,33.14,35.85,41.58,0.0,0.556,HEAT_STRESS,High Stress,1059.2
5,58,Flowering & Pegging,52.85,26.41,29.42,59.37,6.0,0.93,NORMAL,Normal,3257.3
3,77,Pod Development,57.22,22.84,26.69,73.39,12.0,0.812,NORMAL,Normal,3171.7
6,102,Maturation,25.06,35.38,37.01,32.33,0.0,0.656,COMBINED_STRESS,High Stress,979.7
4,100,Maturation,47.31,28.83,31.18,62.13,0.0,0.691,NORMAL,Normal,2543.9
2,88,Pod Development,22.77,33.1,35.39,23.85,0.0,0.681,MOISTURE_STRESS,High Stress,700.0
1,75,Pod Development,52.42,27.16,31.38,73.74,4.0,0.819,NORMAL,Normal,2461.9
4,22,Vegetative,44.13,26.62,30.05,76.36,0.0,0.828,NORMAL,Normal,3130.2
5,36,Flowering & Pegging,23.39,31.15,32.32,49.44,0.0,0.57,MOISTURE_STRESS,High Stress,700.0
2,102,Maturation,24.5,36.41,38.74,29.89,0.0,0.793,COMBINED_STRESS,High Stress,859.0
4,22,Vegetative,20.26,33.79,34.61,37.87,0.0,0.698,MOISTURE_STRESS,High Stress,700.0
1,83,Pod Development,18.17,30.19,31.7,39.84,0.0,0.709,MOISTURE_STRESS,High Stress,700.0
1,100,Maturation,62.08,23.15,29.56,76.8,22.0,0.712,NORMAL,Normal,2967.4
6,91,Maturation,52.19,28.1,31.67,65.12,0.0,0.769,NORMAL,Normal,2504.1
6,55,Flowering & Pegging,58.73,23.66,28.84,76.68,12.0,0.741,NORMAL,Normal,3027.7
2,53,Flowering & Pegging,56.55,25.53,30.0,59.24,0.0,0.978,NORMAL,Normal,3385.5
4,95,Maturation,49.67,23.53,27.47,63.56,12.0,0.709,NORMAL,Normal,2975.0
2,90,Pod Development,52.24,25.41,29.27,69.38,0.0,0.691,NORMAL,Normal,2841.6
1,74,Pod Development,49.82,24.96,28.2,69.17,0.0,0.786,NORMAL,Normal,2992.9
6,105,Maturation,57.34,24.2,28.51,66.82,0.0,0.886,NORMAL,Normal,3216.2
6,28,Vegetative,54.16,23.99,29.22,72.85,0.0,0.758,NORMAL,Normal,2986.1
3,100,Maturation,22.93,32.34,34.77,31.32,0.0,0.701,MOISTURE_STRESS,High Stress,1018.6
2,44,Flowering & Pegging,23.89,34.4,33.14,45.91,0.0,0.644,MOISTURE_STRESS,High Stress,700.0
1,81,Pod Development,51.09,24.14,28.04,64.58,0.0,0.739,NORMAL,Normal,2989.5
4,86,Pod Development,53.69,27.23,30.74,61.13,0.0,0.806,NORMAL,Normal,3026.9
2,72,Pod Development,24.66,34.79,35.69,43.73,0.0,0.546,COMBINED_STRESS,High Stress,700.0
1,96,Maturation,19.9,35.37,37.65,40.82,0.0,0.49,COMBINED_STRESS,High Stress,788.5
1,91,Maturation,27.82,35.85,36.47,25.24,0.0,0.416,HEAT_STRESS,High Stress,836.5
2,100,Maturation,54.56,22.05,26.79,70.98,0.0,0.82,NORMAL,Normal,3110.6
6,90,Pod Development,32.8,30.84,34.08,38.32,0.0,0.671,MOISTURE_STRESS,Moderate Stress,700.0
6,71,Pod Development,53.68,26.86,32.02,64.3,0.0,0.734,NORMAL,Normal,2215.7
4,38,Flowering & Pegging,51.85,18.31,23.36,54.9,0.0,0.816,NORMAL,Normal,3043.5
6,47,Flowering & Pegging,52.37,22.29,26.02,69.2,0.0,0.821,NORMAL,Normal,3161.9
3,96,Maturation,87.68,18.82,26.05,85.63,56.3,0.519,WATERLOGGING_STRESS,Moderate Stress,1663.9
2,90,Pod Development,52.01,27.03,30.39,61.17,0.0,0.836,NORMAL,Normal,3104.3
5,93,Maturation,29.33,31.16,33.51,33.18,0.0,0.809,MOISTURE_STRESS,Moderate Stress,1379.2
1,24,Vegetative,21.56,37.68,39.65,52.2,0.0,0.693,COMBINED_STRESS,High Stress,700.0
3,21,Vegetative,24.81,31.57,31.45,43.4,0.0,0.555,MOISTURE_STRESS,High Stress,780.1
3,39,Flowering & Pegging,52.33,24.58,29.3,63.49,0.0,0.676,NORMAL,Normal,2777.3
6,34,Vegetative,63.8,25.88,31.31,72.44,22.0,0.632,NORMAL,Normal,2345.7
3,70,Pod Development,51.07,18.39,22.65,75.91,0.0,0.78,NORMAL,Normal,2872.4
3,89,Pod Development,54.6,24.41,29.32,64.69,0.0,0.848,NORMAL,Normal,3203.3
3,106,Maturation,26.35,33.94,33.01,51.64,0.0,0.629,MOISTURE_STRESS,Moderate Stress,1142.3
1,60,Flowering & Pegging,52.48,20.96,23.59,69.14,0.0,0.755,NORMAL,Normal,3040.5
1,44,Flowering & Pegging,32.93,28.87,31.04,44.32,0.0,0.681,MOISTURE_STRESS,Moderate Stress,700.0
4,68,Pod Development,28.31,28.94,29.42,47.78,0.0,0.747,MOISTURE_STRESS,Moderate Stress,1017.0
1,96,Maturation,24.58,30.02,30.35,55.4,0.0,0.6,MOISTURE_STRESS,High Stress,1344.1
2,26,Vegetative,56.39,19.75,25.93,58.94,0.0,0.801,NORMAL,Normal,2983.9
3,92,Maturation,49.21,24.69,28.37,67.22,0.0,0.968,NORMAL,Normal,3309.1
3,97,Maturation,59.96,24.69,29.67,71.34,22.0,0.84,NORMAL,Normal,3117.1
6,22,Vegetative,19.97,28.19,28.18,26.4,0.0,0.732,MOISTURE_STRESS,High Stress,803.6
3,35,Vegetative,55.39,23.01,25.92,64.73,0.0,0.89,NORMAL,Normal,3133.2
2,107,Maturation,53.54,20.05,24.71,72.27,4.0,0.752,NORMAL,Normal,2943.5
3,51,Flowering & Pegging,24.86,32.52,35.71,44.46,0.0,0.688,COMBINED_STRESS,High Stress,700.0
2,68,Pod Development,19.91,35.4,37.3,31.17,0.0,0.36,COMBINED_STRESS,High Stress,700.0
1,98,Maturation,50.4,21.16,24.24,65.28,0.0,0.87,NORMAL,Normal,3138.1
3,52,Flowering & Pegging,57.44,24.98,29.52,65.65,0.0,0.938,NORMAL,Normal,3184.1
6,60,Flowering & Pegging,31.69,32.71,35.97,50.25,0.0,0.619,HEAT_STRESS,High Stress,700.0
5,40,Flowering & Pegging,76.14,18.0,23.52,87.74,57.55,0.83,NORMAL,Normal,2599.1
6,108,Maturation,55.0,30.36,34.17,60.66,0.0,0.741,HEAT_STRESS,Moderate Stress,2210.7
4,65,Flowering & Pegging,46.2,22.06,24.17,58.36,0.0,0.807,NORMAL,Normal,3087.2
5,24,Vegetative,17.99,37.45,39.66,35.98,0.0,0.818,COMBINED_STRESS,High Stress,700.0
3,75,Pod Development,54.37,21.74,24.44,75.75,4.0,0.66,NORMAL,Normal,2789.4
6,35,Vegetative,56.99,24.89,29.59,55.37,0.0,0.98,NORMAL,Normal,3260.1
2,66,Pod Development,54.24,21.46,24.27,72.03,4.0,0.732,NORMAL,Normal,2939.3
6,61,Flowering & Pegging,59.69,22.24,25.66,61.82,12.0,0.818,NORMAL,Normal,3084.5
6,79,Pod Development,58.33,18.68,23.78,56.2,0.0,0.864,NORMAL,Normal,3228.8
3,61,Flowering & Pegging,63.02,22.87,27.07,72.85,6.0,0.731,NORMAL,Normal,2963.2
2,59,Flowering & Pegging,52.08,23.6,26.49,67.66,0.0,0.694,NORMAL,Normal,2897.2
3,41,Flowering & Pegging,56.24,22.6,25.95,64.16,0.0,0.906,NORMAL,Normal,3253.0
1,62,Flowering & Pegging,51.53,25.03,28.62,65.19,0.0,0.81,NORMAL,Normal,3122.0
2,28,Vegetative,51.76,27.12,30.45,66.14,0.0,0.863,NORMAL,Normal,3106.8
5,69,Pod Development,24.16,32.47,33.79,46.14,0.0,0.657,MOISTURE_STRESS,High Stress,700.0
4,21,Vegetative,43.74,27.1,29.69,60.67,0.0,0.742,NORMAL,Normal,2918.3
6,62,Flowering & Pegging,51.99,31.75,37.12,58.29,0.0,0.806,HEAT_STRESS,High Stress,1082.1
4,93,Maturation,50.56,24.45,27.33,59.08,0.0,0.857,NORMAL,Normal,3187.4
4,35,Vegetative,10.0,37.7,35.19,30.0,0.0,0.9,MOISTURE_STRESS,High Stress,700.0
4,65,Flowering & Pegging,44.8,25.56,29.46,69.73,0.0,0.657,NORMAL,Normal,2836.6
4,26,Vegetative,21.13,36.61,37.59,36.3,0.0,0.622,COMBINED_STRESS,High Stress,700.0
3,57,Flowering & Pegging,55.18,23.61,27.6,52.99,6.0,0.859,NORMAL,Normal,3172.6
4,74,Pod Development,51.19,25.93,30.4,78.41,12.0,0.697,NORMAL,Normal,2914.9
5,78,Pod Development,56.37,21.03,24.28,67.14,0.0,0.781,NORMAL,Normal,2995.5
2,101,Maturation,54.16,25.21,29.6,66.51,0.0,0.765,NORMAL,Normal,2910.2
6,94,Maturation,17.16,33.01,33.48,41.9,0.0,0.763,MOISTURE_STRESS,High Stress,951.8
2,43,Flowering & Pegging,58.8,22.05,26.18,67.37,12.0,0.778,NORMAL,Normal,3029.8
6,28,Vegetative,60.13,20.37,26.5,60.01,12.0,0.672,NORMAL,Normal,2885.6
6,67,Pod Development,54.55,25.0,29.0,77.1,0.0,0.832,NORMAL,Normal,3215.3
6,67,Pod Development,59.67,21.84,24.81,73.2,12.0,0.622,NORMAL,Normal,2785.3
4,59,Flowering & Pegging,16.79,34.77,34.74,40.02,0.0,0.748,MOISTURE_STRESS,High Stress,700.0
4,42,Flowering & Pegging,46.04,22.83,27.06,68.06,6.0,0.74,NORMAL,Normal,3007.7
4,79,Pod Development,24.84,31.55,32.78,45.85,0.0,0.638,MOISTURE_STRESS,High Stress,700.0
3,74,Pod Development,53.38,21.38,25.25,67.06,0.0,0.732,NORMAL,Normal,2922.4
3,68,Pod Development,24.66,33.24,34.08,51.02,0.0,0.718,MOISTURE_STRESS,High Stress,700.0
6,45,Flowering & Pegging,51.15,25.44,28.86,61.98,0.0,0.845,NORMAL,Normal,3151.7
5,70,Pod Development,28.0,31.64,33.24,44.84,0.0,0.679,MOISTURE_STRESS,Moderate Stress,700.0
1,17,Vegetative,27.26,35.15,38.88,31.97,0.0,0.579,HEAT_STRESS,High Stress,700.0
3,35,Vegetative,53.02,23.49,26.99,54.52,0.0,0.916,NORMAL,Normal,3293.3
5,51,Flowering & Pegging,59.86,23.74,29.56,71.43,12.0,0.773,NORMAL,Normal,2971.2
3,59,Flowering & Pegging,52.24,26.07,29.18,70.95,0.0,0.744,NORMAL,Normal,3012.3
1,66,Pod Development,86.03,19.57,27.72,88.08,39.9,0.768,WATERLOGGING_STRESS,Moderate Stress,1780.1
5,20,Vegetative,54.41,25.84,30.22,64.55,4.0,0.824,NORMAL,Normal,3083.3
5,100,Maturation,28.03,33.06,34.34,48.67,0.0,0.464,MOISTURE_STRESS,Moderate Stress,1080.2
6,86,Pod Development,55.65,21.32,23.87,67.97,0.0,0.738,NORMAL,Normal,2872.0
5,17,Vegetative,56.98,23.82,31.39,59.54,2.0,0.98,NORMAL,Normal,2769.5
3,22,Vegetative,51.72,22.9,25.76,74.94,0.0,0.57,NORMAL,Normal,2659.5
5,100,Maturation,53.3,25.04,27.98,57.36,0.0,0.755,NORMAL,Normal,3027.7
6,110,Maturation,25.28,32.98,33.96,43.41,0.0,0.813,MOISTURE_STRESS,High Stress,1272.1
2,55,Flowering & Pegging,28.21,34.56,37.18,42.48,0.0,0.752,HEAT_STRESS,High Stress,700.0
5,75,Pod Development,51.46,26.04,30.66,67.37,0.0,0.84,NORMAL,Normal,3045.2
1,85,Pod Development,78.37,18.0,23.34,82.3,23.24,0.728,NORMAL,Normal,2498.0
2,106,Maturation,53.96,23.68,29.28,65.1,4.0,0.78,NORMAL,Normal,2986.5
3,95,Maturation,52.09,23.71,25.42,66.83,0.0,0.92,NORMAL,Normal,3279.1
3,41,Flowering & Pegging,55.58,23.47,27.37,64.03,12.0,0.793,NORMAL,Normal,3007.9
3,60,Flowering & Pegging,51.33,26.06,30.22,67.09,0.0,0.822,NORMAL,Normal,3016.2
1,61,Flowering & Pegging,54.13,22.9,26.87,73.45,0.0,0.872,NORMAL,Normal,3078.8
6,99,Maturation,56.93,22.91,26.28,73.5,4.0,0.904,NORMAL,Normal,3176.5
2,52,Flowering & Pegging,22.29,39.03,38.7,34.95,0.0,0.65,COMBINED_STRESS,High Stress,700.0
6,76,Pod Development,58.23,20.57,26.36,65.28,0.0,0.784,NORMAL,Normal,3029.5
5,15,Vegetative,19.35,31.61,32.67,42.41,0.0,0.846,MOISTURE_STRESS,High Stress,700.0
5,108,Maturation,52.59,20.71,24.26,60.93,6.0,0.945,NORMAL,Normal,3313.4
4,47,Flowering & Pegging,49.97,20.93,23.86,63.5,0.0,0.97,NORMAL,Normal,3326.1
3,42,Flowering & Pegging,53.92,23.22,27.67,61.96,0.0,0.98,NORMAL,Normal,3331.5
5,33,Vegetative,52.21,20.06,22.53,69.86,0.0,0.963,NORMAL,Normal,3225.2
3,95,Maturation,52.22,24.86,28.25,80.22,0.0,0.757,NORMAL,Normal,2918.5
4,103,Maturation,22.75,30.97,31.2,40.41,0.0,0.864,MOISTURE_STRESS,High Stress,1324.4
5,24,Vegetative,55.93,23.3,28.44,56.77,0.0,0.76,NORMAL,Normal,3007.5
1,64,Flowering & Pegging,51.37,20.74,24.84,75.61,0.0,0.753,NORMAL,Normal,3000.8
6,45,Flowering & Pegging,27.11,38.21,38.76,36.14,0.0,0.423,HEAT_STRESS,High Stress,700.0
5,106,Maturation,54.07,20.82,26.16,70.06,0.0,0.676,NORMAL,Normal,2854.4
1,105,Maturation,53.02,23.33,27.86,64.34,0.0,0.721,NORMAL,Normal,2958.7
5,109,Maturation,59.87,22.46,26.16,57.39,0.0,0.864,NORMAL,Normal,3266.4
2,32,Vegetative,52.57,28.79,31.49,63.51,0.0,0.747,NORMAL,Normal,2536.4
2,63,Flowering & Pegging,52.46,26.43,31.79,64.85,4.0,0.98,NORMAL,Normal,2413.0
6,21,Vegetative,25.77,29.79,31.66,59.09,0.0,0.814,MOISTURE_STRESS,High Stress,966.9
1,50,Flowering & Pegging,52.86,26.18,29.74,66.52,0.0,0.825,NORMAL,Normal,3155.0
5,76,Pod Development,55.16,24.88,28.9,63.31,0.0,0.843,NORMAL,Normal,3202.2
6,92,Maturation,53.08,24.49,28.77,65.68,0.0,0.686,NORMAL,Normal,2741.1
1,71,Pod Development,61.29,19.79,24.94,76.87,22.0,0.692,NORMAL,Normal,2928.3
4,15,Vegetative,53.63,20.19,24.81,70.24,22.0,0.851,NORMAL,Normal,3201.8
1,53,Flowering & Pegging,59.35,19.73,25.69,73.5,22.0,0.875,NORMAL,Normal,3256.0
1,22,Vegetative,54.03,25.1,27.21,69.96,0.0,0.928,NORMAL,Normal,3315.6
1,19,Vegetative,52.06,22.35,24.83,68.26,0.0,0.788,NORMAL,Normal,3072.9
1,17,Vegetative,25.42,37.4,39.71,37.76,0.0,0.586,COMBINED_STRESS,High Stress,700.0
4,32,Vegetative,52.15,23.71,27.14,65.26,0.0,0.864,NORMAL,Normal,3186.0
6,30,Vegetative,83.46,19.48,27.75,80.89,45.27,0.643,WATERLOGGING_STRESS,Moderate Stress,2100.4
2,29,Vegetative,54.09,26.97,30.79,62.35,0.0,0.74,NORMAL,Normal,2914.7
4,73,Pod Development,46.85,25.73,29.08,61.09,4.0,0.74,NORMAL,Normal,2910.3
5,77,Pod Development,63.31,21.4,26.47,68.4,2.0,0.842,NORMAL,Normal,3175.9
4,33,Vegetative,44.7,26.13,29.71,70.94,0.0,0.837,NORMAL,Normal,3070.9
6,63,Flowering & Pegging,19.22,28.64,28.53,38.67,0.0,0.657,MOISTURE_STRESS,High Stress,700.0
1,24,Vegetative,21.39,33.07,34.78,42.25,0.0,0.595,MOISTURE_STRESS,High Stress,700.0
2,77,Pod Development,56.07,21.34,25.09,67.92,0.0,0.894,NORMAL,Normal,3120.6
5,39,Flowering & Pegging,52.21,20.87,25.41,66.22,0.0,0.766,NORMAL,Normal,3092.3
4,58,Flowering & Pegging,48.41,22.4,26.0,57.7,0.0,0.857,NORMAL,Normal,3121.0
5,72,Pod Development,21.12,32.57,31.56,42.39,0.0,0.609,MOISTURE_STRESS,High Stress,700.0
2,105,Maturation,51.3,21.56,24.75,72.53,0.0,0.663,NORMAL,Normal,2836.0
6,105,Maturation,32.82,34.79,37.16,39.93,0.0,0.756,HEAT_STRESS,High Stress,1266.4
6,92,Maturation,52.82,23.67,27.32,70.89,0.0,0.791,NORMAL,Normal,3131.5
1,33,Vegetative,51.83,24.18,26.64,72.68,0.0,0.788,NORMAL,Normal,2994.8
4,86,Pod Development,47.81,22.72,26.44,65.27,0.0,0.716,NORMAL,Normal,2960.3
6,37,Flowering & Pegging,20.43,34.36,33.89,36.2,0.0,0.731,MOISTURE_STRESS,High Stress,700.0
5,69,Pod Development,82.98,18.0,26.52,75.9,55.52,0.463,WATERLOGGING_STRESS,Moderate Stress,1927.3
2,22,Vegetative,64.26,19.76,23.99,75.62,0.0,0.752,NORMAL,Normal,3052.7
1,80,Pod Development,51.97,23.26,27.97,55.62,2.0,0.817,NORMAL,Normal,3045.9
5,21,Vegetative,51.47,18.0,21.23,64.27,0.0,0.901,NORMAL,Normal,2907.3
3,59,Flowering & Pegging,23.0,33.2,33.29,33.27,0.0,0.579,MOISTURE_STRESS,High Stress,700.0
4,40,Flowering & Pegging,23.05,33.58,34.06,38.16,0.0,0.716,MOISTURE_STRESS,High Stress,700.0
4,98,Maturation,47.69,25.76,29.01,66.93,0.0,0.866,NORMAL,Normal,3178.9
2,59,Flowering & Pegging,60.19,23.46,28.62,59.89,2.0,0.902,NORMAL,Normal,3204.5
4,88,Pod Development,48.73,27.63,30.03,84.94,4.0,0.701,NORMAL,Normal,2895.5
2,64,Flowering & Pegging,53.14,24.61,28.35,69.15,0.0,0.849,NORMAL,Normal,3158.3
3,103,Maturation,24.3,34.51,34.06,38.97,0.0,0.665,MOISTURE_STRESS,High Stress,1049.6
2,29,Vegetative,48.99,25.98,27.87,61.53,0.0,0.882,NORMAL,Normal,3246.1
1,26,Vegetative,66.0,28.36,33.34,65.47,2.0,0.897,HEAT_STRESS,Moderate Stress,2413.8
2,19,Vegetative,52.16,25.18,28.24,58.34,0.0,0.912,NORMAL,Normal,3204.6
6,40,Flowering & Pegging,24.8,31.9,31.22,43.28,0.0,0.678,MOISTURE_STRESS,High Stress,700.0
6,49,Flowering & Pegging,55.05,21.18,24.54,66.7,0.0,0.818,NORMAL,Normal,3143.4
5,37,Flowering & Pegging,58.73,22.71,27.06,66.94,0.0,0.868,NORMAL,Normal,3159.5
5,67,Pod Development,25.37,35.27,36.34,44.1,0.0,0.732,COMBINED_STRESS,High Stress,700.0
4,52,Flowering & Pegging,22.16,34.16,34.95,52.06,0.0,0.731,MOISTURE_STRESS,High Stress,700.0
5,50,Flowering & Pegging,50.68,19.83,23.44,76.16,0.0,0.769,NORMAL,Normal,3047.0
5,54,Flowering & Pegging,22.51,34.08,32.47,34.57,0.0,0.586,MOISTURE_STRESS,High Stress,700.0
2,73,Pod Development,51.43,24.32,29.81,73.58,0.0,0.751,NORMAL,Normal,2898.3
1,109,Maturation,53.06,24.69,27.99,66.8,0.0,0.886,NORMAL,Normal,3259.6
6,84,Pod Development,20.44,33.81,34.36,28.47,0.0,0.781,MOISTURE_STRESS,High Stress,700.0
4,96,Maturation,27.0,26.31,27.72,39.92,0.0,0.633,MOISTURE_STRESS,Moderate Stress,1398.3
3,92,Maturation,51.16,25.17,29.14,60.87,6.0,0.837,NORMAL,Normal,3094.7
2,106,Maturation,16.43,34.65,35.01,40.6,0.0,0.825,MOISTURE_STRESS,High Stress,837.1
5,44,Flowering & Pegging,28.52,31.26,31.76,39.09,0.0,0.494,MOISTURE_STRESS,Moderate Stress,700.0
1,55,Flowering & Pegging,21.81,32.87,31.57,43.87,0.0,0.683,MOISTURE_STRESS,High Stress,700.0
3,81,Pod Development,24.48,34.9,34.99,41.33,0.0,0.522,MOISTURE_STRESS,High Stress,700.0
5,26,Vegetative,54.31,20.33,25.6,68.34,6.0,0.801,NORMAL,Normal,3106.0
5,81,Pod Development,23.08,34.06,35.48,38.84,0.0,0.478,MOISTURE_STRESS,High Stress,700.0
1,90,Pod Development,52.65,21.77,24.11,63.47,4.0,0.854,NORMAL,Normal,3128.1
4,90,Pod Development,45.71,26.78,28.21,65.75,0.0,0.751,NORMAL,Normal,2971.5
2,79,Pod Development,27.21,30.86,31.97,40.95,0.0,0.969,MOISTURE_STRESS,Moderate Stress,700.0
6,28,Vegetative,55.24,24.05,28.4,55.06,0.0,0.952,NORMAL,Normal,3332.1
3,71,Pod Development,53.86,20.76,23.59,59.43,0.0,0.73,NORMAL,Normal,3041.7
1,41,Flowering & Pegging,50.32,25.99,28.26,62.23,0.0,0.891,NORMAL,Normal,3248.0
3,63,Flowering & Pegging,52.91,22.41,26.45,72.43,0.0,0.801,NORMAL,Normal,3078.9
6,62,Flowering & Pegging,14.27,32.75,31.67,27.87,0.0,0.569,MOISTURE_STRESS,High Stress,700.0
2,71,Pod Development,14.25,39.08,39.51,37.76,0.0,0.619,COMBINED_STRESS,High Stress,700.0
3,34,Vegetative,21.87,34.71,34.61,43.76,0.0,0.895,MOISTURE_STRESS,High Stress,710.3
1,15,Vegetative,21.6,36.64,37.34,41.04,0.0,0.748,COMBINED_STRESS,High Stress,700.0
5,68,Pod Development,53.54,22.59,27.34,76.84,0.0,0.841,NORMAL,Normal,3073.3
6,54,Flowering & Pegging,57.29,20.57,25.23,60.74,6.0,0.685,NORMAL,Normal,2802.9
3,82,Pod Development,18.97,37.35,37.78,30.11,0.0,0.676,COMBINED_STRESS,High Stress,700.0
6,85,Pod Development,23.55,38.81,39.61,29.98,0.0,0.493,COMBINED_STRESS,High Stress,700.0
5,49,Flowering & Pegging,55.96,25.54,31.12,66.92,4.0,0.87,NORMAL,Normal,2419.2
2,91,Maturation,61.48,19.37,23.84,50.01,0.0,0.771,NORMAL,Normal,3016.5
3,53,Flowering & Pegging,51.49,25.55,29.63,74.41,0.0,0.757,NORMAL,Normal,3057.9
4,35,Vegetative,45.52,21.41,24.38,69.56,0.0,0.79,NORMAL,Normal,3089.3
3,96,Maturation,25.14,28.16,30.89,58.56,0.0,0.682,MOISTURE_STRESS,High Stress,1309.1
4,91,Maturation,51.37,21.34,24.1,61.99,12.0,0.742,NORMAL,Normal,2946.3
1,32,Vegetative,50.95,21.59,24.63,72.05,0.0,0.796,NORMAL,Normal,3001.7
6,84,Pod Development,58.25,22.5,27.22,62.69,0.0,0.98,NORMAL,Normal,3332.9
5,103,Maturation,22.05,32.66,33.08,31.96,0.0,0.687,MOISTURE_STRESS,High Stress,1020.5
4,105,Maturation,45.76,22.71,24.84,66.39,0.0,0.634,NORMAL,Normal,2856.8
4,17,Vegetative,51.14,24.13,26.58,68.27,22.0,0.715,NORMAL,Normal,3009.1
4,72,Pod Development,46.84,25.35,30.85,83.49,0.0,0.801,NORMAL,Normal,2953.3
4,94,Maturation,43.71,21.24,23.77,65.51,0.0,0.729,NORMAL,Normal,3017.8
6,32,Vegetative,18.76,35.56,36.19,32.63,0.0,0.693,COMBINED_STRESS,High Stress,700.0
5,16,Vegetative,17.78,35.97,34.22,35.8,0.0,0.638,MOISTURE_STRESS,High Stress,700.0
1,65,Flowering & Pegging,20.57,36.38,37.03,45.66,0.0,0.613,COMBINED_STRESS,High Stress,700.0
2,56,Flowering & Pegging,54.02,24.32,29.6,72.38,0.0,0.902,NORMAL,Normal,3235.1
1,67,Pod Development,52.54,26.23,31.65,63.48,0.0,0.822,NORMAL,Normal,2390.6
2,102,Maturation,86.92,21.46,30.25,90.73,57.21,0.752,WATERLOGGING_STRESS,Moderate Stress,2056.2
2,18,Vegetative,52.15,26.27,31.14,62.45,0.0,0.777,NORMAL,Normal,2586.5
4,49,Flowering & Pegging,14.89,32.66,32.05,40.87,0.0,0.545,MOISTURE_STRESS,High Stress,700.0
4,34,Vegetative,13.27,40.0,39.97,40.42,0.0,0.484,COMBINED_STRESS,High Stress,700.0
5,81,Pod Development,49.26,23.29,26.17,57.03,0.0,0.913,NORMAL,Normal,3308.1
6,68,Pod Development,55.18,23.99,27.05,68.17,0.0,0.922,NORMAL,Normal,3251.1
4,97,Maturation,17.29,37.98,37.99,32.3,0.0,0.691,COMBINED_STRESS,High Stress,788.6
2,107,Maturation,85.92,18.0,28.28,80.3,43.09,0.609,WATERLOGGING_STRESS,Moderate Stress,2075.9
5,69,Pod Development,51.56,27.79,29.33,66.76,0.0,0.924,NORMAL,Normal,3326.6
2,23,Vegetative,27.22,28.86,27.24,47.68,0.0,0.755,MOISTURE_STRESS,Moderate Stress,1323.9
5,105,Maturation,51.37,26.17,31.12,62.33,0.0,0.586,NORMAL,Normal,2367.8
6,32,Vegetative,52.04,19.71,23.23,61.41,0.0,0.851,NORMAL,Normal,3228.1
4,64,Flowering & Pegging,56.6,21.93,24.95,55.08,0.0,0.917,NORMAL,Normal,3196.8
5,25,Vegetative,12.05,39.9,36.14,35.66,0.0,0.606,COMBINED_STRESS,High Stress,700.0
2,52,Flowering & Pegging,52.25,23.05,26.63,62.9,2.0,0.844,NORMAL,Normal,3111.9
1,45,Flowering & Pegging,52.91,24.06,27.21,70.69,0.0,0.771,NORMAL,Normal,2891.3
6,32,Vegetative,13.18,34.87,34.47,41.57,0.0,0.701,MOISTURE_STRESS,High Stress,700.0
1,59,Flowering & Pegging,20.96,34.72,32.69,53.24,0.0,0.576,MOISTURE_STRESS,High Stress,700.0
6,105,Maturation,56.0,20.96,25.23,66.34,0.0,0.78,NORMAL,Normal,3016.7
3,33,Vegetative,25.69,36.1,38.18,34.99,0.0,0.697,COMBINED_STRESS,High Stress,700.0
1,84,Pod Development,30.11,36.63,35.35,47.14,0.0,0.664,MOISTURE_STRESS,Moderate Stress,700.0
3,108,Maturation,18.06,31.51,31.17,33.71,0.0,0.769,MOISTURE_STRESS,High Stress,961.9
2,59,Flowering & Pegging,29.14,34.58,34.99,35.66,0.0,0.687,MOISTURE_STRESS,Moderate Stress,700.0
3,110,Maturation,60.25,23.65,27.6,63.7,0.0,0.846,NORMAL,Normal,3113.7
6,31,Vegetative,58.69,23.77,27.86,70.6,0.0,0.955,NORMAL,Normal,3392.3
5,105,Maturation,24.04,35.65,37.2,27.74,0.0,0.728,COMBINED_STRESS,High Stress,951.3
6,50,Flowering & Pegging,53.39,23.87,28.47,64.07,0.0,0.685,NORMAL,Normal,2831.2
2,60,Flowering & Pegging,54.36,25.6,29.45,62.61,4.0,0.681,NORMAL,Normal,2975.2
3,49,Flowering & Pegging,58.03,22.09,27.14,74.89,0.0,0.906,NORMAL,Normal,3318.6
2,89,Pod Development,24.47,37.71,39.87,35.71,0.0,0.528,COMBINED_STRESS,High Stress,700.0
1,110,Maturation,84.65,18.0,22.04,85.24,54.12,0.553,WATERLOGGING_STRESS,Moderate Stress,1885.4
1,42,Flowering & Pegging,24.97,35.82,34.73,38.93,0.0,0.65,MOISTURE_STRESS,High Stress,700.0
5,69,Pod Development,53.08,24.99,28.21,83.99,0.0,0.78,NORMAL,Normal,3020.3
2,89,Pod Development,49.55,22.67,27.18,56.45,2.0,0.809,NORMAL,Normal,3072.4
6,75,Pod Development,26.08,37.73,40.34,29.81,0.0,0.661,HEAT_STRESS,High Stress,700.0
3,51,Flowering & Pegging,27.89,31.19,32.28,38.21,0.0,0.619,MOISTURE_STRESS,Moderate Stress,700.0
3,40,Flowering & Pegging,52.96,23.28,26.37,80.11,0.0,0.771,NORMAL,Normal,3050.0
6,105,Maturation,49.25,25.13,29.53,70.14,2.0,0.877,NORMAL,Normal,3229.7
1,24,Vegetative,54.2,26.57,29.62,61.79,0.0,0.79,NORMAL,Normal,3006.8
5,52,Flowering & Pegging,51.11,18.44,22.08,73.36,0.0,0.759,NORMAL,Normal,2802.7
2,57,Flowering & Pegging,13.5,40.0,42.27,38.8,0.0,0.705,COMBINED_STRESS,High Stress,700.0
4,84,Pod Development,20.01,37.53,37.47,39.24,0.0,0.611,COMBINED_STRESS,High Stress,700.0
3,108,Maturation,50.66,27.91,32.99,66.41,0.0,0.774,HEAT_STRESS,Moderate Stress,2490.0
2,41,Flowering & Pegging,23.08,30.44,31.54,50.23,0.0,0.578,MOISTURE_STRESS,High Stress,700.0
3,28,Vegetative,49.06,24.19,25.24,68.81,0.0,0.737,NORMAL,Normal,2943.7
5,104,Maturation,53.08,22.6,26.39,70.81,0.0,0.833,NORMAL,Normal,3042.0
1,95,Maturation,25.16,28.8,31.15,41.78,0.0,0.713,MOISTURE_STRESS,High Stress,1253.6
1,103,Maturation,63.39,22.16,27.78,66.62,2.0,0.893,NORMAL,Normal,3213.0
6,32,Vegetative,53.77,26.95,31.81,67.7,0.0,0.931,NORMAL,Normal,2659.2
4,83,Pod Development,12.45,34.41,34.15,30.04,0.0,0.523,MOISTURE_STRESS,High Stress,700.0
5,52,Flowering & Pegging,50.87,25.18,29.66,83.17,0.0,0.801,NORMAL,Normal,3018.7
6,72,Pod Development,18.79,38.67,40.97,31.11,0.0,0.473,COMBINED_STRESS,High Stress,700.0
5,25,Vegetative,16.49,38.81,38.3,37.12,0.0,0.897,COMBINED_STRESS,High Stress,700.0
3,24,Vegetative,50.1,26.26,30.36,71.24,0.0,0.784,NORMAL,Normal,3069.8
2,47,Flowering & Pegging,55.8,25.81,31.63,66.18,12.0,0.647,NORMAL,Normal,2026.7
1,37,Flowering & Pegging,30.93,32.11,33.9,39.59,0.0,0.655,MOISTURE_STRESS,Moderate Stress,700.0
3,80,Pod Development,51.72,22.55,27.35,75.07,0.0,0.813,NORMAL,Normal,3057.4
3,86,Pod Development,52.97,25.66,29.58,60.78,0.0,0.746,NORMAL,Normal,2939.9
1,54,Flowering & Pegging,46.32,20.71,25.11,57.58,2.0,0.845,NORMAL,Normal,3077.5
1,17,Vegetative,52.63,21.48,24.51,67.82,0.0,0.742,NORMAL,Normal,2981.9
1,50,Flowering & Pegging,85.32,20.5,28.89,74.57,17.47,0.51,WATERLOGGING_STRESS,Moderate Stress,1437.8
2,91,Maturation,23.55,34.33,36.0,28.07,0.0,0.542,COMBINED_STRESS,High Stress,958.8
3,81,Pod Development,24.43,33.79,33.37,44.5,0.0,0.873,MOISTURE_STRESS,High Stress,700.0
5,107,Maturation,51.45,24.08,29.11,72.79,0.0,0.747,NORMAL,Normal,2896.2
2,75,Pod Development,53.78,26.9,31.74,66.16,4.0,0.866,NORMAL,Normal,2397.0
1,40,Flowering & Pegging,21.04,35.09,34.22,34.39,0.0,0.629,MOISTURE_STRESS,High Stress,700.0
1,97,Maturation,52.79,24.66,27.67,56.51,0.0,0.96,NORMAL,Normal,3393.7
2,63,Flowering & Pegging,62.6,23.49,27.6,56.4,6.0,0.927,NORMAL,Normal,3279.0
2,35,Vegetative,24.34,32.13,30.79,40.57,0.0,0.659,MOISTURE_STRESS,High Stress,1107.6
1,41,Flowering & Pegging,51.91,20.15,23.33,71.88,0.0,0.738,NORMAL,Normal,2974.6
3,97,Maturation,61.18,18.63,24.52,53.43,22.0,0.801,NORMAL,Normal,3050.9
4,70,Pod Development,46.85,29.76,34.86,71.11,0.0,0.617,HEAT_STRESS,Moderate Stress,1689.7
4,62,Flowering & Pegging,54.81,24.74,29.55,58.92,0.0,0.788,NORMAL,Normal,3014.0
1,100,Maturation,57.31,20.49,24.79,58.86,0.0,0.72,NORMAL,Normal,2872.5
5,82,Pod Development,28.85,34.39,35.93,43.25,0.0,0.544,HEAT_STRESS,High Stress,700.0
5,16,Vegetative,20.37,36.67,38.38,25.16,0.0,0.668,COMBINED_STRESS,High Stress,700.0
4,59,Flowering & Pegging,49.78,21.06,25.14,75.35,4.0,0.785,NORMAL,Normal,3039.3
5,85,Pod Development,52.07,20.58,24.86,59.77,0.0,0.895,NORMAL,Normal,3139.7
2,42,Flowering & Pegging,12.14,37.41,36.1,50.16,0.0,0.826,COMBINED_STRESS,High Stress,700.0
3,46,Flowering & Pegging,19.7,36.49,37.94,51.63,0.0,0.762,COMBINED_STRESS,High Stress,700.0
2,31,Vegetative,15.72,40.0,39.45,37.54,0.0,0.663,COMBINED_STRESS,High Stress,700.0
5,48,Flowering & Pegging,48.21,24.89,28.08,55.25,0.0,0.86,NORMAL,Normal,3188.7
6,38,Flowering & Pegging,26.44,40.0,42.04,27.92,0.0,0.818,HEAT_STRESS,High Stress,700.0
1,39,Flowering & Pegging,43.73,33.12,36.65,37.27,0.0,0.7,HEAT_STRESS,High Stress,1142.6
4,45,Flowering & Pegging,55.25,18.99,21.43,72.55,22.0,0.768,NORMAL,Normal,2623.5
